{
    "name": "",
    "pathLength": 39.561,
    "pathLengthWeighted": 39.561,
    "time": 18.29999999999999,
    "timeWeighted": 18.29999999999999,
    "collision": 0.0,
    "collisionWeighted": 0.0,
    "stopTrigger": 0.0,
    "stopTriggerWeighted": 0.0,
    "dimension": [
        5.0,
        2.0
    ],
    "timeSteps": [
        0.0,
        0.1,
        0.2,
        0.30000000000000004,
        0.4,
        0.5,
        0.6000000000000001,
        0.7000000000000001,
        0.8,
        0.9,
        1.0,
        1.1,
        1.2000000000000002,
        1.3,
        1.4000000000000001,
        1.5,
        1.6,
        1.7000000000000002,
        1.8,
        1.9000000000000001,
        2.0,
        2.1,
        2.2,
        2.3000000000000003,
        2.4000000000000004,
        2.5,
        2.6,
        2.7,
        2.8000000000000003,
        2.9000000000000004,
        3.0,
        3.1,
        3.2,
        3.3000000000000003,
        3.4000000000000004,
        3.5,
        3.6,
        3.7,
        3.8000000000000003,
        3.9000000000000004,
        4.0,
        4.1000000000000005,
        4.2,
        4.3,
        4.4,
        4.5,
        4.6000000000000005,
        4.7,
        4.800000000000001,
        4.9,
        5.0,
        5.1000000000000005,
        5.2,
        5.300000000000001,
        5.4,
        5.5,
        5.6000000000000005,
        5.7,
        5.800000000000001,
        5.9,
        6.0,
        6.1000000000000005,
        6.2,
        6.300000000000001,
        6.4,
        6.5,
        6.6000000000000005,
        6.7,
        6.800000000000001,
        6.9,
        7.0,
        7.1000000000000005,
        7.2,
        7.300000000000001,
        7.4,
        7.5,
        7.6000000000000005,
        7.7,
        7.800000000000001,
        7.9,
        8.0,
        8.1,
        8.200000000000001,
        8.3,
        8.4,
        8.5,
        8.6,
        8.700000000000001,
        8.8,
        8.9,
        9.0,
        9.1,
        9.200000000000001,
        9.3,
        9.4,
        9.5,
        9.600000000000001,
        9.700000000000001,
        9.8,
        9.9,
        10.0,
        10.100000000000001,
        10.200000000000001,
        10.3,
        10.4,
        10.5,
        10.600000000000001,
        10.700000000000001,
        10.8,
        10.9,
        11.0,
        11.100000000000001,
        11.200000000000001,
        11.3,
        11.4,
        11.5,
        11.600000000000001,
        11.700000000000001,
        11.8,
        11.9,
        12.0,
        12.100000000000001,
        12.200000000000001,
        12.3,
        12.4,
        12.5,
        12.600000000000001,
        12.700000000000001,
        12.8,
        12.9,
        13.0,
        13.100000000000001,
        13.200000000000001,
        13.3,
        13.4,
        13.5,
        13.600000000000001,
        13.700000000000001,
        13.8,
        13.9,
        14.0,
        14.100000000000001,
        14.200000000000001,
        14.3,
        14.4,
        14.5,
        14.600000000000001,
        14.700000000000001,
        14.8,
        14.9,
        15.0,
        15.100000000000001,
        15.200000000000001,
        15.3,
        15.4,
        15.5,
        15.600000000000001,
        15.700000000000001,
        15.8,
        15.9,
        16.0,
        16.1,
        16.2,
        16.3,
        16.400000000000002,
        16.5,
        16.6,
        16.7,
        16.8,
        16.900000000000002,
        17.0,
        17.1,
        17.2,
        17.3,
        17.400000000000002,
        17.5,
        17.6,
        17.7,
        17.8,
        17.900000000000002,
        18.0,
        18.1,
        18.2
    ],
    "position": [
        [
            0.0,
            -5.0
        ],
        [
            0.0,
            -5.0
        ],
        [
            0.0,
            -5.0
        ],
        [
            0.0,
            -5.0
        ],
        [
            0.0,
            -5.0
        ],
        [
            0.0,
            -5.0
        ],
        [
            0.0,
            -5.0
        ],
        [
            0.0,
            -5.0
        ],
        [
            0.0,
            -5.0
        ],
        [
            0.0,
            -5.0
        ],
        [
            0.004000000000000001,
            -5.0
        ],
        [
            0.018000000000000002,
            -5.0
        ],
        [
            0.03900000000000001,
            -5.0
        ],
        [
            0.064,
            -5.0
        ],
        [
            0.094,
            -5.0
        ],
        [
            0.131,
            -5.0
        ],
        [
            0.17400000000000002,
            -5.0
        ],
        [
            0.22200000000000003,
            -5.0
        ],
        [
            0.276,
            -5.0
        ],
        [
            0.337,
            -5.0
        ],
        [
            0.405,
            -5.0
        ],
        [
            0.48000000000000004,
            -5.0
        ],
        [
            0.5630000000000001,
            -5.0
        ],
        [
            0.655,
            -5.0
        ],
        [
            0.756,
            -5.0
        ],
        [
            0.866,
            -5.0
        ],
        [
            0.985,
            -5.0
        ],
        [
            1.1139999999999999,
            -5.0
        ],
        [
            1.253,
            -5.0
        ],
        [
            1.402,
            -5.0
        ],
        [
            1.5619999999999998,
            -5.0
        ],
        [
            1.7329999999999999,
            -5.0
        ],
        [
            1.915,
            -5.0
        ],
        [
            2.109,
            -5.0
        ],
        [
            2.315,
            -5.0
        ],
        [
            2.533,
            -5.0
        ],
        [
            2.763,
            -5.0
        ],
        [
            3.006,
            -5.0
        ],
        [
            3.262,
            -5.0
        ],
        [
            3.531,
            -5.0
        ],
        [
            3.8120000000000003,
            -5.0
        ],
        [
            4.104,
            -5.0
        ],
        [
            4.407,
            -5.0
        ],
        [
            4.722,
            -5.0
        ],
        [
            5.048,
            -5.0
        ],
        [
            5.384,
            -5.0
        ],
        [
            5.73,
            -5.0
        ],
        [
            6.086,
            -5.0
        ],
        [
            6.4510000000000005,
            -5.0
        ],
        [
            6.824000000000001,
            -5.0
        ],
        [
            7.205000000000001,
            -5.0
        ],
        [
            7.593000000000001,
            -5.0
        ],
        [
            7.987000000000001,
            -5.0
        ],
        [
            8.387,
            -5.0
        ],
        [
            8.793000000000001,
            -5.0
        ],
        [
            9.204,
            -5.0
        ],
        [
            9.618,
            -5.0
        ],
        [
            10.035,
            -5.0
        ],
        [
            10.455,
            -5.0
        ],
        [
            10.877,
            -5.0
        ],
        [
            11.3,
            -5.0
        ],
        [
            11.723,
            -5.0
        ],
        [
            12.146,
            -5.0
        ],
        [
            12.569,
            -5.0
        ],
        [
            12.992,
            -5.0
        ],
        [
            13.415000000000001,
            -5.0
        ],
        [
            13.838000000000001,
            -5.0
        ],
        [
            14.260000000000002,
            -5.0
        ],
        [
            14.675,
            -5.0
        ],
        [
            15.081000000000001,
            -5.0
        ],
        [
            15.48,
            -5.0
        ],
        [
            15.872,
            -5.0
        ],
        [
            16.255,
            -5.0
        ],
        [
            16.628,
            -5.0
        ],
        [
            16.991,
            -5.0
        ],
        [
            17.343,
            -5.0
        ],
        [
            17.683,
            -5.0
        ],
        [
            18.011,
            -5.0
        ],
        [
            18.326999999999998,
            -5.0
        ],
        [
            18.63,
            -5.0
        ],
        [
            18.919,
            -5.0
        ],
        [
            19.194,
            -5.0
        ],
        [
            19.455,
            -5.0
        ],
        [
            19.700999999999997,
            -5.0
        ],
        [
            19.929999999999996,
            -5.0
        ],
        [
            20.140999999999995,
            -5.0
        ],
        [
            20.331999999999994,
            -5.0
        ],
        [
            20.495999999999995,
            -5.0
        ],
        [
            20.632999999999996,
            -5.0
        ],
        [
            20.767999999999997,
            -5.0
        ],
        [
            20.903,
            -5.0
        ],
        [
            21.026,
            -5.0
        ],
        [
            21.136,
            -5.0
        ],
        [
            21.24,
            -5.0
        ],
        [
            21.34,
            -5.0
        ],
        [
            21.433,
            -5.0
        ],
        [
            21.519,
            -5.0
        ],
        [
            21.599999999999998,
            -5.0
        ],
        [
            21.676,
            -5.0
        ],
        [
            21.747,
            -5.0
        ],
        [
            21.813,
            -5.0
        ],
        [
            21.875,
            -5.0
        ],
        [
            21.933,
            -5.0
        ],
        [
            21.987,
            -5.0
        ],
        [
            22.037999999999997,
            -5.0
        ],
        [
            22.085999999999995,
            -5.0
        ],
        [
            22.130999999999993,
            -5.0
        ],
        [
            22.172999999999995,
            -5.0
        ],
        [
            22.212999999999994,
            -5.0
        ],
        [
            22.250999999999994,
            -5.0
        ],
        [
            22.286999999999995,
            -5.0
        ],
        [
            22.320999999999994,
            -5.0
        ],
        [
            22.352999999999994,
            -5.0
        ],
        [
            22.382999999999996,
            -5.0
        ],
        [
            22.410999999999994,
            -5.0
        ],
        [
            22.437999999999995,
            -5.0
        ],
        [
            22.463999999999995,
            -5.0
        ],
        [
            22.487999999999996,
            -5.0
        ],
        [
            22.509999999999994,
            -5.0
        ],
        [
            22.530999999999995,
            -5.0
        ],
        [
            22.550999999999995,
            -5.0
        ],
        [
            22.569999999999993,
            -5.0
        ],
        [
            22.58899999999999,
            -5.0
        ],
        [
            22.60899999999999,
            -5.0
        ],
        [
            22.63699999999999,
            -5.0
        ],
        [
            22.67199999999999,
            -5.0
        ],
        [
            22.70999999999999,
            -5.0
        ],
        [
            22.75099999999999,
            -5.0
        ],
        [
            22.79699999999999,
            -5.0
        ],
        [
            22.84899999999999,
            -5.0
        ],
        [
            22.905999999999988,
            -5.0
        ],
        [
            22.96799999999999,
            -5.0
        ],
        [
            23.03599999999999,
            -5.0
        ],
        [
            23.109999999999992,
            -5.0
        ],
        [
            23.18999999999999,
            -5.0
        ],
        [
            23.27699999999999,
            -5.0
        ],
        [
            23.37199999999999,
            -5.0
        ],
        [
            23.47499999999999,
            -5.0
        ],
        [
            23.58699999999999,
            -5.0
        ],
        [
            23.70699999999999,
            -5.0
        ],
        [
            23.83499999999999,
            -5.0
        ],
        [
            23.972999999999992,
            -5.0
        ],
        [
            24.12099999999999,
            -5.0
        ],
        [
            24.278999999999993,
            -5.0
        ],
        [
            24.446999999999992,
            -5.0
        ],
        [
            24.62599999999999,
            -5.0
        ],
        [
            24.816999886874058,
            -4.99979212000109
        ],
        [
            25.018999543483808,
            -4.999419655852193
        ],
        [
            25.231998800923684,
            -4.998857223579047
        ],
        [
            25.456998676661787,
            -4.998620754050035
        ],
        [
            25.69499867358387,
            -4.998582477585284
        ],
        [
            25.944998598659424,
            -4.998776029177154
        ],
        [
            26.206998195580827,
            -4.999235608356586
        ],
        [
            26.481997130895778,
            -5.000000837501033
        ],
        [
            26.769994985565248,
            -5.001112460541002
        ],
        [
            27.070991244728425,
            -5.002613116988591
        ],
        [
            27.384985287306733,
            -5.004547341725346
        ],
        [
            27.71297633883361,
            -5.006970174425743
        ],
        [
            28.054963497257656,
            -5.009933866893841
        ],
        [
            28.410955775609533,
            -5.012278595842035
        ],
        [
            28.78095076837572,
            -5.014203518684235
        ],
        [
            29.164948044843495,
            -5.015649777765842
        ],
        [
            29.562947012414163,
            -5.016556316613267
        ],
        [
            29.974946900580512,
            -5.016859880307715
        ],
        [
            30.400946744329293,
            -5.016495015929924
        ],
        [
            30.840945366969006,
            -5.015394073081965
        ],
        [
            31.295941346411766,
            -5.01348130259823
        ],
        [
            31.76593789942109,
            -5.011681258334181
        ],
        [
            32.2499343497541,
            -5.009827595730352
        ],
        [
            32.74793069741079,
            -5.007920314786743
        ],
        [
            33.260926935057135,
            -5.00595558562194
        ],
        [
            33.78692307736119,
            -5.003941067998771
        ],
        [
            34.31291921966524,
            -5.001926550375602
        ],
        [
            34.83891536196929,
            -4.999912032752433
        ],
        [
            35.36590531474145,
            -4.996657854330141
        ],
        [
            35.89288782969326,
            -4.992364960776319
        ],
        [
            36.41986085948384,
            -4.987033368768972
        ],
        [
            36.946822356809164,
            -4.980663099021474
        ],
        [
            37.47377027440999,
            -4.973254176282491
        ],
        [
            38.00073638943086,
            -4.967278088949358
        ],
        [
            38.52752122955294,
            -4.982335718827918
        ],
        [
            39.0533318717012,
            -4.9964484295397
        ],
        [
            39.5603161251252,
            -5.0004442748956714
        ]
    ],
    "orientation": [
        0.0,
        0.0,
        0.0,
        0.0,
        0.0,
        0.0,
        0.0,
        0.0,
        0.0,
        0.0,
        0.0,
        0.0,
        0.0,
        0.0,
        0.0,
        0.0,
        0.0,
        0.0,
        0.0,
        0.0,
        0.0,
        0.0,
        0.0,
        0.0,
        0.0,
        0.0,
        0.0,
        0.0,
        0.0,
        0.0,
        0.0,
        0.0,
        0.0,
        0.0,
        0.0,
        0.0,
        0.0,
        0.0,
        0.0,
        0.0,
        0.0,
        0.0,
        0.0,
        0.0,
        0.0,
        0.0,
        0.0,
        0.0,
        0.0,
        0.0,
        0.0,
        0.0,
        0.0,
        0.0,
        0.0,
        0.0,
        0.0,
        0.0,
        0.0,
        0.0,
        0.0,
        0.0,
        0.0,
        0.0,
        0.0,
        0.0,
        0.0,
        0.0,
        0.0,
        0.0,
        0.0,
        0.0,
        0.0,
        0.0,
        0.0,
        0.0,
        0.0,
        0.0,
        0.0,
        0.0,
        0.0,
        0.0,
        0.0,
        0.0,
        0.0,
        0.0,
        0.0,
        0.0,
        0.0,
        0.0,
        0.0,
        0.0,
        0.0,
        0.0,
        0.0,
        0.0,
        0.0,
        0.0,
        0.0,
        0.0,
        0.0,
        0.0,
        0.0,
        0.0,
        0.0,
        0.0,
        0.0,
        0.0,
        0.0,
        0.0,
        0.0,
        0.0,
        0.0,
        0.0,
        0.0,
        0.0,
        0.0,
        0.0,
        0.0,
        0.0,
        0.0,
        0.0,
        0.0,
        0.0,
        0.0,
        0.0,
        0.0,
        0.0,
        0.0,
        0.0,
        0.0,
        0.0,
        0.0,
        0.0,
        0.0,
        0.0,
        0.0,
        0.0,
        0.0,
        0.0,
        0.0,
        0.0,
        0.0,
        0.0,
        0.0,
        0.0,
        0.0007143643927349242,
        0.0014698701902870427,
        0.0022665173926563567,
        0.0014249886577591946,
        0.0005348382626235304,
        -0.00040019366503998296,
        -0.001380107125231345,
        -0.002408642245661209,
        -0.0034857990263295765,
        -0.004611577467236446,
        -0.005785977568381819,
        -0.007012739457476349,
        -0.008291863134520034,
        -0.006960377669527191,
        -0.005576530416585192,
        -0.004140321375694036,
        -0.0026517505468537234,
        -0.0011108179300642533,
        0.0004824764746743733,
        0.002128132667362156,
        0.0038298907757097498,
        0.0038298907757097498,
        0.0038298907757097498,
        0.0038298907757097498,
        0.0038298907757097498,
        0.0038298907757097498,
        0.0038298907757097498,
        0.0038298907757097498,
        0.0058009380792244354,
        0.007771985382739121,
        0.009743032686253808,
        0.011714079989768493,
        0.01368512729328318,
        0.011714079989768495,
        -0.02215031597509587,
        -0.026085361058399998,
        -0.010880436753959725
    ],
    "velocity": [
        0.0,
        0.0,
        0.0,
        0.0,
        0.0,
        0.0,
        0.0,
        0.0,
        0.0,
        0.0,
        0.04000000000000001,
        0.14,
        0.21000000000000002,
        0.25,
        0.3,
        0.37,
        0.43,
        0.48,
        0.54,
        0.61,
        0.6799999999999999,
        0.7499999999999999,
        0.8299999999999998,
        0.9199999999999998,
        1.0099999999999998,
        1.0999999999999999,
        1.19,
        1.29,
        1.3900000000000001,
        1.4900000000000002,
        1.6000000000000003,
        1.7100000000000004,
        1.8200000000000005,
        1.9400000000000004,
        2.0600000000000005,
        2.1800000000000006,
        2.3000000000000007,
        2.4300000000000006,
        2.5600000000000005,
        2.6900000000000004,
        2.8100000000000005,
        2.9200000000000004,
        3.0300000000000002,
        3.1500000000000004,
        3.2600000000000002,
        3.3600000000000003,
        3.4600000000000004,
        3.5600000000000005,
        3.6500000000000004,
        3.7300000000000004,
        3.8100000000000005,
        3.8800000000000003,
        3.9400000000000004,
        4.0,
        4.06,
        4.109999999999999,
        4.14,
        4.17,
        4.2,
        4.22,
        4.2299999999999995,
        4.2299999999999995,
        4.2299999999999995,
        4.2299999999999995,
        4.2299999999999995,
        4.2299999999999995,
        4.2299999999999995,
        4.22,
        4.1499999999999995,
        4.06,
        3.9899999999999998,
        3.92,
        3.83,
        3.73,
        3.63,
        3.52,
        3.4,
        3.28,
        3.1599999999999997,
        3.03,
        2.8899999999999997,
        2.7499999999999996,
        2.6099999999999994,
        2.4599999999999995,
        2.2899999999999996,
        2.1099999999999994,
        1.9099999999999995,
        1.6399999999999995,
        1.3699999999999994,
        1.3499999999999994,
        1.3499999999999994,
        1.2299999999999995,
        1.0999999999999996,
        1.0399999999999996,
        0.9999999999999996,
        0.9299999999999996,
        0.8599999999999997,
        0.8099999999999996,
        0.7599999999999996,
        0.7099999999999995,
        0.6599999999999995,
        0.6199999999999994,
        0.5799999999999994,
        0.5399999999999994,
        0.5099999999999993,
        0.4799999999999993,
        0.4499999999999993,
        0.41999999999999926,
        0.39999999999999925,
        0.3799999999999992,
        0.3599999999999992,
        0.3399999999999992,
        0.3199999999999992,
        0.29999999999999916,
        0.27999999999999914,
        0.26999999999999913,
        0.2599999999999991,
        0.2399999999999991,
        0.21999999999999909,
        0.20999999999999908,
        0.19999999999999907,
        0.18999999999999906,
        0.18999999999999906,
        0.19999999999999907,
        0.2799999999999991,
        0.3499999999999991,
        0.3799999999999991,
        0.40999999999999914,
        0.45999999999999913,
        0.5199999999999991,
        0.5699999999999992,
        0.6199999999999992,
        0.6799999999999993,
        0.7399999999999993,
        0.7999999999999994,
        0.8699999999999993,
        0.9499999999999993,
        1.0299999999999994,
        1.1199999999999994,
        1.1999999999999995,
        1.2799999999999996,
        1.3799999999999997,
        1.4799999999999998,
        1.5799999999999998,
        1.68,
        1.79,
        1.9100000000000001,
        2.02,
        2.13,
        2.25,
        2.38,
        2.5,
        2.62,
        2.75,
        2.88,
        3.01,
        3.1399999999999997,
        3.28,
        3.42,
        3.56,
        3.7,
        3.8400000000000003,
        3.9800000000000004,
        4.12,
        4.26,
        4.3999999999999995,
        4.55,
        4.7,
        4.84,
        4.9799999999999995,
        5.13,
        5.26,
        5.26,
        5.26,
        5.27,
        5.27,
        5.27,
        5.27,
        5.27,
        5.27,
        5.27,
        5.26,
        5.069999999999999
    ],
    "acceleration": [
        0.0,
        0.0,
        0.0,
        0.0,
        0.0,
        0.0,
        0.0,
        0.0,
        0.0,
        0.4000000000000001,
        1.0,
        0.7000000000000001,
        0.3999999999999998,
        0.4999999999999999,
        0.7000000000000001,
        0.6,
        0.4999999999999999,
        0.6000000000000005,
        0.6999999999999995,
        0.6999999999999995,
        0.6999999999999995,
        0.7999999999999996,
        0.8999999999999997,
        0.8999999999999997,
        0.9000000000000008,
        0.9000000000000008,
        1.0000000000000009,
        1.0000000000000009,
        1.0000000000000009,
        1.100000000000001,
        1.100000000000001,
        1.100000000000001,
        1.1999999999999988,
        1.200000000000001,
        1.200000000000001,
        1.200000000000001,
        1.299999999999999,
        1.299999999999999,
        1.299999999999999,
        1.200000000000001,
        1.0999999999999988,
        1.0999999999999988,
        1.200000000000001,
        1.0999999999999988,
        1.0000000000000009,
        1.0000000000000009,
        1.0000000000000009,
        0.8999999999999986,
        0.8000000000000007,
        0.8000000000000007,
        0.6999999999999984,
        0.6000000000000005,
        0.5999999999999961,
        0.5999999999999961,
        0.4999999999999982,
        0.3000000000000025,
        0.3000000000000025,
        0.3000000000000025,
        0.19999999999999574,
        0.09999999999999787,
        0.0,
        0.0,
        0.0,
        0.0,
        0.0,
        0.0,
        -0.09999999999999787,
        -0.7000000000000028,
        -0.8999999999999986,
        -0.6999999999999984,
        -0.6999999999999984,
        -0.8999999999999986,
        -1.0000000000000009,
        -1.0000000000000009,
        -1.0999999999999988,
        -1.200000000000001,
        -1.200000000000001,
        -1.200000000000001,
        -1.299999999999999,
        -1.4000000000000012,
        -1.4000000000000012,
        -1.4000000000000012,
        -1.4999999999999991,
        -1.6999999999999993,
        -1.8000000000000016,
        -1.9999999999999996,
        -2.7,
        -2.7,
        -0.20000000000000018,
        0.0,
        -1.1999999999999988,
        -1.299999999999999,
        -0.6000000000000005,
        -0.40000000000000036,
        -0.6999999999999995,
        -0.6999999999999995,
        -0.5000000000000004,
        -0.5000000000000004,
        -0.5000000000000004,
        -0.5000000000000004,
        -0.40000000000000036,
        -0.40000000000000036,
        -0.40000000000000036,
        -0.30000000000000027,
        -0.30000000000000027,
        -0.30000000000000027,
        -0.30000000000000027,
        -0.20000000000000018,
        -0.20000000000000018,
        -0.20000000000000018,
        -0.20000000000000018,
        -0.20000000000000018,
        -0.20000000000000018,
        -0.20000000000000018,
        -0.10000000000000009,
        -0.10000000000000009,
        -0.20000000000000018,
        -0.20000000000000018,
        -0.10000000000000009,
        -0.10000000000000009,
        -0.10000000000000009,
        0.0,
        0.10000000000000009,
        0.8000000000000002,
        0.7000000000000001,
        0.30000000000000027,
        0.30000000000000027,
        0.4999999999999999,
        0.6,
        0.5000000000000004,
        0.5000000000000004,
        0.6000000000000005,
        0.6000000000000005,
        0.6000000000000005,
        0.6999999999999995,
        0.7999999999999996,
        0.8000000000000007,
        0.9000000000000008,
        0.8000000000000007,
        0.8000000000000007,
        1.0000000000000009,
        1.0000000000000009,
        1.0000000000000009,
        1.0000000000000009,
        1.100000000000001,
        1.200000000000001,
        1.0999999999999988,
        1.0999999999999988,
        1.200000000000001,
        1.299999999999999,
        1.200000000000001,
        1.200000000000001,
        1.299999999999999,
        1.299999999999999,
        1.299999999999999,
        1.299999999999999,
        1.4000000000000012,
        1.4000000000000012,
        1.4000000000000012,
        1.4000000000000012,
        1.4000000000000012,
        1.4000000000000012,
        1.3999999999999968,
        1.3999999999999968,
        1.3999999999999968,
        1.5000000000000036,
        1.5000000000000036,
        1.3999999999999968,
        1.3999999999999968,
        1.5000000000000036,
        1.299999999999999,
        0.0,
        0.0,
        0.09999999999999787,
        0.0,
        0.0,
        0.0,
        0.0,
        0.0,
        0.0,
        -0.09999999999999787,
        -1.900000000000004
    ],
    "accelerationCost": 154.98999999999998,
    "accelerationCostWeighted": 154.98999999999998,
    "jerk": [
        0.0,
        0.0,
        0.0,
        0.0,
        0.0,
        0.0,
        0.0,
        0.0,
        4.000000000000001,
        5.999999999999998,
        -2.999999999999999,
        -3.0000000000000027,
        1.0000000000000009,
        2.0000000000000018,
        -1.0000000000000009,
        -1.0000000000000009,
        1.0000000000000064,
        0.9999999999999898,
        0.0,
        0.0,
        1.0000000000000009,
        1.0000000000000009,
        0.0,
        1.1102230246251565e-14,
        0.0,
        1.0000000000000009,
        0.0,
        0.0,
        1.0000000000000009,
        0.0,
        0.0,
        0.9999999999999787,
        2.220446049250313e-14,
        0.0,
        0.0,
        0.9999999999999787,
        0.0,
        0.0,
        -0.9999999999999787,
        -1.000000000000023,
        0.0,
        1.000000000000023,
        -1.000000000000023,
        -0.9999999999999787,
        0.0,
        0.0,
        -1.000000000000023,
        -0.9999999999999787,
        0.0,
        -1.000000000000023,
        -0.9999999999999787,
        -4.440892098500626e-14,
        0.0,
        -0.9999999999999787,
        -1.9999999999999574,
        0.0,
        0.0,
        -1.0000000000000675,
        -0.9999999999999787,
        -0.9999999999999787,
        0.0,
        0.0,
        0.0,
        0.0,
        0.0,
        -0.9999999999999787,
        -6.00000000000005,
        -1.9999999999999574,
        2.0000000000000018,
        0.0,
        -2.0000000000000018,
        -1.000000000000023,
        0.0,
        -0.9999999999999787,
        -1.000000000000023,
        0.0,
        0.0,
        -0.9999999999999787,
        -1.000000000000023,
        0.0,
        0.0,
        -0.9999999999999787,
        -2.0000000000000018,
        -1.000000000000023,
        -1.9999999999999796,
        -7.000000000000006,
        0.0,
        25.0,
        2.0000000000000018,
        -11.999999999999988,
        -1.0000000000000009,
        6.999999999999984,
        2.0000000000000018,
        -2.9999999999999916,
        0.0,
        1.9999999999999907,
        0.0,
        0.0,
        0.0,
        1.0000000000000009,
        0.0,
        0.0,
        1.0000000000000009,
        0.0,
        0.0,
        0.0,
        1.0000000000000009,
        0.0,
        0.0,
        0.0,
        0.0,
        0.0,
        0.0,
        1.0000000000000009,
        0.0,
        -1.0000000000000009,
        0.0,
        1.0000000000000009,
        0.0,
        0.0,
        1.0000000000000009,
        1.0000000000000009,
        7.0,
        -1.0000000000000009,
        -3.999999999999998,
        0.0,
        1.9999999999999962,
        1.0000000000000009,
        -0.9999999999999953,
        0.0,
        1.0000000000000009,
        0.0,
        0.0,
        0.9999999999999898,
        1.0000000000000009,
        1.1102230246251565e-14,
        1.0000000000000009,
        -1.0000000000000009,
        0.0,
        2.0000000000000018,
        0.0,
        0.0,
        0.0,
        1.0000000000000009,
        1.0000000000000009,
        -1.000000000000023,
        0.0,
        1.000000000000023,
        0.9999999999999787,
        -0.9999999999999787,
        0.0,
        0.9999999999999787,
        0.0,
        0.0,
        0.0,
        1.000000000000023,
        0.0,
        0.0,
        0.0,
        0.0,
        0.0,
        -4.440892098500626e-14,
        0.0,
        0.0,
        1.0000000000000675,
        0.0,
        -1.0000000000000675,
        0.0,
        1.0000000000000675,
        -2.000000000000046,
        -12.99999999999999,
        0.0,
        0.9999999999999787,
        -0.9999999999999787,
        0.0,
        0.0,
        0.0,
        0.0,
        0.0,
        -0.9999999999999787,
        -18.00000000000006
    ],
    "jerkCost": 1655.0000000000027,
    "jerkCostWeighted": 165.50000000000028,
    "steeringAngle": [
        0.0,
        0.0,
        0.0,
        0.0,
        0.0,
        0.0,
        0.0,
        0.0,
        0.0,
        0.0,
        0.0,
        0.0,
        0.0,
        0.0,
        0.0,
        0.0,
        0.0,
        0.0,
        0.0,
        0.0,
        0.0,
        0.0,
        0.0,
        0.0,
        0.0,
        0.0,
        0.0,
        0.0,
        0.0,
        0.0,
        0.0,
        0.0,
        0.0,
        0.0,
        0.0,
        0.0,
        0.0,
        0.0,
        0.0,
        0.0,
        0.0,
        0.0,
        0.0,
        0.0,
        0.0,
        0.0,
        0.0,
        0.0,
        0.0,
        0.0,
        0.0,
        0.0,
        0.0,
        0.0,
        0.0,
        0.0,
        0.0,
        0.0,
        0.0,
        0.0,
        0.0,
        0.0,
        0.0,
        0.0,
        0.0,
        0.0,
        0.0,
        0.0,
        0.0,
        0.0,
        0.0,
        0.0,
        0.0,
        0.0,
        0.0,
        0.0,
        0.0,
        0.0,
        0.0,
        0.0,
        0.0,
        0.0,
        0.0,
        0.0,
        0.0,
        0.0,
        0.0,
        0.0,
        0.0,
        0.0,
        0.0,
        0.0,
        0.0,
        0.0,
        0.0,
        0.0,
        0.0,
        0.0,
        0.0,
        0.0,
        0.0,
        0.0,
        0.0,
        0.0,
        0.0,
        0.0,
        0.0,
        0.0,
        0.0,
        0.0,
        0.0,
        0.0,
        0.0,
        0.0,
        0.0,
        0.0,
        0.0,
        0.0,
        0.0,
        0.0,
        0.0,
        0.0,
        0.0,
        0.0,
        0.0,
        0.0,
        0.0,
        0.0,
        0.0,
        0.0,
        0.0,
        0.0,
        0.0,
        0.0,
        0.0,
        0.0,
        0.0,
        0.0,
        0.0,
        0.0,
        0.0,
        0.0,
        0.0,
        0.0,
        0.0,
        0.0,
        0.6000000238418579,
        0.6000000238418579,
        0.6000000238418579,
        -0.6000000238418579,
        -0.6000000238418579,
        -0.6000000238418579,
        -0.6000000238418579,
        -0.6000000238418579,
        -0.6000000238418579,
        -0.6000000238418579,
        -0.6000000238418579,
        -0.6000000238418579,
        -0.6000000238418579,
        0.6000000238418579,
        0.6000000238418579,
        0.6000000238418579,
        0.6000000238418579,
        0.6000000238418579,
        0.6000000238418579,
        0.6000000238418579,
        0.6000000238418579,
        0.0,
        0.0,
        0.0,
        0.0,
        0.0,
        0.0,
        0.0,
        0.6000000238418579,
        0.6000000238418579,
        0.6000000238418579,
        0.6000000238418579,
        0.6000000238418579,
        -0.6000000238418579,
        -10.199999809265137,
        -1.2000000476837158,
        4.800000190734863
    ],
    "steeringAngleCost": 0.04211031175399247,
    "steeringAngleCostWeighted": 0.04211031175399247,
    "steeringRate": [
        0.0,
        0.0,
        0.0,
        0.0,
        0.0,
        0.0,
        0.0,
        0.0,
        0.0,
        0.0,
        0.0,
        0.0,
        0.0,
        0.0,
        0.0,
        0.0,
        0.0,
        0.0,
        0.0,
        0.0,
        0.0,
        0.0,
        0.0,
        0.0,
        0.0,
        0.0,
        0.0,
        0.0,
        0.0,
        0.0,
        0.0,
        0.0,
        0.0,
        0.0,
        0.0,
        0.0,
        0.0,
        0.0,
        0.0,
        0.0,
        0.0,
        0.0,
        0.0,
        0.0,
        0.0,
        0.0,
        0.0,
        0.0,
        0.0,
        0.0,
        0.0,
        0.0,
        0.0,
        0.0,
        0.0,
        0.0,
        0.0,
        0.0,
        0.0,
        0.0,
        0.0,
        0.0,
        0.0,
        0.0,
        0.0,
        0.0,
        0.0,
        0.0,
        0.0,
        0.0,
        0.0,
        0.0,
        0.0,
        0.0,
        0.0,
        0.0,
        0.0,
        0.0,
        0.0,
        0.0,
        0.0,
        0.0,
        0.0,
        0.0,
        0.0,
        0.0,
        0.0,
        0.0,
        0.0,
        0.0,
        0.0,
        0.0,
        0.0,
        0.0,
        0.0,
        0.0,
        0.0,
        0.0,
        0.0,
        0.0,
        0.0,
        0.0,
        0.0,
        0.0,
        0.0,
        0.0,
        0.0,
        0.0,
        0.0,
        0.0,
        0.0,
        0.0,
        0.0,
        0.0,
        0.0,
        0.0,
        0.0,
        0.0,
        0.0,
        0.0,
        0.0,
        0.0,
        0.0,
        0.0,
        0.0,
        0.0,
        0.0,
        0.0,
        0.0,
        0.0,
        0.0,
        0.0,
        0.0,
        0.0,
        0.0,
        0.0,
        0.0,
        0.0,
        0.0,
        0.0,
        0.0,
        0.0,
        0.0,
        0.0,
        0.0,
        6.000000238418579,
        0.0,
        0.0,
        -12.000000476837158,
        0.0,
        0.0,
        0.0,
        0.0,
        0.0,
        0.0,
        0.0,
        0.0,
        0.0,
        12.000000476837158,
        0.0,
        0.0,
        0.0,
        0.0,
        0.0,
        0.0,
        0.0,
        -6.000000238418579,
        0.0,
        0.0,
        0.0,
        0.0,
        0.0,
        0.0,
        6.000000238418579,
        0.0,
        0.0,
        0.0,
        0.0,
        -12.000000476837158,
        -95.99999785423279,
        89.99999761581421,
        60.00000238418579
    ],
    "steeringRateCost": 6.535871202942004,
    "steeringRateCostWeighted": 6.535871202942004,
    "yawRate": [
        0.0,
        0.0,
        0.0,
        0.0,
        0.0,
        0.0,
        0.0,
        0.0,
        0.0,
        0.0,
        0.0,
        0.0,
        0.0,
        0.0,
        0.0,
        0.0,
        0.0,
        0.0,
        0.0,
        0.0,
        0.0,
        0.0,
        0.0,
        0.0,
        0.0,
        0.0,
        0.0,
        0.0,
        0.0,
        0.0,
        0.0,
        0.0,
        0.0,
        0.0,
        0.0,
        0.0,
        0.0,
        0.0,
        0.0,
        0.0,
        0.0,
        0.0,
        0.0,
        0.0,
        0.0,
        0.0,
        0.0,
        0.0,
        0.0,
        0.0,
        0.0,
        0.0,
        0.0,
        0.0,
        0.0,
        0.0,
        0.0,
        0.0,
        0.0,
        0.0,
        0.0,
        0.0,
        0.0,
        0.0,
        0.0,
        0.0,
        0.0,
        0.0,
        0.0,
        0.0,
        0.0,
        0.0,
        0.0,
        0.0,
        0.0,
        0.0,
        0.0,
        0.0,
        0.0,
        0.0,
        0.0,
        0.0,
        0.0,
        0.0,
        0.0,
        0.0,
        0.0,
        0.0,
        0.0,
        0.0,
        0.0,
        0.0,
        0.0,
        0.0,
        0.0,
        0.0,
        0.0,
        0.0,
        0.0,
        0.0,
        0.0,
        0.0,
        0.0,
        0.0,
        0.0,
        0.0,
        0.0,
        0.0,
        0.0,
        0.0,
        0.0,
        0.0,
        0.0,
        0.0,
        0.0,
        0.0,
        0.0,
        0.0,
        0.0,
        0.0,
        0.0,
        0.0,
        0.0,
        0.0,
        0.0,
        0.0,
        0.0,
        0.0,
        0.0,
        0.0,
        0.0,
        0.0,
        0.0,
        0.0,
        0.0,
        0.0,
        0.0,
        0.0,
        0.0,
        0.0,
        0.0,
        0.0,
        0.0,
        0.0,
        0.0,
        0.0071436439273492415,
        0.007555057975521184,
        0.007966472023693138,
        -0.00841528734897162,
        -0.008901503951356643,
        -0.009350319276635133,
        -0.009799134601913619,
        -0.01028535120429864,
        -0.010771567806683672,
        -0.011257784409068695,
        -0.011744001011453732,
        -0.012267618890945296,
        -0.01279123677043685,
        0.013314854649928431,
        0.013838472529419986,
        0.014362090408911558,
        0.01488570828840313,
        0.015409326167894699,
        0.015932944047386266,
        0.016456561926877826,
        0.017017581083475935,
        0.0,
        0.0,
        0.0,
        0.0,
        0.0,
        0.0,
        0.0,
        0.019710473035146857,
        0.019710473035146857,
        0.019710473035146864,
        0.019710473035146857,
        0.019710473035146874,
        -0.019710473035146857,
        -0.3386439596486436,
        -0.03935045083304129,
        0.15204924304440273
    ],
    "yawRateCost": 0.1448322085177765,
    "yawRateCostWeighted": 0.1448322085177765,
    "distanceToObstaclesCost": 62.0799785777486,
    "distanceToObstaclesCostWeighted": 620.799785777486,
    "distanceToCenterLinesCost": 67.58671064887051,
    "distanceToCenterLinesCostWeighted": 67.58671064887051,
    "obstacles": [
        [
            {
                "position": [
                    10.0,
                    -5.0
                ],
                "dimension": [
                    3.75,
                    2.1
                ],
                "orientation": 0.0
            }
        ],
        [
            {
                "position": [
                    10.0,
                    -5.0
                ],
                "dimension": [
                    3.75,
                    2.1
                ],
                "orientation": 0.0
            }
        ],
        [
            {
                "position": [
                    10.0,
                    -5.0
                ],
                "dimension": [
                    3.75,
                    2.1
                ],
                "orientation": 0.0
            }
        ],
        [
            {
                "position": [
                    10.0,
                    -5.0
                ],
                "dimension": [
                    3.75,
                    2.1
                ],
                "orientation": 0.0
            }
        ],
        [
            {
                "position": [
                    10.0,
                    -5.0
                ],
                "dimension": [
                    3.75,
                    2.1
                ],
                "orientation": 0.0
            }
        ],
        [
            {
                "position": [
                    10.0,
                    -5.0
                ],
                "dimension": [
                    3.75,
                    2.1
                ],
                "orientation": 0.0
            }
        ],
        [
            {
                "position": [
                    10.0,
                    -5.0
                ],
                "dimension": [
                    3.75,
                    2.1
                ],
                "orientation": 0.0
            }
        ],
        [
            {
                "position": [
                    10.0,
                    -5.0
                ],
                "dimension": [
                    3.75,
                    2.1
                ],
                "orientation": 0.0
            }
        ],
        [
            {
                "position": [
                    10.0,
                    -5.0
                ],
                "dimension": [
                    3.75,
                    2.1
                ],
                "orientation": 0.0
            }
        ],
        [
            {
                "position": [
                    10.0,
                    -5.0
                ],
                "dimension": [
                    3.75,
                    2.1
                ],
                "orientation": 0.0
            }
        ],
        [
            {
                "position": [
                    10.0,
                    -5.0
                ],
                "dimension": [
                    3.75,
                    2.1
                ],
                "orientation": 0.0
            }
        ],
        [
            {
                "position": [
                    10.0,
                    -5.0
                ],
                "dimension": [
                    3.75,
                    2.1
                ],
                "orientation": 0.0
            }
        ],
        [
            {
                "position": [
                    10.0,
                    -5.0
                ],
                "dimension": [
                    3.75,
                    2.1
                ],
                "orientation": 0.0
            }
        ],
        [
            {
                "position": [
                    10.1875,
                    -5.0
                ],
                "dimension": [
                    3.75,
                    2.1
                ],
                "orientation": 0.0
            }
        ],
        [
            {
                "position": [
                    10.375,
                    -5.0
                ],
                "dimension": [
                    3.75,
                    2.1
                ],
                "orientation": 0.0
            }
        ],
        [
            {
                "position": [
                    10.5625,
                    -5.0
                ],
                "dimension": [
                    3.75,
                    2.1
                ],
                "orientation": 0.0
            }
        ],
        [
            {
                "position": [
                    10.75,
                    -5.0
                ],
                "dimension": [
                    3.75,
                    2.1
                ],
                "orientation": 0.0
            }
        ],
        [
            {
                "position": [
                    10.9375,
                    -5.0
                ],
                "dimension": [
                    3.75,
                    2.1
                ],
                "orientation": 0.0
            }
        ],
        [
            {
                "position": [
                    11.125,
                    -5.0
                ],
                "dimension": [
                    3.75,
                    2.1
                ],
                "orientation": 0.0
            }
        ],
        [
            {
                "position": [
                    11.3125,
                    -5.0
                ],
                "dimension": [
                    3.75,
                    2.1
                ],
                "orientation": 0.0
            }
        ],
        [
            {
                "position": [
                    11.5,
                    -5.0
                ],
                "dimension": [
                    3.75,
                    2.1
                ],
                "orientation": 0.0
            }
        ],
        [
            {
                "position": [
                    11.6875,
                    -5.0
                ],
                "dimension": [
                    3.75,
                    2.1
                ],
                "orientation": 0.0
            }
        ],
        [
            {
                "position": [
                    11.875,
                    -5.0
                ],
                "dimension": [
                    3.75,
                    2.1
                ],
                "orientation": 0.0
            }
        ],
        [
            {
                "position": [
                    12.0625,
                    -5.0
                ],
                "dimension": [
                    3.75,
                    2.1
                ],
                "orientation": 0.0
            }
        ],
        [
            {
                "position": [
                    12.25,
                    -5.0
                ],
                "dimension": [
                    3.75,
                    2.1
                ],
                "orientation": 0.0
            }
        ],
        [
            {
                "position": [
                    12.4375,
                    -5.0
                ],
                "dimension": [
                    3.75,
                    2.1
                ],
                "orientation": 0.0
            }
        ],
        [
            {
                "position": [
                    12.625,
                    -5.0
                ],
                "dimension": [
                    3.75,
                    2.1
                ],
                "orientation": 0.0
            }
        ],
        [
            {
                "position": [
                    12.8125,
                    -5.0
                ],
                "dimension": [
                    3.75,
                    2.1
                ],
                "orientation": 0.0
            }
        ],
        [
            {
                "position": [
                    13.0,
                    -5.0
                ],
                "dimension": [
                    3.75,
                    2.1
                ],
                "orientation": 0.0
            }
        ],
        [
            {
                "position": [
                    13.1875,
                    -5.0
                ],
                "dimension": [
                    3.75,
                    2.1
                ],
                "orientation": 0.0
            }
        ],
        [
            {
                "position": [
                    13.375,
                    -5.0
                ],
                "dimension": [
                    3.75,
                    2.1
                ],
                "orientation": 0.0
            }
        ],
        [
            {
                "position": [
                    13.5625,
                    -5.0
                ],
                "dimension": [
                    3.75,
                    2.1
                ],
                "orientation": 0.0
            }
        ],
        [
            {
                "position": [
                    13.75,
                    -5.0
                ],
                "dimension": [
                    3.75,
                    2.1
                ],
                "orientation": 0.0
            }
        ],
        [
            {
                "position": [
                    13.9375,
                    -5.0
                ],
                "dimension": [
                    3.75,
                    2.1
                ],
                "orientation": 0.0
            }
        ],
        [
            {
                "position": [
                    14.125,
                    -5.0
                ],
                "dimension": [
                    3.75,
                    2.1
                ],
                "orientation": 0.0
            }
        ],
        [
            {
                "position": [
                    14.3125,
                    -5.0
                ],
                "dimension": [
                    3.75,
                    2.1
                ],
                "orientation": 0.0
            }
        ],
        [
            {
                "position": [
                    14.5,
                    -5.0
                ],
                "dimension": [
                    3.75,
                    2.1
                ],
                "orientation": 0.0
            }
        ],
        [
            {
                "position": [
                    14.6875,
                    -5.0
                ],
                "dimension": [
                    3.75,
                    2.1
                ],
                "orientation": 0.0
            }
        ],
        [
            {
                "position": [
                    14.875,
                    -5.0
                ],
                "dimension": [
                    3.75,
                    2.1
                ],
                "orientation": 0.0
            }
        ],
        [
            {
                "position": [
                    15.0,
                    -5.0
                ],
                "dimension": [
                    3.75,
                    2.1
                ],
                "orientation": 0.0
            }
        ],
        [
            {
                "position": [
                    15.1875,
                    -5.0
                ],
                "dimension": [
                    3.75,
                    2.1
                ],
                "orientation": 0.0
            }
        ],
        [
            {
                "position": [
                    15.375,
                    -5.0
                ],
                "dimension": [
                    3.75,
                    2.1
                ],
                "orientation": 0.0
            }
        ],
        [
            {
                "position": [
                    15.5625,
                    -5.0
                ],
                "dimension": [
                    3.75,
                    2.1
                ],
                "orientation": 0.0
            }
        ],
        [
            {
                "position": [
                    15.75,
                    -5.0
                ],
                "dimension": [
                    3.75,
                    2.1
                ],
                "orientation": 0.0
            }
        ],
        [
            {
                "position": [
                    15.9375,
                    -5.0
                ],
                "dimension": [
                    3.75,
                    2.1
                ],
                "orientation": 0.0
            }
        ],
        [
            {
                "position": [
                    16.125,
                    -5.0
                ],
                "dimension": [
                    3.75,
                    2.1
                ],
                "orientation": 0.0
            }
        ],
        [
            {
                "position": [
                    16.3125,
                    -5.0
                ],
                "dimension": [
                    3.75,
                    2.1
                ],
                "orientation": 0.0
            }
        ],
        [
            {
                "position": [
                    16.5,
                    -5.0
                ],
                "dimension": [
                    3.75,
                    2.1
                ],
                "orientation": 0.0
            }
        ],
        [
            {
                "position": [
                    16.6875,
                    -5.0
                ],
                "dimension": [
                    3.75,
                    2.1
                ],
                "orientation": 0.0
            }
        ],
        [
            {
                "position": [
                    16.875,
                    -5.0
                ],
                "dimension": [
                    3.75,
                    2.1
                ],
                "orientation": 0.0
            }
        ],
        [
            {
                "position": [
                    17.0625,
                    -5.0
                ],
                "dimension": [
                    3.75,
                    2.1
                ],
                "orientation": 0.0
            }
        ],
        [
            {
                "position": [
                    17.25,
                    -5.0
                ],
                "dimension": [
                    3.75,
                    2.1
                ],
                "orientation": 0.0
            }
        ],
        [
            {
                "position": [
                    17.4375,
                    -5.0
                ],
                "dimension": [
                    3.75,
                    2.1
                ],
                "orientation": 0.0
            }
        ],
        [
            {
                "position": [
                    17.625,
                    -5.0
                ],
                "dimension": [
                    3.75,
                    2.1
                ],
                "orientation": 0.0
            }
        ],
        [
            {
                "position": [
                    17.8125,
                    -5.0
                ],
                "dimension": [
                    3.75,
                    2.1
                ],
                "orientation": 0.0
            }
        ],
        [
            {
                "position": [
                    18.0,
                    -5.0
                ],
                "dimension": [
                    3.75,
                    2.1
                ],
                "orientation": 0.0
            }
        ],
        [
            {
                "position": [
                    18.1875,
                    -5.0
                ],
                "dimension": [
                    3.75,
                    2.1
                ],
                "orientation": 0.0
            }
        ],
        [
            {
                "position": [
                    18.375,
                    -5.0
                ],
                "dimension": [
                    3.75,
                    2.1
                ],
                "orientation": 0.0
            }
        ],
        [
            {
                "position": [
                    18.5625,
                    -5.0
                ],
                "dimension": [
                    3.75,
                    2.1
                ],
                "orientation": 0.0
            }
        ],
        [
            {
                "position": [
                    18.75,
                    -5.0
                ],
                "dimension": [
                    3.75,
                    2.1
                ],
                "orientation": 0.0
            }
        ],
        [
            {
                "position": [
                    18.9375,
                    -5.0
                ],
                "dimension": [
                    3.75,
                    2.1
                ],
                "orientation": 0.0
            }
        ],
        [
            {
                "position": [
                    19.125,
                    -5.0
                ],
                "dimension": [
                    3.75,
                    2.1
                ],
                "orientation": 0.0
            }
        ],
        [
            {
                "position": [
                    19.3125,
                    -5.0
                ],
                "dimension": [
                    3.75,
                    2.1
                ],
                "orientation": 0.0
            }
        ],
        [
            {
                "position": [
                    19.5,
                    -5.0
                ],
                "dimension": [
                    3.75,
                    2.1
                ],
                "orientation": 0.0
            }
        ],
        [
            {
                "position": [
                    19.6875,
                    -5.0
                ],
                "dimension": [
                    3.75,
                    2.1
                ],
                "orientation": 0.0
            }
        ],
        [
            {
                "position": [
                    19.875,
                    -5.0
                ],
                "dimension": [
                    3.75,
                    2.1
                ],
                "orientation": 0.0
            }
        ],
        [
            {
                "position": [
                    20.0,
                    -5.0
                ],
                "dimension": [
                    3.75,
                    2.1
                ],
                "orientation": 0.0
            }
        ],
        [
            {
                "position": [
                    20.2625,
                    -5.0
                ],
                "dimension": [
                    3.75,
                    2.1
                ],
                "orientation": 0.0
            }
        ],
        [
            {
                "position": [
                    20.525,
                    -5.0
                ],
                "dimension": [
                    3.75,
                    2.1
                ],
                "orientation": 0.0
            }
        ],
        [
            {
                "position": [
                    20.7875,
                    -5.0
                ],
                "dimension": [
                    3.75,
                    2.1
                ],
                "orientation": 0.0
            }
        ],
        [
            {
                "position": [
                    21.05,
                    -5.0
                ],
                "dimension": [
                    3.75,
                    2.1
                ],
                "orientation": 0.0
            }
        ],
        [
            {
                "position": [
                    21.3125,
                    -5.0
                ],
                "dimension": [
                    3.75,
                    2.1
                ],
                "orientation": 0.0
            }
        ],
        [
            {
                "position": [
                    21.575,
                    -5.0
                ],
                "dimension": [
                    3.75,
                    2.1
                ],
                "orientation": 0.0
            }
        ],
        [
            {
                "position": [
                    21.8375,
                    -5.0
                ],
                "dimension": [
                    3.75,
                    2.1
                ],
                "orientation": 0.0
            }
        ],
        [
            {
                "position": [
                    22.1,
                    -5.0
                ],
                "dimension": [
                    3.75,
                    2.1
                ],
                "orientation": 0.0
            }
        ],
        [
            {
                "position": [
                    22.3625,
                    -5.0
                ],
                "dimension": [
                    3.75,
                    2.1
                ],
                "orientation": 0.0
            }
        ],
        [
            {
                "position": [
                    22.625,
                    -5.0
                ],
                "dimension": [
                    3.75,
                    2.1
                ],
                "orientation": 0.0
            }
        ],
        [
            {
                "position": [
                    22.8875,
                    -5.0
                ],
                "dimension": [
                    3.75,
                    2.1
                ],
                "orientation": 0.0
            }
        ],
        [
            {
                "position": [
                    23.15,
                    -5.0
                ],
                "dimension": [
                    3.75,
                    2.1
                ],
                "orientation": 0.0
            }
        ],
        [
            {
                "position": [
                    23.4125,
                    -5.0
                ],
                "dimension": [
                    3.75,
                    2.1
                ],
                "orientation": 0.0
            }
        ],
        [
            {
                "position": [
                    23.675,
                    -5.0
                ],
                "dimension": [
                    3.75,
                    2.1
                ],
                "orientation": 0.0
            }
        ],
        [
            {
                "position": [
                    23.9375,
                    -5.0
                ],
                "dimension": [
                    3.75,
                    2.1
                ],
                "orientation": 0.0
            }
        ],
        [
            {
                "position": [
                    24.2,
                    -5.0
                ],
                "dimension": [
                    3.75,
                    2.1
                ],
                "orientation": 0.0
            }
        ],
        [
            {
                "position": [
                    24.4625,
                    -5.0
                ],
                "dimension": [
                    3.75,
                    2.1
                ],
                "orientation": 0.0
            }
        ],
        [
            {
                "position": [
                    24.725,
                    -5.0
                ],
                "dimension": [
                    3.75,
                    2.1
                ],
                "orientation": 0.0
            }
        ],
        [
            {
                "position": [
                    24.9875,
                    -5.0
                ],
                "dimension": [
                    3.75,
                    2.1
                ],
                "orientation": 0.0
            }
        ],
        [
            {
                "position": [
                    25.25,
                    -5.0
                ],
                "dimension": [
                    3.75,
                    2.1
                ],
                "orientation": 0.0
            }
        ],
        [
            {
                "position": [
                    25.5125,
                    -5.0
                ],
                "dimension": [
                    3.75,
                    2.1
                ],
                "orientation": 0.0
            }
        ],
        [
            {
                "position": [
                    25.775,
                    -5.0
                ],
                "dimension": [
                    3.75,
                    2.1
                ],
                "orientation": 0.0
            }
        ],
        [
            {
                "position": [
                    26.0375,
                    -5.0
                ],
                "dimension": [
                    3.75,
                    2.1
                ],
                "orientation": 0.0
            }
        ],
        [
            {
                "position": [
                    26.3,
                    -5.0
                ],
                "dimension": [
                    3.75,
                    2.1
                ],
                "orientation": 0.0
            }
        ],
        [
            {
                "position": [
                    26.5625,
                    -5.0
                ],
                "dimension": [
                    3.75,
                    2.1
                ],
                "orientation": 0.0
            }
        ],
        [
            {
                "position": [
                    26.825,
                    -5.0
                ],
                "dimension": [
                    3.75,
                    2.1
                ],
                "orientation": 0.0
            }
        ],
        [
            {
                "position": [
                    27.0,
                    -5.0
                ],
                "dimension": [
                    3.75,
                    2.1
                ],
                "orientation": 0.0
            }
        ],
        [
            {
                "position": [
                    27.3,
                    -5.0
                ],
                "dimension": [
                    3.75,
                    2.1
                ],
                "orientation": 0.0
            }
        ],
        [
            {
                "position": [
                    27.6,
                    -5.0
                ],
                "dimension": [
                    3.75,
                    2.1
                ],
                "orientation": 0.0
            }
        ],
        [
            {
                "position": [
                    27.9,
                    -5.0
                ],
                "dimension": [
                    3.75,
                    2.1
                ],
                "orientation": 0.0
            }
        ],
        [
            {
                "position": [
                    28.2,
                    -5.0
                ],
                "dimension": [
                    3.75,
                    2.1
                ],
                "orientation": 0.0
            }
        ],
        [
            {
                "position": [
                    28.5,
                    -5.0
                ],
                "dimension": [
                    3.75,
                    2.1
                ],
                "orientation": 0.0
            }
        ],
        [
            {
                "position": [
                    28.8,
                    -5.0
                ],
                "dimension": [
                    3.75,
                    2.1
                ],
                "orientation": 0.0
            }
        ],
        [
            {
                "position": [
                    29.1,
                    -5.0
                ],
                "dimension": [
                    3.75,
                    2.1
                ],
                "orientation": 0.0
            }
        ],
        [
            {
                "position": [
                    29.4,
                    -5.0
                ],
                "dimension": [
                    3.75,
                    2.1
                ],
                "orientation": 0.0
            }
        ],
        [
            {
                "position": [
                    29.7,
                    -5.0
                ],
                "dimension": [
                    3.75,
                    2.1
                ],
                "orientation": 0.0
            }
        ],
        [
            {
                "position": [
                    30.0,
                    -5.0
                ],
                "dimension": [
                    3.75,
                    2.1
                ],
                "orientation": 0.0
            }
        ],
        [
            {
                "position": [
                    30.3,
                    -5.0
                ],
                "dimension": [
                    3.75,
                    2.1
                ],
                "orientation": 0.0
            }
        ],
        [
            {
                "position": [
                    30.6,
                    -5.0
                ],
                "dimension": [
                    3.75,
                    2.1
                ],
                "orientation": 0.0
            }
        ],
        [
            {
                "position": [
                    30.9,
                    -5.0
                ],
                "dimension": [
                    3.75,
                    2.1
                ],
                "orientation": 0.0
            }
        ],
        [
            {
                "position": [
                    31.2,
                    -5.0
                ],
                "dimension": [
                    3.75,
                    2.1
                ],
                "orientation": 0.0
            }
        ],
        [
            {
                "position": [
                    31.5,
                    -5.0
                ],
                "dimension": [
                    3.75,
                    2.1
                ],
                "orientation": 0.0
            }
        ],
        [
            {
                "position": [
                    31.8,
                    -5.0
                ],
                "dimension": [
                    3.75,
                    2.1
                ],
                "orientation": 0.0
            }
        ],
        [
            {
                "position": [
                    32.1,
                    -5.0
                ],
                "dimension": [
                    3.75,
                    2.1
                ],
                "orientation": 0.0
            }
        ],
        [
            {
                "position": [
                    32.4,
                    -5.0
                ],
                "dimension": [
                    3.75,
                    2.1
                ],
                "orientation": 0.0
            }
        ],
        [
            {
                "position": [
                    32.7,
                    -5.0
                ],
                "dimension": [
                    3.75,
                    2.1
                ],
                "orientation": 0.0
            }
        ],
        [
            {
                "position": [
                    33.0,
                    -5.0
                ],
                "dimension": [
                    3.75,
                    2.1
                ],
                "orientation": 0.0
            }
        ],
        [
            {
                "position": [
                    33.3,
                    -5.0
                ],
                "dimension": [
                    3.75,
                    2.1
                ],
                "orientation": 0.0
            }
        ],
        [
            {
                "position": [
                    33.6,
                    -5.0
                ],
                "dimension": [
                    3.75,
                    2.1
                ],
                "orientation": 0.0
            }
        ],
        [
            {
                "position": [
                    33.9,
                    -5.0
                ],
                "dimension": [
                    3.75,
                    2.1
                ],
                "orientation": 0.0
            }
        ],
        [
            {
                "position": [
                    34.2,
                    -5.0
                ],
                "dimension": [
                    3.75,
                    2.1
                ],
                "orientation": 0.0
            }
        ],
        [
            {
                "position": [
                    34.5,
                    -5.0
                ],
                "dimension": [
                    3.75,
                    2.1
                ],
                "orientation": 0.0
            }
        ],
        [
            {
                "position": [
                    34.8,
                    -5.0
                ],
                "dimension": [
                    3.75,
                    2.1
                ],
                "orientation": 0.0
            }
        ],
        [
            {
                "position": [
                    35.0,
                    -5.0
                ],
                "dimension": [
                    3.75,
                    2.1
                ],
                "orientation": 0.0
            }
        ],
        [
            {
                "position": [
                    35.5625,
                    -5.0
                ],
                "dimension": [
                    3.75,
                    2.1
                ],
                "orientation": 0.0
            }
        ],
        [
            {
                "position": [
                    36.125,
                    -5.0
                ],
                "dimension": [
                    3.75,
                    2.1
                ],
                "orientation": 0.0
            }
        ],
        [
            {
                "position": [
                    36.6875,
                    -5.0
                ],
                "dimension": [
                    3.75,
                    2.1
                ],
                "orientation": 0.0
            }
        ],
        [
            {
                "position": [
                    37.25,
                    -5.0
                ],
                "dimension": [
                    3.75,
                    2.1
                ],
                "orientation": 0.0
            }
        ],
        [
            {
                "position": [
                    37.8125,
                    -5.0
                ],
                "dimension": [
                    3.75,
                    2.1
                ],
                "orientation": 0.0
            }
        ],
        [
            {
                "position": [
                    38.375,
                    -5.0
                ],
                "dimension": [
                    3.75,
                    2.1
                ],
                "orientation": 0.0
            }
        ],
        [
            {
                "position": [
                    38.9375,
                    -5.0
                ],
                "dimension": [
                    3.75,
                    2.1
                ],
                "orientation": 0.0
            }
        ],
        [
            {
                "position": [
                    39.5,
                    -5.0
                ],
                "dimension": [
                    3.75,
                    2.1
                ],
                "orientation": 0.0
            }
        ],
        [
            {
                "position": [
                    40.0625,
                    -5.0
                ],
                "dimension": [
                    3.75,
                    2.1
                ],
                "orientation": 0.0
            }
        ],
        [
            {
                "position": [
                    40.625,
                    -5.0
                ],
                "dimension": [
                    3.75,
                    2.1
                ],
                "orientation": 0.0
            }
        ],
        [
            {
                "position": [
                    41.1875,
                    -5.0
                ],
                "dimension": [
                    3.75,
                    2.1
                ],
                "orientation": 0.0
            }
        ],
        [
            {
                "position": [
                    41.75,
                    -5.0
                ],
                "dimension": [
                    3.75,
                    2.1
                ],
                "orientation": 0.0
            }
        ],
        [
            {
                "position": [
                    42.3125,
                    -5.0
                ],
                "dimension": [
                    3.75,
                    2.1
                ],
                "orientation": 0.0
            }
        ],
        [
            {
                "position": [
                    42.875,
                    -5.0
                ],
                "dimension": [
                    3.75,
                    2.1
                ],
                "orientation": 0.0
            }
        ],
        [
            {
                "position": [
                    43.4375,
                    -5.0
                ],
                "dimension": [
                    3.75,
                    2.1
                ],
                "orientation": 0.0
            }
        ],
        [
            {
                "position": [
                    44.0,
                    -5.0
                ],
                "dimension": [
                    3.75,
                    2.1
                ],
                "orientation": 0.0
            }
        ],
        [
            {
                "position": [
                    44.5625,
                    -5.0
                ],
                "dimension": [
                    3.75,
                    2.1
                ],
                "orientation": 0.0
            }
        ],
        [
            {
                "position": [
                    45.125,
                    -5.0
                ],
                "dimension": [
                    3.75,
                    2.1
                ],
                "orientation": 0.0
            }
        ],
        [
            {
                "position": [
                    45.6875,
                    -5.0
                ],
                "dimension": [
                    3.75,
                    2.1
                ],
                "orientation": 0.0
            }
        ],
        [
            {
                "position": [
                    46.25,
                    -5.0
                ],
                "dimension": [
                    3.75,
                    2.1
                ],
                "orientation": 0.0
            }
        ],
        [
            {
                "position": [
                    46.8125,
                    -5.0
                ],
                "dimension": [
                    3.75,
                    2.1
                ],
                "orientation": 0.0
            }
        ],
        [
            {
                "position": [
                    47.375,
                    -5.0
                ],
                "dimension": [
                    3.75,
                    2.1
                ],
                "orientation": 0.0
            }
        ],
        [
            {
                "position": [
                    47.9375,
                    -5.0
                ],
                "dimension": [
                    3.75,
                    2.1
                ],
                "orientation": 0.0
            }
        ],
        [
            {
                "position": [
                    48.5,
                    -5.0
                ],
                "dimension": [
                    3.75,
                    2.1
                ],
                "orientation": 0.0
            }
        ],
        [
            {
                "position": [
                    49.0625,
                    -5.0
                ],
                "dimension": [
                    3.75,
                    2.1
                ],
                "orientation": 0.0
            }
        ],
        [
            {
                "position": [
                    49.625,
                    -5.0
                ],
                "dimension": [
                    3.75,
                    2.1
                ],
                "orientation": 0.0
            }
        ],
        [
            {
                "position": [
                    49.625,
                    -5.0
                ],
                "dimension": [
                    3.75,
                    2.1
                ],
                "orientation": 0.0
            }
        ],
        [
            {
                "position": [
                    49.625,
                    -5.0
                ],
                "dimension": [
                    3.75,
                    2.1
                ],
                "orientation": 0.0
            }
        ],
        [
            {
                "position": [
                    49.625,
                    -5.0
                ],
                "dimension": [
                    3.75,
                    2.1
                ],
                "orientation": 0.0
            }
        ],
        [
            {
                "position": [
                    49.625,
                    -5.0
                ],
                "dimension": [
                    3.75,
                    2.1
                ],
                "orientation": 0.0
            }
        ],
        [
            {
                "position": [
                    49.625,
                    -5.0
                ],
                "dimension": [
                    3.75,
                    2.1
                ],
                "orientation": 0.0
            }
        ],
        [
            {
                "position": [
                    49.625,
                    -5.0
                ],
                "dimension": [
                    3.75,
                    2.1
                ],
                "orientation": 0.0
            }
        ],
        [
            {
                "position": [
                    49.625,
                    -5.0
                ],
                "dimension": [
                    3.75,
                    2.1
                ],
                "orientation": 0.0
            }
        ],
        [
            {
                "position": [
                    49.625,
                    -5.0
                ],
                "dimension": [
                    3.75,
                    2.1
                ],
                "orientation": 0.0
            }
        ],
        [
            {
                "position": [
                    49.625,
                    -5.0
                ],
                "dimension": [
                    3.75,
                    2.1
                ],
                "orientation": 0.0
            }
        ],
        [
            {
                "position": [
                    49.625,
                    -5.0
                ],
                "dimension": [
                    3.75,
                    2.1
                ],
                "orientation": 0.0
            }
        ],
        [
            {
                "position": [
                    49.625,
                    -5.0
                ],
                "dimension": [
                    3.75,
                    2.1
                ],
                "orientation": 0.0
            }
        ],
        [
            {
                "position": [
                    49.625,
                    -5.0
                ],
                "dimension": [
                    3.75,
                    2.1
                ],
                "orientation": 0.0
            }
        ],
        [
            {
                "position": [
                    49.625,
                    -5.0
                ],
                "dimension": [
                    3.75,
                    2.1
                ],
                "orientation": 0.0
            }
        ],
        [
            {
                "position": [
                    49.625,
                    -5.0
                ],
                "dimension": [
                    3.75,
                    2.1
                ],
                "orientation": 0.0
            }
        ],
        [
            {
                "position": [
                    49.625,
                    -5.0
                ],
                "dimension": [
                    3.75,
                    2.1
                ],
                "orientation": 0.0
            }
        ],
        [
            {
                "position": [
                    49.625,
                    -5.0
                ],
                "dimension": [
                    3.75,
                    2.1
                ],
                "orientation": 0.0
            }
        ],
        [
            {
                "position": [
                    49.625,
                    -5.0
                ],
                "dimension": [
                    3.75,
                    2.1
                ],
                "orientation": 0.0
            }
        ],
        [
            {
                "position": [
                    49.625,
                    -5.0
                ],
                "dimension": [
                    3.75,
                    2.1
                ],
                "orientation": 0.0
            }
        ],
        [
            {
                "position": [
                    49.625,
                    -5.0
                ],
                "dimension": [
                    3.75,
                    2.1
                ],
                "orientation": 0.0
            }
        ],
        [
            {
                "position": [
                    49.625,
                    -5.0
                ],
                "dimension": [
                    3.75,
                    2.1
                ],
                "orientation": 0.0
            }
        ],
        [
            {
                "position": [
                    49.625,
                    -5.0
                ],
                "dimension": [
                    3.75,
                    2.1
                ],
                "orientation": 0.0
            }
        ],
        [
            {
                "position": [
                    49.625,
                    -5.0
                ],
                "dimension": [
                    3.75,
                    2.1
                ],
                "orientation": 0.0
            }
        ],
        [
            {
                "position": [
                    49.625,
                    -5.0
                ],
                "dimension": [
                    3.75,
                    2.1
                ],
                "orientation": 0.0
            }
        ],
        [
            {
                "position": [
                    49.625,
                    -5.0
                ],
                "dimension": [
                    3.75,
                    2.1
                ],
                "orientation": 0.0
            }
        ],
        [
            {
                "position": [
                    49.625,
                    -5.0
                ],
                "dimension": [
                    3.75,
                    2.1
                ],
                "orientation": 0.0
            }
        ],
        [
            {
                "position": [
                    49.625,
                    -5.0
                ],
                "dimension": [
                    3.75,
                    2.1
                ],
                "orientation": 0.0
            }
        ],
        [
            {
                "position": [
                    49.625,
                    -5.0
                ],
                "dimension": [
                    3.75,
                    2.1
                ],
                "orientation": 0.0
            }
        ],
        [
            {
                "position": [
                    49.625,
                    -5.0
                ],
                "dimension": [
                    3.75,
                    2.1
                ],
                "orientation": 0.0
            }
        ],
        [
            {
                "position": [
                    49.625,
                    -5.0
                ],
                "dimension": [
                    3.75,
                    2.1
                ],
                "orientation": 0.0
            }
        ],
        [
            {
                "position": [
                    49.625,
                    -5.0
                ],
                "dimension": [
                    3.75,
                    2.1
                ],
                "orientation": 0.0
            }
        ],
        [
            {
                "position": [
                    49.625,
                    -5.0
                ],
                "dimension": [
                    3.75,
                    2.1
                ],
                "orientation": 0.0
            }
        ],
        [
            {
                "position": [
                    49.625,
                    -5.0
                ],
                "dimension": [
                    3.75,
                    2.1
                ],
                "orientation": 0.0
            }
        ],
        [
            {
                "position": [
                    49.625,
                    -5.0
                ],
                "dimension": [
                    3.75,
                    2.1
                ],
                "orientation": 0.0
            }
        ],
        [
            {
                "position": [
                    49.625,
                    -5.0
                ],
                "dimension": [
                    3.75,
                    2.1
                ],
                "orientation": 0.0
            }
        ],
        [
            {
                "position": [
                    49.625,
                    -5.0
                ],
                "dimension": [
                    3.75,
                    2.1
                ],
                "orientation": 0.0
            }
        ],
        [
            {
                "position": [
                    49.625,
                    -5.0
                ],
                "dimension": [
                    3.75,
                    2.1
                ],
                "orientation": 0.0
            }
        ]
    ],
    "costSum": 2004.2405029498354,
    "costSumWeighted": 1073.4603101495704
}