{
    "name": "",
    "pathLength": 64.30500000000002,
    "pathLengthWeighted": 64.30500000000002,
    "time": 10.899999999999977,
    "timeWeighted": 10.899999999999977,
    "collision": 0.0,
    "collisionWeighted": 0.0,
    "stopTrigger": 0.0,
    "stopTriggerWeighted": 0.0,
    "dimension": [
        5.0,
        2.0
    ],
    "timeSteps": [
        0.0,
        0.1,
        0.2,
        0.30000000000000004,
        0.4,
        0.5,
        0.6000000000000001,
        0.7000000000000001,
        0.8,
        0.9,
        1.0,
        1.1,
        1.2000000000000002,
        1.3,
        1.4000000000000001,
        1.5,
        1.6,
        1.7000000000000002,
        1.8,
        1.9000000000000001,
        2.0,
        2.1,
        2.2,
        2.3000000000000003,
        2.4000000000000004,
        2.5,
        2.6,
        2.7,
        2.8000000000000003,
        2.9000000000000004,
        3.0,
        3.1,
        3.2,
        3.3000000000000003,
        3.4000000000000004,
        3.5,
        3.6,
        3.7,
        3.8000000000000003,
        3.9000000000000004,
        4.0,
        4.1000000000000005,
        4.2,
        4.3,
        4.4,
        4.5,
        4.6000000000000005,
        4.7,
        4.800000000000001,
        4.9,
        5.0,
        5.1000000000000005,
        5.2,
        5.300000000000001,
        5.4,
        5.5,
        5.6000000000000005,
        5.7,
        5.800000000000001,
        5.9,
        6.0,
        6.1000000000000005,
        6.2,
        6.300000000000001,
        6.4,
        6.5,
        6.6000000000000005,
        6.7,
        6.800000000000001,
        6.9,
        7.0,
        7.1000000000000005,
        7.2,
        7.300000000000001,
        7.4,
        7.5,
        7.6000000000000005,
        7.7,
        7.800000000000001,
        7.9,
        8.0,
        8.1,
        8.200000000000001,
        8.3,
        8.4,
        8.5,
        8.6,
        8.700000000000001,
        8.8,
        8.9,
        9.0,
        9.1,
        9.200000000000001,
        9.3,
        9.4,
        9.5,
        9.600000000000001,
        9.700000000000001,
        9.8,
        9.9,
        10.0,
        10.100000000000001,
        10.200000000000001,
        10.3,
        10.4,
        10.5,
        10.600000000000001,
        10.700000000000001,
        10.8
    ],
    "position": [
        [
            -45.0,
            -1.5
        ],
        [
            -45.0,
            -1.5
        ],
        [
            -45.0,
            -1.5
        ],
        [
            -45.0,
            -1.5
        ],
        [
            -45.0,
            -1.5
        ],
        [
            -45.0,
            -1.5
        ],
        [
            -45.0,
            -1.5
        ],
        [
            -45.0,
            -1.5
        ],
        [
            -45.0,
            -1.5
        ],
        [
            -44.9,
            -1.5
        ],
        [
            -44.699999999999996,
            -1.5
        ],
        [
            -44.4,
            -1.5
        ],
        [
            -44.004999999999995,
            -1.5
        ],
        [
            -43.519999999999996,
            -1.5
        ],
        [
            -42.949999999999996,
            -1.5
        ],
        [
            -42.3,
            -1.5
        ],
        [
            -41.575000035428914,
            -1.5002266537724849
        ],
        [
            -40.780000185228,
            -1.5007146911894125
        ],
        [
            -39.920000564991994,
            -1.5015228953318
        ],
        [
            -39.00000132857739,
            -1.5027082208335272
        ],
        [
            -38.02500266847818,
            -1.5043246380892774
        ],
        [
            -37.0000048144462,
            -1.5064220721968693
        ],
        [
            -35.93004914503087,
            -1.516161963674445
        ],
        [
            -34.82020486822253,
            -1.5347544685025147
        ],
        [
            -33.67561977912708,
            -1.5655761138244784
        ],
        [
            -32.50109579763787,
            -1.5990188545426143
        ],
        [
            -31.301662699957458,
            -1.6359003429719252
        ],
        [
            -30.082956699736734,
            -1.6920758271799727
        ],
        [
            -28.850375801316623,
            -1.7693372590193899
        ],
        [
            -27.60978928300448,
            -1.8740754592242514
        ],
        [
            -26.36641342376849,
            -2.0025918887932206
        ],
        [
            -25.125853851387493,
            -2.155927949046124
        ],
        [
            -23.893983938688166,
            -2.336265183654381
        ],
        [
            -22.67655683009546,
            -2.5438615113280876
        ],
        [
            -21.47898257229652,
            -2.7767045852154437
        ],
        [
            -20.30655736507569,
            -3.032476228431024
        ],
        [
            -19.15991432675722,
            -3.2890590467875684
        ],
        [
            -18.044198357013787,
            -3.546358240061605
        ],
        [
            -16.96290379821859,
            -3.79716110511681
        ],
        [
            -15.921184584578754,
            -4.041540072979426
        ],
        [
            -14.923522715536038,
            -4.276690652519842
        ],
        [
            -13.975792421463243,
            -4.5056716336005715
        ],
        [
            -13.124032561523633,
            -4.710320457187847
        ],
        [
            -12.367093426881562,
            -4.890117972318936
        ],
        [
            -11.7049492899148,
            -5.04492476118991
        ],
        [
            -11.135066024618043,
            -5.177053728243713
        ],
        [
            -10.653223491273923,
            -5.285974676919902
        ],
        [
            -10.2570978321706,
            -5.374971655520067
        ],
        [
            -9.94282618665205,
            -5.445095352107334
        ],
        [
            -9.707553073281339,
            -5.497321419591418
        ],
        [
            -9.547445038534201,
            -5.532837855355855
        ],
        [
            -9.458572112160134,
            -5.552398094559649
        ],
        [
            -9.436108604173171,
            -5.557336799746197
        ],
        [
            -9.436108604173171,
            -5.557336799746197
        ],
        [
            -9.436108604173171,
            -5.557336799746197
        ],
        [
            -9.436108604173171,
            -5.557336799746197
        ],
        [
            -9.436108604173171,
            -5.557336799746197
        ],
        [
            -9.436108604173171,
            -5.557336799746197
        ],
        [
            -9.436108604173171,
            -5.557336799746197
        ],
        [
            -9.436108604173171,
            -5.557336799746197
        ],
        [
            -9.37457307566629,
            -5.570841566733412
        ],
        [
            -9.256359681767679,
            -5.596660038860387
        ],
        [
            -9.076537141440237,
            -5.635645343658297
        ],
        [
            -8.8399021095264,
            -5.686319416626016
        ],
        [
            -8.551236328946016,
            -5.74712292904033
        ],
        [
            -8.21529042782052,
            -5.816328069868004
        ],
        [
            -7.836815170539919,
            -5.892173172718372
        ],
        [
            -7.420557337258437,
            -5.972829333250632
        ],
        [
            -6.9712717213187725,
            -6.056444136423971
        ],
        [
            -6.493730990657079,
            -6.141178135262076
        ],
        [
            -5.992735029452521,
            -6.2252438646452255
        ],
        [
            -5.5176547398342315,
            -6.3004749647049865
        ],
        [
            -5.069637679927261,
            -6.367480293092471
        ],
        [
            -4.652784709784818,
            -6.426426041738353
        ],
        [
            -4.266233066997098,
            -6.478173770752436
        ],
        [
            -3.910091261163486,
            -6.523384545326355
        ],
        [
            -3.5814713350278167,
            -6.563007066025918
        ],
        [
            -3.278458336949373,
            -6.59776512977396
        ],
        [
            -3.0001169511745043,
            -6.628196576747866
        ],
        [
            -2.744506219347912,
            -6.654882786202826
        ],
        [
            -2.5106701314086104,
            -6.678242665852414
        ],
        [
            -2.296649623761915,
            -6.698741990393744
        ],
        [
            -2.101474440168151,
            -6.7167043874815615
        ],
        [
            -1.9231730554801276,
            -6.732503634879255
        ],
        [
            -1.7607655265497417,
            -6.746388682474632
        ],
        [
            -1.6122718375287999,
            -6.758661592518783
        ],
        [
            -1.476705531960859,
            -6.7695140942884064
        ],
        [
            -1.3201695851712207,
            -6.781576323048942
        ],
        [
            -1.0907745119661207,
            -6.798246667653262
        ],
        [
            -0.7614992071079827,
            -6.820104700743644
        ],
        [
            -0.3322255118338546,
            -6.845086585094008
        ],
        [
            0.19216542259373914,
            -6.87036795946636
        ],
        [
            0.8067555702155171,
            -6.892816800109946
        ],
        [
            1.5065666267664044,
            -6.909079798884187
        ],
        [
            2.286538829901188,
            -6.915664807393831
        ],
        [
            3.141513004227761,
            -6.909019415411845
        ],
        [
            4.066216629948093,
            -6.8856056463928965
        ],
        [
            5.055537056584978,
            -6.848930130868066
        ],
        [
            6.10414497681315,
            -6.794879879853411
        ],
        [
            7.207052368867992,
            -6.7269072048230125
        ],
        [
            8.358938304532295,
            -6.6421499560547055
        ],
        [
            9.554480425678738,
            -6.538810531996589
        ],
        [
            10.788235952508886,
            -6.414523364452768
        ],
        [
            12.054752579299029,
            -6.267687966594766
        ],
        [
            13.348521596348746,
            -6.0968467229730745
        ],
        [
            14.664094837666836,
            -5.901482840108771
        ],
        [
            15.995903425956229,
            -5.680607571781569
        ],
        [
            17.34011234056354,
            -5.44327364270645
        ],
        [
            18.691471566771764,
            -5.189397212642702
        ]
    ],
    "orientation": [
        0.0,
        0.0,
        0.0,
        0.0,
        0.0,
        0.0,
        0.0,
        0.0,
        0.0,
        0.0,
        0.0,
        0.0,
        0.0,
        0.0,
        0.0,
        0.0,
        -0.00027473184990349785,
        -0.0005759895335907818,
        -0.0009018783486487241,
        -0.0012505035926641973,
        -0.001619970563224074,
        -0.0020083845579152264,
        -0.008496465303598108,
        -0.016068612234054307,
        -0.026049983839811615,
        -0.028276279187665235,
        -0.0305499425216434,
        -0.04488662689910288,
        -0.06127384256841574,
        -0.08252009191009867,
        -0.1014784715451611,
        -0.12138599403125071,
        -0.14357805216209615,
        -0.16699955333880936,
        -0.1901365828413115,
        -0.21289431677819884,
        -0.21957370318280486,
        -0.22608255206218683,
        -0.227765057257685,
        -0.23019788704844538,
        -0.23136313252402388,
        -0.2365360479286892,
        -0.23587214345714114,
        -0.23351356223901848,
        -0.2301635175727506,
        -0.22816833614841564,
        -0.22329999372087894,
        -0.22145369680070415,
        -0.21998939234677226,
        -0.2188934377710034,
        -0.2185205554479336,
        -0.21762375552707158,
        -0.21739709181080977,
        -0.21739709181080982,
        -0.21739709181080988,
        -0.21739709181080993,
        -0.21739709181081,
        -0.21739709181081,
        -0.21739709181081,
        -0.21739709181081,
        -0.21687178526755038,
        -0.21586286317652797,
        -0.21432863454224604,
        -0.21194373804940428,
        -0.20870088189409558,
        -0.2044099058315039,
        -0.1991415933125332,
        -0.19287186366974274,
        -0.18559367344882835,
        -0.17731702209885553,
        -0.1680689588156652,
        -0.1589469004626295,
        -0.15035585590145456,
        -0.14237168424526325,
        -0.13497542071577487,
        -0.12816706531298938,
        -0.12188972370206462,
        -0.1161054663264391,
        -0.11079532840783207,
        -0.10592138038968202,
        -0.10146465749370828,
        -0.0973872301633493,
        -0.0936701336203244,
        -0.09027543830807207,
        -0.08718417944831153,
        -0.08435842748448134,
        -0.08177921763830077,
        -0.0788017474482247,
        -0.07443984844365464,
        -0.06818147161101062,
        -0.06002661695029267,
        -0.050070108352904465,
        -0.03840676971024971,
        -0.025131424913732096,
        -0.010338897854755329,
        0.005875987575276898,
        0.023418407484960886,
        0.0358034404352984,
        0.05013434236514082,
        0.060605020482873924,
        0.07242550269194882,
        0.08516163824494341,
        0.0992629726717524,
        0.11424598298426128,
        0.13007660366809282,
        0.14621049294740007,
        0.16309917424331488,
        0.17396329364526714,
        0.18490700366554874
    ],
    "velocity": [
        0.0,
        0.0,
        0.0,
        0.0,
        0.0,
        0.0,
        0.0,
        0.0,
        0.0,
        1.0,
        2.0,
        3.0,
        3.95,
        4.8500000000000005,
        5.700000000000001,
        6.500000000000001,
        7.250000000000001,
        7.950000000000001,
        8.600000000000001,
        9.200000000000001,
        9.750000000000002,
        10.250000000000002,
        10.700000000000001,
        11.100000000000001,
        11.450000000000001,
        11.750000000000002,
        12.000000000000002,
        12.200000000000001,
        12.350000000000001,
        12.450000000000001,
        12.500000000000002,
        12.500000000000002,
        12.450000000000001,
        12.350000000000001,
        12.200000000000001,
        12.000000000000002,
        11.750000000000002,
        11.450000000000001,
        11.100000000000001,
        10.700000000000001,
        10.250000000000002,
        9.750000000000002,
        8.760000000000002,
        7.780000000000001,
        6.800000000000001,
        5.8500000000000005,
        4.94,
        4.0600000000000005,
        3.2200000000000006,
        2.4100000000000006,
        1.6400000000000006,
        0.9100000000000006,
        0.23000000000000054,
        0.0,
        0.0,
        0.0,
        0.0,
        0.0,
        0.0,
        0.0,
        0.63,
        1.21,
        1.8399999999999999,
        2.42,
        2.95,
        3.43,
        3.8600000000000003,
        4.24,
        4.57,
        4.8500000000000005,
        5.08,
        4.8100000000000005,
        4.53,
        4.21,
        3.9,
        3.59,
        3.31,
        3.05,
        2.8,
        2.57,
        2.3499999999999996,
        2.1499999999999995,
        1.9599999999999995,
        1.7899999999999996,
        1.6299999999999994,
        1.4899999999999995,
        1.3599999999999994,
        1.5699999999999994,
        2.2999999999999994,
        3.2999999999999994,
        4.299999999999999,
        5.249999999999999,
        6.1499999999999995,
        7.0,
        7.8,
        8.55,
        9.25,
        9.9,
        10.5,
        11.05,
        11.55,
        12.0,
        12.4,
        12.75,
        13.05,
        13.3,
        13.5,
        13.65,
        13.75
    ],
    "acceleration": [
        0.0,
        0.0,
        0.0,
        0.0,
        0.0,
        0.0,
        0.0,
        0.0,
        10.0,
        10.0,
        10.0,
        9.500000000000002,
        9.000000000000004,
        8.500000000000005,
        7.999999999999998,
        7.5,
        7.000000000000002,
        6.5000000000000036,
        5.9999999999999964,
        5.500000000000007,
        5.0,
        4.499999999999993,
        4.0000000000000036,
        3.4999999999999964,
        3.000000000000007,
        2.5,
        1.999999999999993,
        1.5000000000000036,
        0.9999999999999964,
        0.5000000000000071,
        0.0,
        -0.5000000000000071,
        -0.9999999999999964,
        -1.5000000000000036,
        -1.999999999999993,
        -2.5,
        -3.000000000000007,
        -3.4999999999999964,
        -4.0000000000000036,
        -4.499999999999993,
        -5.0,
        -9.900000000000002,
        -9.800000000000004,
        -9.800000000000004,
        -9.500000000000002,
        -9.100000000000001,
        -8.799999999999999,
        -8.399999999999999,
        -8.1,
        -7.7,
        -7.3,
        -6.8,
        -2.300000000000005,
        0.0,
        0.0,
        0.0,
        0.0,
        0.0,
        0.0,
        6.3,
        5.799999999999999,
        6.299999999999999,
        5.800000000000001,
        5.3000000000000025,
        4.8,
        4.300000000000002,
        3.799999999999999,
        3.3000000000000007,
        2.8000000000000025,
        2.2999999999999954,
        -2.6999999999999957,
        -2.8000000000000025,
        -3.200000000000003,
        -3.1000000000000005,
        -3.1000000000000005,
        -2.799999999999998,
        -2.6000000000000023,
        -2.5,
        -2.3,
        -2.200000000000002,
        -2.0000000000000018,
        -1.8999999999999995,
        -1.6999999999999993,
        -1.6000000000000014,
        -1.399999999999999,
        -1.3000000000000012,
        2.0999999999999996,
        7.3,
        10.0,
        9.999999999999995,
        9.500000000000002,
        9.000000000000004,
        8.500000000000005,
        7.999999999999998,
        7.500000000000009,
        6.999999999999993,
        6.5000000000000036,
        5.9999999999999964,
        5.500000000000007,
        5.0,
        4.499999999999993,
        4.0000000000000036,
        3.4999999999999964,
        3.000000000000007,
        2.5,
        1.999999999999993,
        1.5000000000000036,
        0.9999999999999964
    ],
    "accelerationCost": 3076.590000000001,
    "accelerationCostWeighted": 3076.590000000001,
    "jerk": [
        0.0,
        0.0,
        0.0,
        0.0,
        0.0,
        0.0,
        0.0,
        100.0,
        0.0,
        0.0,
        -4.999999999999982,
        -4.999999999999982,
        -4.999999999999982,
        -5.000000000000071,
        -4.999999999999982,
        -4.999999999999982,
        -4.999999999999982,
        -5.000000000000071,
        -4.999999999999893,
        -5.000000000000071,
        -5.000000000000071,
        -4.999999999999893,
        -5.000000000000071,
        -4.999999999999893,
        -5.000000000000071,
        -5.000000000000071,
        -4.999999999999893,
        -5.000000000000071,
        -4.999999999999893,
        -5.000000000000071,
        -5.000000000000071,
        -4.999999999999893,
        -5.000000000000071,
        -4.999999999999893,
        -5.000000000000071,
        -5.000000000000071,
        -4.999999999999893,
        -5.000000000000071,
        -4.999999999999893,
        -5.000000000000071,
        -49.00000000000002,
        0.9999999999999787,
        0.0,
        3.000000000000025,
        4.0000000000000036,
        3.000000000000025,
        4.0000000000000036,
        2.9999999999999893,
        3.9999999999999947,
        4.0000000000000036,
        5.0,
        44.99999999999994,
        23.00000000000005,
        0.0,
        0.0,
        0.0,
        0.0,
        0.0,
        62.99999999999999,
        -5.000000000000009,
        5.0,
        -4.999999999999982,
        -4.999999999999982,
        -5.000000000000027,
        -4.999999999999982,
        -5.000000000000027,
        -4.999999999999982,
        -4.999999999999982,
        -5.000000000000071,
        -49.99999999999991,
        -1.0000000000000675,
        -4.0000000000000036,
        1.000000000000023,
        0.0,
        3.000000000000025,
        1.9999999999999574,
        1.000000000000023,
        2.0000000000000018,
        0.9999999999999787,
        2.0000000000000018,
        1.000000000000023,
        2.0000000000000018,
        0.9999999999999787,
        2.000000000000024,
        0.9999999999999787,
        34.00000000000001,
        52.0,
        27.0,
        -5.3290705182007514e-14,
        -4.999999999999929,
        -4.999999999999982,
        -4.999999999999982,
        -5.000000000000071,
        -4.999999999999893,
        -5.00000000000016,
        -4.999999999999893,
        -5.000000000000071,
        -4.999999999999893,
        -5.000000000000071,
        -5.000000000000071,
        -4.999999999999893,
        -5.000000000000071,
        -4.999999999999893,
        -5.000000000000071,
        -5.000000000000071,
        -4.999999999999893,
        -5.000000000000071
    ],
    "jerkCost": 27631.99999999997,
    "jerkCostWeighted": 2763.199999999997,
    "steeringAngle": [
        0.0,
        0.0,
        0.0,
        0.0,
        0.0,
        0.0,
        0.0,
        0.0,
        0.0,
        0.0,
        0.0,
        0.0,
        0.0,
        0.0,
        0.0,
        0.0,
        -0.0607927106320858,
        -0.0607927106320858,
        -0.0607927106320858,
        -0.0607927106320858,
        -0.0607927106320858,
        -0.0607927106320858,
        -0.9726833701133728,
        -1.094268798828125,
        -1.398232340812683,
        -0.3039635717868805,
        -0.3039635717868805,
        -1.884574055671692,
        -2.1277449131011963,
        -2.7356719970703125,
        -2.431708574295044,
        -2.5532937049865723,
        -2.85725736618042,
        -3.039635419845581,
        -3.039635419845581,
        -3.039635419845581,
        -0.9118906855583191,
        -0.9118906855583191,
        -0.2431708425283432,
        -0.3647562861442566,
        -0.1823781430721283,
        -0.8510979413986206,
        0.1215854212641716,
        0.4863416850566864,
        0.7903052568435669,
        0.5471343994140625,
        1.5806105136871338,
        0.7295125722885132,
        0.7295125722885132,
        0.7295125722885132,
        0.3647562861442566,
        1.5806105136871338,
        1.5806105136871338,
        1.5198177099227905,
        1.4590251445770264,
        1.3374396562576294,
        1.3374396562576294,
        1.3374396562576294,
        1.3374396562576294,
        1.3374396562576294,
        1.3374396562576294,
        1.3374396562576294,
        1.3374396562576294,
        1.5806105136871338,
        1.762988567352295,
        2.006159543991089,
        2.18853759765625,
        2.370915651321411,
        2.5532937049865723,
        2.7356719970703125,
        2.9180502891540527,
        3.039635419845581,
        3.039635419845581,
        3.039635419845581,
        3.039635419845581,
        3.039635419845581,
        3.039635419845581,
        3.039635419845581,
        3.039635419845581,
        3.039635419845581,
        3.039635419845581,
        3.039635419845581,
        3.039635419845581,
        3.039635419845581,
        3.039635419845581,
        3.039635419845581,
        3.039635419845581,
        3.039635419845581,
        3.039635419845581,
        3.039635419845581,
        3.039635419845581,
        3.039635419845581,
        3.039635419845581,
        3.039635419845581,
        3.039635419845581,
        3.039635419845581,
        3.039635419845581,
        2.006159543991089,
        2.18853759765625,
        1.5198177099227905,
        1.6414031982421875,
        1.7021958827972412,
        1.8237813711166382,
        1.884574055671692,
        1.9453667402267456,
        1.9453667402267456,
        2.006159543991089,
        1.2766468524932861,
        1.2766468524932861
    ],
    "steeringAngleCost": 0.1282973825593986,
    "steeringAngleCostWeighted": 0.1282973825593986,
    "steeringRate": [
        0.0,
        0.0,
        0.0,
        0.0,
        0.0,
        0.0,
        0.0,
        0.0,
        0.0,
        0.0,
        0.0,
        0.0,
        0.0,
        0.0,
        0.0,
        -0.607927106320858,
        0.0,
        0.0,
        0.0,
        0.0,
        0.0,
        -9.11890659481287,
        -1.215854287147522,
        -3.039635419845581,
        10.942687690258026,
        0.0,
        -15.806104838848114,
        -2.431708574295044,
        -6.079270839691162,
        3.0396342277526855,
        -1.2158513069152832,
        -3.0396366119384766,
        -1.8237805366516113,
        0.0,
        0.0,
        21.27744734287262,
        0.0,
        6.687198430299759,
        -1.215854436159134,
        1.823781430721283,
        -6.687197983264923,
        9.726833626627922,
        3.647562637925148,
        3.039635717868805,
        -2.431708574295044,
        10.334761142730713,
        -8.510979413986206,
        0.0,
        0.0,
        -3.647562861442566,
        12.158542275428772,
        0.0,
        -0.6079280376434326,
        -0.6079256534576416,
        -1.2158548831939697,
        0.0,
        0.0,
        0.0,
        0.0,
        0.0,
        0.0,
        0.0,
        2.431708574295044,
        1.8237805366516113,
        2.4317097663879395,
        1.8237805366516113,
        1.8237805366516113,
        1.8237805366516113,
        1.8237829208374023,
        1.8237829208374023,
        1.2158513069152832,
        0.0,
        0.0,
        0.0,
        0.0,
        0.0,
        0.0,
        0.0,
        0.0,
        0.0,
        0.0,
        0.0,
        0.0,
        0.0,
        0.0,
        0.0,
        0.0,
        0.0,
        0.0,
        0.0,
        0.0,
        0.0,
        0.0,
        0.0,
        0.0,
        0.0,
        -10.334758758544922,
        1.8237805366516113,
        -6.687198877334595,
        1.2158548831939697,
        0.6079268455505371,
        1.2158548831939697,
        0.6079268455505371,
        0.6079268455505371,
        0.0,
        0.6079280376434326,
        -7.295126914978027,
        0.0
    ],
    "steeringRateCost": 0.5447702178195196,
    "steeringRateCostWeighted": 0.5447702178195196,
    "yawRate": [
        0.0,
        0.0,
        0.0,
        0.0,
        0.0,
        0.0,
        0.0,
        0.0,
        0.0,
        0.0,
        0.0,
        0.0,
        0.0,
        0.0,
        0.0,
        -0.002747318499034978,
        -0.0030125768368728387,
        -0.003258888150579423,
        -0.0034862524401547317,
        -0.0036946697055987676,
        -0.0038841399469115236,
        -0.06488080745682881,
        -0.07572146930456197,
        -0.09981371605757308,
        -0.022262953478536206,
        -0.022736633339781633,
        -0.14336684377459483,
        -0.16387215669312857,
        -0.21246249341682927,
        -0.1895837963506243,
        -0.1990752248608961,
        -0.22192058130845446,
        -0.2342150117671321,
        -0.23137029502502127,
        -0.22757733936887348,
        -0.06679386404606025,
        -0.06508848879381968,
        -0.01682505195498174,
        -0.024328297907603713,
        -0.011652454755785024,
        -0.05172915404665329,
        0.006639044715480713,
        0.023585812181226573,
        0.03350044666267871,
        0.019951814243349686,
        0.04868342427536698,
        0.018462969201747947,
        0.014643044539318917,
        0.010959545757688594,
        0.003728823230697842,
        0.008967999208620292,
        0.002266637162618157,
        -5.551115123125783e-16,
        -5.551115123125783e-16,
        -5.551115123125783e-16,
        -5.551115123125783e-16,
        0.0,
        0.0,
        0.0,
        0.005253065432596071,
        0.010089220910224073,
        0.015342286342819311,
        0.02384896492841765,
        0.03242856155308699,
        0.04290976062591684,
        0.05268312518970697,
        0.06269729642790461,
        0.07278190220914388,
        0.08276651349972824,
        0.09248063283190333,
        0.091220583530357,
        0.08591044561174932,
        0.07984171656191308,
        0.07396263529488384,
        0.06808355402785488,
        0.06277341610924761,
        0.05784257375625518,
        0.0531013791860703,
        0.04873948018150054,
        0.04456722895973736,
        0.04077427330358985,
        0.03717096543024892,
        0.03394695312252338,
        0.0309125885976054,
        0.028257519638301837,
        0.02579209846180569,
        0.02977470190076076,
        0.04361899004570055,
        0.06258376832644019,
        0.08154854660717956,
        0.09956508597388204,
        0.11663338642654758,
        0.1327534479651761,
        0.14792527058976768,
        0.16214885430032225,
        0.17542419909683987,
        0.12385032950337514,
        0.14330901929842418,
        0.10470678117733105,
        0.11820482209074896,
        0.1273613555299459,
        0.14101334426808984,
        0.14983010312508885,
        0.15830620683831537,
        0.16133889279307256,
        0.1688868129591481,
        0.10864119401952255,
        0.10943710020281605
    ],
    "yawRateCost": 0.8568906940684513,
    "yawRateCostWeighted": 0.8568906940684513,
    "distanceToObstaclesCost": 0.0,
    "distanceToObstaclesCostWeighted": 0.0,
    "distanceToCenterLinesCost": 61.61172201842455,
    "distanceToCenterLinesCostWeighted": 61.61172201842455,
    "obstacles": [
        [],
        [],
        [],
        [],
        [],
        [],
        [],
        [],
        [],
        [],
        [],
        [],
        [],
        [],
        [],
        [],
        [],
        [],
        [],
        [],
        [],
        [],
        [],
        [],
        [],
        [],
        [],
        [],
        [],
        [],
        [],
        [],
        [],
        [],
        [],
        [],
        [],
        [],
        [],
        [],
        [],
        [],
        [],
        [],
        [],
        [],
        [],
        [],
        [],
        [],
        [],
        [],
        [],
        [],
        [],
        [],
        [],
        [],
        [],
        [],
        [],
        [],
        [],
        [],
        [],
        [],
        [],
        [],
        [],
        [],
        [],
        [],
        [],
        [],
        [],
        [],
        [],
        [],
        [],
        [],
        [],
        [],
        [],
        [],
        [],
        [],
        [],
        [],
        [],
        [],
        [],
        [],
        [],
        [],
        [],
        [],
        [],
        [],
        [],
        [],
        [],
        [],
        [],
        [],
        [],
        [],
        [],
        [],
        []
    ],
    "costSum": 30846.936680312843,
    "costSumWeighted": 5978.136680312869
}