{
    "name": "",
    "pathLength": 39.95299999999999,
    "pathLengthWeighted": 39.95299999999999,
    "time": 15.99999999999996,
    "timeWeighted": 15.99999999999996,
    "collision": 0.0,
    "collisionWeighted": 0.0,
    "stopTrigger": 0.0,
    "stopTriggerWeighted": 0.0,
    "dimension": [
        5.0,
        2.0
    ],
    "timeSteps": [
        0.0,
        0.1,
        0.2,
        0.30000000000000004,
        0.4,
        0.5,
        0.6000000000000001,
        0.7000000000000001,
        0.8,
        0.9,
        1.0,
        1.1,
        1.2000000000000002,
        1.3,
        1.4000000000000001,
        1.5,
        1.6,
        1.7000000000000002,
        1.8,
        1.9000000000000001,
        2.0,
        2.1,
        2.2,
        2.3000000000000003,
        2.4000000000000004,
        2.5,
        2.6,
        2.7,
        2.8000000000000003,
        2.9000000000000004,
        3.0,
        3.1,
        3.2,
        3.3000000000000003,
        3.4000000000000004,
        3.5,
        3.6,
        3.7,
        3.8000000000000003,
        3.9000000000000004,
        4.0,
        4.1000000000000005,
        4.2,
        4.3,
        4.4,
        4.5,
        4.6000000000000005,
        4.7,
        4.800000000000001,
        4.9,
        5.0,
        5.1000000000000005,
        5.2,
        5.300000000000001,
        5.4,
        5.5,
        5.6000000000000005,
        5.7,
        5.800000000000001,
        5.9,
        6.0,
        6.1000000000000005,
        6.2,
        6.300000000000001,
        6.4,
        6.5,
        6.6000000000000005,
        6.7,
        6.800000000000001,
        6.9,
        7.0,
        7.1000000000000005,
        7.2,
        7.300000000000001,
        7.4,
        7.5,
        7.6000000000000005,
        7.7,
        7.800000000000001,
        7.9,
        8.0,
        8.1,
        8.200000000000001,
        8.3,
        8.4,
        8.5,
        8.6,
        8.700000000000001,
        8.8,
        8.9,
        9.0,
        9.1,
        9.200000000000001,
        9.3,
        9.4,
        9.5,
        9.600000000000001,
        9.700000000000001,
        9.8,
        9.9,
        10.0,
        10.100000000000001,
        10.200000000000001,
        10.3,
        10.4,
        10.5,
        10.600000000000001,
        10.700000000000001,
        10.8,
        10.9,
        11.0,
        11.100000000000001,
        11.200000000000001,
        11.3,
        11.4,
        11.5,
        11.600000000000001,
        11.700000000000001,
        11.8,
        11.9,
        12.0,
        12.100000000000001,
        12.200000000000001,
        12.3,
        12.4,
        12.5,
        12.600000000000001,
        12.700000000000001,
        12.8,
        12.9,
        13.0,
        13.100000000000001,
        13.200000000000001,
        13.3,
        13.4,
        13.5,
        13.600000000000001,
        13.700000000000001,
        13.8,
        13.9,
        14.0,
        14.100000000000001,
        14.200000000000001,
        14.3,
        14.4,
        14.5,
        14.600000000000001,
        14.700000000000001,
        14.8,
        14.9,
        15.0,
        15.100000000000001,
        15.200000000000001,
        15.3,
        15.4,
        15.5,
        15.600000000000001,
        15.700000000000001,
        15.8,
        15.9
    ],
    "position": [
        [
            0.0,
            -5.0
        ],
        [
            0.0,
            -5.0
        ],
        [
            0.0,
            -5.0
        ],
        [
            0.0,
            -5.0
        ],
        [
            0.0,
            -5.0
        ],
        [
            0.0,
            -5.0
        ],
        [
            0.0,
            -5.0
        ],
        [
            0.0,
            -5.0
        ],
        [
            0.0,
            -5.0
        ],
        [
            0.0,
            -5.0
        ],
        [
            0.009000000000000001,
            -5.0
        ],
        [
            0.031000000000000007,
            -5.0
        ],
        [
            0.067,
            -5.0
        ],
        [
            0.117,
            -5.0
        ],
        [
            0.181,
            -5.0
        ],
        [
            0.259,
            -5.0
        ],
        [
            0.35100000000000003,
            -5.0
        ],
        [
            0.4570000000000001,
            -5.0
        ],
        [
            0.5770000000000001,
            -5.0
        ],
        [
            0.7100000000000001,
            -5.0
        ],
        [
            0.8550000000000001,
            -5.0
        ],
        [
            1.012,
            -5.0
        ],
        [
            1.182,
            -5.0
        ],
        [
            1.365,
            -5.0
        ],
        [
            1.561,
            -5.0
        ],
        [
            1.769,
            -5.0
        ],
        [
            1.988,
            -5.0
        ],
        [
            2.217,
            -5.0
        ],
        [
            2.454,
            -5.0
        ],
        [
            2.6980000000000004,
            -5.0
        ],
        [
            2.9480000000000004,
            -5.0
        ],
        [
            3.2020000000000004,
            -5.0
        ],
        [
            3.458,
            -5.0
        ],
        [
            3.7140000000000004,
            -5.0
        ],
        [
            3.9700000000000006,
            -5.0
        ],
        [
            4.2250000000000005,
            -5.0
        ],
        [
            4.479000000000001,
            -5.0
        ],
        [
            4.731000000000001,
            -5.0
        ],
        [
            4.98,
            -5.0
        ],
        [
            5.2250000000000005,
            -5.0
        ],
        [
            5.465000000000001,
            -5.0
        ],
        [
            5.698,
            -5.0
        ],
        [
            5.924,
            -5.0
        ],
        [
            6.142,
            -5.0
        ],
        [
            6.352,
            -5.0
        ],
        [
            6.554,
            -5.0
        ],
        [
            6.748,
            -5.0
        ],
        [
            6.9350000000000005,
            -5.0
        ],
        [
            7.115,
            -5.0
        ],
        [
            7.289000000000001,
            -5.0
        ],
        [
            7.458000000000001,
            -5.0
        ],
        [
            7.622000000000001,
            -5.0
        ],
        [
            7.782000000000001,
            -5.0
        ],
        [
            7.939000000000001,
            -5.0
        ],
        [
            8.097000000000001,
            -5.0
        ],
        [
            8.260000000000002,
            -5.0
        ],
        [
            8.429000000000002,
            -5.0
        ],
        [
            8.604000000000003,
            -5.0
        ],
        [
            8.784000000000002,
            -5.0
        ],
        [
            8.968000000000002,
            -5.0
        ],
        [
            9.155000000000001,
            -5.0
        ],
        [
            9.344000000000001,
            -5.0
        ],
        [
            9.534,
            -5.0
        ],
        [
            9.724,
            -5.0
        ],
        [
            9.914,
            -5.0
        ],
        [
            10.103,
            -5.0
        ],
        [
            10.29,
            -5.0
        ],
        [
            10.473999999999998,
            -5.0
        ],
        [
            10.653999999999998,
            -5.0
        ],
        [
            10.829999999999998,
            -5.0
        ],
        [
            11.000999999999998,
            -5.0
        ],
        [
            11.166999999999998,
            -5.0
        ],
        [
            11.327999999999998,
            -5.0
        ],
        [
            11.484999999999998,
            -5.0
        ],
        [
            11.637999999999998,
            -5.0
        ],
        [
            11.787999999999998,
            -5.0
        ],
        [
            11.934999999999999,
            -5.0
        ],
        [
            12.079999999999998,
            -5.0
        ],
        [
            12.223999999999998,
            -5.0
        ],
        [
            12.37,
            -5.0
        ],
        [
            12.520999999999999,
            -5.0
        ],
        [
            12.678999999999998,
            -5.0
        ],
        [
            12.845999999999998,
            -5.0
        ],
        [
            13.024,
            -5.0
        ],
        [
            13.213999999999999,
            -5.0
        ],
        [
            13.416999999999998,
            -5.0
        ],
        [
            13.633999999999999,
            -5.0
        ],
        [
            13.864999999999998,
            -5.0
        ],
        [
            14.108999999999998,
            -5.0
        ],
        [
            14.364999999999998,
            -5.0
        ],
        [
            14.631999999999998,
            -5.0
        ],
        [
            14.908999999999997,
            -5.0
        ],
        [
            15.194999999999997,
            -5.0
        ],
        [
            15.487999999999996,
            -5.0
        ],
        [
            15.785999999999996,
            -5.0
        ],
        [
            16.086999999999996,
            -5.0
        ],
        [
            16.388999999999996,
            -5.0
        ],
        [
            16.690999999999995,
            -5.0
        ],
        [
            16.992999999999995,
            -5.0
        ],
        [
            17.293999999999993,
            -5.0
        ],
        [
            17.592999999999993,
            -5.0
        ],
        [
            17.888999999999992,
            -5.0
        ],
        [
            18.180999999999994,
            -5.0
        ],
        [
            18.468999999999994,
            -5.0
        ],
        [
            18.751999999999995,
            -5.0
        ],
        [
            19.029999999999994,
            -5.0
        ],
        [
            19.302999999999994,
            -5.0
        ],
        [
            19.570999999999994,
            -5.0
        ],
        [
            19.833999999999996,
            -5.0
        ],
        [
            20.091999999999995,
            -5.0
        ],
        [
            20.344999999999995,
            -5.0
        ],
        [
            20.593999999999994,
            -5.0
        ],
        [
            20.838999999999995,
            -5.0
        ],
        [
            21.080999999999996,
            -5.0
        ],
        [
            21.320999999999994,
            -5.0
        ],
        [
            21.558999999999994,
            -5.0
        ],
        [
            21.799999999999994,
            -5.0
        ],
        [
            22.046999999999993,
            -5.0
        ],
        [
            22.302999999999994,
            -5.0
        ],
        [
            22.569999999999993,
            -5.0
        ],
        [
            22.847999999999992,
            -5.0
        ],
        [
            23.136999999999993,
            -5.0
        ],
        [
            23.435999999999993,
            -5.0
        ],
        [
            23.743999999999993,
            -5.0
        ],
        [
            24.05999999999999,
            -5.0
        ],
        [
            24.382999999999992,
            -5.0
        ],
        [
            24.71099999999999,
            -5.0
        ],
        [
            25.042999999999992,
            -5.0
        ],
        [
            25.376999999999992,
            -5.0
        ],
        [
            25.711999999999993,
            -5.0
        ],
        [
            26.04799999999999,
            -5.0
        ],
        [
            26.385999999999992,
            -5.0
        ],
        [
            26.726999999999993,
            -5.0
        ],
        [
            27.071999999999992,
            -5.0
        ],
        [
            27.421999999999993,
            -5.0
        ],
        [
            27.778999999999993,
            -5.0
        ],
        [
            28.14399999999999,
            -5.0
        ],
        [
            28.51899999999999,
            -5.0
        ],
        [
            28.90599999999999,
            -5.0
        ],
        [
            29.30599999999999,
            -5.0
        ],
        [
            29.719999234986105,
            -5.000795883729698
        ],
        [
            30.14899656675712,
            -5.002308938041505
        ],
        [
            30.592990592584215,
            -5.00461220308271
        ],
        [
            31.05197965258671,
            -5.007781240480111
        ],
        [
            31.525961808494632,
            -5.011894132513332
        ],
        [
            32.014934821705744,
            -5.017031481172827
        ],
        [
            32.51889613063753,
            -5.0232764070939595
        ],
        [
            33.03784282737481,
            -5.030714548358248
        ],
        [
            33.57180698125992,
            -5.036901822860157
        ],
        [
            34.121612909548254,
            -5.0515114504735665
        ],
        [
            34.687118838606466,
            -5.075155566020823
        ],
        [
            35.266176956924625,
            -5.108196383350842
        ],
        [
            35.8535371752837,
            -5.135618525666541
        ],
        [
            36.44427736396499,
            -5.153140782278782
        ],
        [
            37.035166816444985,
            -5.164571221810827
        ],
        [
            37.6250643980049,
            -5.175564095400567
        ],
        [
            38.2128119244055,
            -5.19279329184085
        ],
        [
            38.796330405573045,
            -5.216503672182062
        ],
        [
            39.3748959948088,
            -5.238928188950167
        ],
        [
            39.948660426359574,
            -5.255371336070503
        ]
    ],
    "orientation": [
        0.0,
        0.0,
        0.0,
        0.0,
        0.0,
        0.0,
        0.0,
        0.0,
        0.0,
        0.0,
        0.0,
        0.0,
        0.0,
        0.0,
        0.0,
        0.0,
        0.0,
        0.0,
        0.0,
        0.0,
        0.0,
        0.0,
        0.0,
        0.0,
        0.0,
        0.0,
        0.0,
        0.0,
        0.0,
        0.0,
        0.0,
        0.0,
        0.0,
        0.0,
        0.0,
        0.0,
        0.0,
        0.0,
        0.0,
        0.0,
        0.0,
        0.0,
        0.0,
        0.0,
        0.0,
        0.0,
        0.0,
        0.0,
        0.0,
        0.0,
        0.0,
        0.0,
        0.0,
        0.0,
        0.0,
        0.0,
        0.0,
        0.0,
        0.0,
        0.0,
        0.0,
        0.0,
        0.0,
        0.0,
        0.0,
        0.0,
        0.0,
        0.0,
        0.0,
        0.0,
        0.0,
        0.0,
        0.0,
        0.0,
        0.0,
        0.0,
        0.0,
        0.0,
        0.0,
        0.0,
        0.0,
        0.0,
        0.0,
        0.0,
        0.0,
        0.0,
        0.0,
        0.0,
        0.0,
        0.0,
        0.0,
        0.0,
        0.0,
        0.0,
        0.0,
        0.0,
        0.0,
        0.0,
        0.0,
        0.0,
        0.0,
        0.0,
        0.0,
        0.0,
        0.0,
        0.0,
        0.0,
        0.0,
        0.0,
        0.0,
        0.0,
        0.0,
        0.0,
        0.0,
        0.0,
        0.0,
        0.0,
        0.0,
        0.0,
        0.0,
        0.0,
        0.0,
        0.0,
        0.0,
        0.0,
        0.0,
        0.0,
        0.0,
        0.0,
        0.0,
        0.0,
        0.0,
        0.0,
        0.0,
        0.0,
        0.0,
        0.0,
        0.0,
        0.0,
        0.0,
        -0.0015484128722107777,
        -0.0031529276600813665,
        -0.004813544363611768,
        -0.006530262982801979,
        -0.008303083517652,
        -0.010132005968161833,
        -0.012017030334331475,
        -0.013958156616160934,
        -0.01196092841867167,
        -0.024319135432221913,
        -0.03916352788909632,
        -0.05437509613112309,
        -0.0477755844187432,
        -0.032275520916953834,
        -0.021213755451666965,
        -0.01900708010238107,
        -0.027808678030407714,
        -0.0387394242769856,
        -0.0387394242769856,
        -0.030147388204388156
    ],
    "velocity": [
        0.0,
        0.0,
        0.0,
        0.0,
        0.0,
        0.0,
        0.0,
        0.0,
        0.0,
        0.0,
        0.09000000000000001,
        0.22000000000000003,
        0.36,
        0.5,
        0.64,
        0.78,
        0.92,
        1.06,
        1.2,
        1.33,
        1.4500000000000002,
        1.5700000000000003,
        1.7000000000000002,
        1.83,
        1.96,
        2.08,
        2.19,
        2.29,
        2.37,
        2.44,
        2.5,
        2.54,
        2.56,
        2.56,
        2.56,
        2.5500000000000003,
        2.5400000000000005,
        2.5200000000000005,
        2.4900000000000007,
        2.4500000000000006,
        2.400000000000001,
        2.330000000000001,
        2.260000000000001,
        2.180000000000001,
        2.100000000000001,
        2.020000000000001,
        1.9400000000000008,
        1.8700000000000008,
        1.8000000000000007,
        1.7400000000000007,
        1.6900000000000006,
        1.6400000000000006,
        1.6000000000000005,
        1.5700000000000005,
        1.5800000000000005,
        1.6300000000000006,
        1.6900000000000006,
        1.7500000000000007,
        1.8000000000000007,
        1.8400000000000007,
        1.8700000000000008,
        1.8900000000000008,
        1.9000000000000008,
        1.9000000000000008,
        1.9000000000000008,
        1.8900000000000008,
        1.8700000000000008,
        1.8400000000000007,
        1.8000000000000007,
        1.7600000000000007,
        1.7100000000000006,
        1.6600000000000006,
        1.6100000000000005,
        1.5700000000000005,
        1.5300000000000005,
        1.5000000000000004,
        1.4700000000000004,
        1.4500000000000004,
        1.4400000000000004,
        1.4600000000000004,
        1.5100000000000005,
        1.5800000000000005,
        1.6700000000000006,
        1.7800000000000007,
        1.9000000000000008,
        2.0300000000000007,
        2.170000000000001,
        2.310000000000001,
        2.440000000000001,
        2.560000000000001,
        2.670000000000001,
        2.770000000000001,
        2.8600000000000008,
        2.9300000000000006,
        2.9800000000000004,
        3.0100000000000002,
        3.02,
        3.02,
        3.02,
        3.0100000000000002,
        2.99,
        2.9600000000000004,
        2.9200000000000004,
        2.8800000000000003,
        2.8300000000000005,
        2.7800000000000007,
        2.730000000000001,
        2.680000000000001,
        2.6300000000000012,
        2.5800000000000014,
        2.5300000000000016,
        2.4900000000000015,
        2.4500000000000015,
        2.4200000000000017,
        2.4000000000000017,
        2.3800000000000017,
        2.4100000000000015,
        2.4700000000000015,
        2.5600000000000014,
        2.6700000000000013,
        2.780000000000001,
        2.890000000000001,
        2.990000000000001,
        3.080000000000001,
        3.160000000000001,
        3.230000000000001,
        3.2800000000000007,
        3.3200000000000007,
        3.3400000000000007,
        3.3500000000000005,
        3.3600000000000003,
        3.3800000000000003,
        3.41,
        3.45,
        3.5,
        3.57,
        3.65,
        3.75,
        3.87,
        4.0,
        4.14,
        4.29,
        4.44,
        4.590000000000001,
        4.740000000000001,
        4.8900000000000015,
        5.040000000000002,
        5.190000000000002,
        5.3400000000000025,
        5.500000000000003,
        5.660000000000003,
        5.8000000000000025,
        5.880000000000003,
        5.910000000000003,
        5.910000000000003,
        5.900000000000003,
        5.8800000000000034,
        5.840000000000003,
        5.790000000000004,
        5.740000000000004
    ],
    "acceleration": [
        0.0,
        0.0,
        0.0,
        0.0,
        0.0,
        0.0,
        0.0,
        0.0,
        0.0,
        0.9,
        1.3,
        1.3999999999999995,
        1.4000000000000001,
        1.4000000000000001,
        1.4000000000000001,
        1.4000000000000001,
        1.4000000000000001,
        1.399999999999999,
        1.3000000000000012,
        1.200000000000001,
        1.200000000000001,
        1.299999999999999,
        1.299999999999999,
        1.299999999999999,
        1.200000000000001,
        1.0999999999999988,
        1.0000000000000009,
        0.8000000000000007,
        0.6999999999999984,
        0.6000000000000005,
        0.40000000000000036,
        0.20000000000000018,
        0.0,
        0.0,
        -0.09999999999999787,
        -0.09999999999999787,
        -0.20000000000000018,
        -0.29999999999999805,
        -0.40000000000000036,
        -0.4999999999999982,
        -0.6999999999999984,
        -0.6999999999999984,
        -0.8000000000000007,
        -0.8000000000000007,
        -0.8000000000000007,
        -0.8000000000000007,
        -0.7000000000000006,
        -0.7000000000000006,
        -0.6000000000000005,
        -0.5000000000000004,
        -0.5000000000000004,
        -0.40000000000000036,
        -0.30000000000000027,
        0.10000000000000009,
        0.5000000000000004,
        0.6000000000000005,
        0.6000000000000005,
        0.5000000000000004,
        0.40000000000000036,
        0.30000000000000027,
        0.20000000000000018,
        0.10000000000000009,
        0.0,
        0.0,
        -0.10000000000000009,
        -0.20000000000000018,
        -0.30000000000000027,
        -0.40000000000000036,
        -0.40000000000000036,
        -0.5000000000000004,
        -0.5000000000000004,
        -0.5000000000000004,
        -0.40000000000000036,
        -0.40000000000000036,
        -0.30000000000000027,
        -0.30000000000000027,
        -0.20000000000000018,
        -0.10000000000000009,
        0.20000000000000018,
        0.5000000000000004,
        0.7000000000000006,
        0.9000000000000008,
        1.100000000000001,
        1.200000000000001,
        1.299999999999999,
        1.4000000000000012,
        1.4000000000000012,
        1.299999999999999,
        1.200000000000001,
        1.0999999999999988,
        1.0000000000000009,
        0.8999999999999986,
        0.6999999999999984,
        0.4999999999999982,
        0.29999999999999805,
        0.09999999999999787,
        0.0,
        0.0,
        -0.09999999999999787,
        -0.20000000000000018,
        -0.29999999999999805,
        -0.40000000000000036,
        -0.40000000000000036,
        -0.4999999999999982,
        -0.4999999999999982,
        -0.4999999999999982,
        -0.4999999999999982,
        -0.4999999999999982,
        -0.4999999999999982,
        -0.4999999999999982,
        -0.40000000000000036,
        -0.40000000000000036,
        -0.29999999999999805,
        -0.20000000000000018,
        -0.20000000000000018,
        0.29999999999999805,
        0.6000000000000005,
        0.8999999999999986,
        1.0999999999999988,
        1.0999999999999988,
        1.0999999999999988,
        1.0000000000000009,
        0.8999999999999986,
        0.8000000000000007,
        0.6999999999999984,
        0.4999999999999982,
        0.40000000000000036,
        0.20000000000000018,
        0.09999999999999787,
        0.09999999999999787,
        0.20000000000000018,
        0.29999999999999805,
        0.40000000000000036,
        0.4999999999999982,
        0.6999999999999984,
        0.8000000000000007,
        1.0000000000000009,
        1.200000000000001,
        1.299999999999999,
        1.3999999999999968,
        1.5000000000000036,
        1.5000000000000036,
        1.5000000000000036,
        1.5000000000000036,
        1.5000000000000036,
        1.5000000000000036,
        1.5000000000000036,
        1.5000000000000036,
        1.6000000000000014,
        1.6000000000000014,
        1.3999999999999968,
        0.8000000000000007,
        0.3000000000000025,
        0.0,
        -0.09999999999999787,
        -0.19999999999999574,
        -0.40000000000000036,
        -0.4999999999999982,
        -0.4999999999999982
    ],
    "accelerationCost": 102.8000000000001,
    "accelerationCostWeighted": 102.8000000000001,
    "jerk": [
        0.0,
        0.0,
        0.0,
        0.0,
        0.0,
        0.0,
        0.0,
        0.0,
        9.0,
        4.0,
        0.9999999999999942,
        6.661338147750939e-15,
        0.0,
        0.0,
        0.0,
        0.0,
        -1.1102230246251565e-14,
        -0.9999999999999787,
        -1.0000000000000009,
        0.0,
        0.9999999999999787,
        0.0,
        0.0,
        -0.9999999999999787,
        -1.000000000000023,
        -0.9999999999999787,
        -2.0000000000000018,
        -1.000000000000023,
        -0.9999999999999787,
        -2.0000000000000018,
        -2.0000000000000018,
        -2.0000000000000018,
        0.0,
        -0.9999999999999787,
        0.0,
        -1.000000000000023,
        -0.9999999999999787,
        -1.000000000000023,
        -0.9999999999999787,
        -2.0000000000000018,
        0.0,
        -1.000000000000023,
        0.0,
        0.0,
        0.0,
        1.0000000000000009,
        0.0,
        1.0000000000000009,
        1.0000000000000009,
        0.0,
        1.0000000000000009,
        1.0000000000000009,
        4.0000000000000036,
        4.0000000000000036,
        1.0000000000000009,
        0.0,
        -1.0000000000000009,
        -1.0000000000000009,
        -1.0000000000000009,
        -1.0000000000000009,
        -1.0000000000000009,
        -1.0000000000000009,
        0.0,
        -1.0000000000000009,
        -1.0000000000000009,
        -1.0000000000000009,
        -1.0000000000000009,
        0.0,
        -1.0000000000000009,
        0.0,
        0.0,
        1.0000000000000009,
        0.0,
        1.0000000000000009,
        0.0,
        1.0000000000000009,
        1.0000000000000009,
        3.0000000000000027,
        3.0000000000000027,
        2.0000000000000018,
        2.0000000000000018,
        2.0000000000000018,
        1.0000000000000009,
        0.9999999999999787,
        1.000000000000023,
        0.0,
        -1.000000000000023,
        -0.9999999999999787,
        -1.000000000000023,
        -0.9999999999999787,
        -1.000000000000023,
        -2.0000000000000018,
        -2.0000000000000018,
        -2.0000000000000018,
        -2.0000000000000018,
        -0.9999999999999787,
        0.0,
        -0.9999999999999787,
        -1.000000000000023,
        -0.9999999999999787,
        -1.000000000000023,
        0.0,
        -0.9999999999999787,
        0.0,
        0.0,
        0.0,
        0.0,
        0.0,
        0.0,
        0.9999999999999787,
        0.0,
        1.000000000000023,
        0.9999999999999787,
        0.0,
        4.999999999999982,
        3.000000000000025,
        2.9999999999999805,
        2.0000000000000018,
        0.0,
        0.0,
        -0.9999999999999787,
        -1.000000000000023,
        -0.9999999999999787,
        -1.000000000000023,
        -2.0000000000000018,
        -0.9999999999999787,
        -2.0000000000000018,
        -1.000000000000023,
        0.0,
        1.000000000000023,
        0.9999999999999787,
        1.000000000000023,
        0.9999999999999787,
        2.0000000000000018,
        1.000000000000023,
        2.0000000000000018,
        2.0000000000000018,
        0.9999999999999787,
        0.9999999999999787,
        1.0000000000000675,
        0.0,
        0.0,
        0.0,
        0.0,
        0.0,
        0.0,
        0.0,
        0.9999999999999787,
        0.0,
        -2.000000000000046,
        -5.999999999999961,
        -4.999999999999982,
        -3.000000000000025,
        -0.9999999999999787,
        -0.9999999999999787,
        -2.000000000000046,
        -0.9999999999999787,
        0.0
    ],
    "jerkCost": 410.9999999999995,
    "jerkCostWeighted": 41.09999999999995,
    "steeringAngle": [
        0.0,
        0.0,
        0.0,
        0.0,
        0.0,
        0.0,
        0.0,
        0.0,
        0.0,
        0.0,
        0.0,
        0.0,
        0.0,
        0.0,
        0.0,
        0.0,
        0.0,
        0.0,
        0.0,
        0.0,
        0.0,
        0.0,
        0.0,
        0.0,
        0.0,
        0.0,
        0.0,
        0.0,
        0.0,
        0.0,
        0.0,
        0.0,
        0.0,
        0.0,
        0.0,
        0.0,
        0.0,
        0.0,
        0.0,
        0.0,
        0.0,
        0.0,
        0.0,
        0.0,
        0.0,
        0.0,
        0.0,
        0.0,
        0.0,
        0.0,
        0.0,
        0.0,
        0.0,
        0.0,
        0.0,
        0.0,
        0.0,
        0.0,
        0.0,
        0.0,
        0.0,
        0.0,
        0.0,
        0.0,
        0.0,
        0.0,
        0.0,
        0.0,
        0.0,
        0.0,
        0.0,
        0.0,
        0.0,
        0.0,
        0.0,
        0.0,
        0.0,
        0.0,
        0.0,
        0.0,
        0.0,
        0.0,
        0.0,
        0.0,
        0.0,
        0.0,
        0.0,
        0.0,
        0.0,
        0.0,
        0.0,
        0.0,
        0.0,
        0.0,
        0.0,
        0.0,
        0.0,
        0.0,
        0.0,
        0.0,
        0.0,
        0.0,
        0.0,
        0.0,
        0.0,
        0.0,
        0.0,
        0.0,
        0.0,
        0.0,
        0.0,
        0.0,
        0.0,
        0.0,
        0.0,
        0.0,
        0.0,
        0.0,
        0.0,
        0.0,
        0.0,
        0.0,
        0.0,
        0.0,
        0.0,
        0.0,
        0.0,
        0.0,
        0.0,
        0.0,
        0.0,
        0.0,
        0.0,
        0.0,
        0.0,
        0.0,
        0.0,
        0.0,
        0.0,
        0.0,
        -0.6000000238418579,
        -0.6000000238418579,
        -0.6000000238418579,
        -0.6000000238418579,
        -0.6000000238418579,
        -0.6000000238418579,
        -0.6000000238418579,
        -0.6000000238418579,
        0.6000000238418579,
        -3.6000001430511475,
        -4.199999809265137,
        -4.199999809265137,
        1.8000000715255737,
        4.199999809265137,
        3.0,
        0.6000000238418579,
        -2.4000000953674316,
        -3.0,
        7.951386796473776e-16,
        2.4000000953674316
    ],
    "steeringAngleCost": 0.031144084293064016,
    "steeringAngleCostWeighted": 0.031144084293064016,
    "steeringRate": [
        0.0,
        0.0,
        0.0,
        0.0,
        0.0,
        0.0,
        0.0,
        0.0,
        0.0,
        0.0,
        0.0,
        0.0,
        0.0,
        0.0,
        0.0,
        0.0,
        0.0,
        0.0,
        0.0,
        0.0,
        0.0,
        0.0,
        0.0,
        0.0,
        0.0,
        0.0,
        0.0,
        0.0,
        0.0,
        0.0,
        0.0,
        0.0,
        0.0,
        0.0,
        0.0,
        0.0,
        0.0,
        0.0,
        0.0,
        0.0,
        0.0,
        0.0,
        0.0,
        0.0,
        0.0,
        0.0,
        0.0,
        0.0,
        0.0,
        0.0,
        0.0,
        0.0,
        0.0,
        0.0,
        0.0,
        0.0,
        0.0,
        0.0,
        0.0,
        0.0,
        0.0,
        0.0,
        0.0,
        0.0,
        0.0,
        0.0,
        0.0,
        0.0,
        0.0,
        0.0,
        0.0,
        0.0,
        0.0,
        0.0,
        0.0,
        0.0,
        0.0,
        0.0,
        0.0,
        0.0,
        0.0,
        0.0,
        0.0,
        0.0,
        0.0,
        0.0,
        0.0,
        0.0,
        0.0,
        0.0,
        0.0,
        0.0,
        0.0,
        0.0,
        0.0,
        0.0,
        0.0,
        0.0,
        0.0,
        0.0,
        0.0,
        0.0,
        0.0,
        0.0,
        0.0,
        0.0,
        0.0,
        0.0,
        0.0,
        0.0,
        0.0,
        0.0,
        0.0,
        0.0,
        0.0,
        0.0,
        0.0,
        0.0,
        0.0,
        0.0,
        0.0,
        0.0,
        0.0,
        0.0,
        0.0,
        0.0,
        0.0,
        0.0,
        0.0,
        0.0,
        0.0,
        0.0,
        0.0,
        0.0,
        0.0,
        0.0,
        0.0,
        0.0,
        0.0,
        -6.000000238418579,
        0.0,
        0.0,
        0.0,
        0.0,
        0.0,
        0.0,
        0.0,
        12.000000476837158,
        -42.000001668930054,
        -5.999996662139893,
        0.0,
        59.999998807907104,
        23.99999737739563,
        -11.999998092651367,
        -23.99999976158142,
        -30.000001192092896,
        -5.999999046325684,
        30.000000000000007,
        24.000000953674306
    ],
    "steeringRateCost": 2.8292865627328125,
    "steeringRateCostWeighted": 2.8292865627328125,
    "yawRate": [
        0.0,
        0.0,
        0.0,
        0.0,
        0.0,
        0.0,
        0.0,
        0.0,
        0.0,
        0.0,
        0.0,
        0.0,
        0.0,
        0.0,
        0.0,
        0.0,
        0.0,
        0.0,
        0.0,
        0.0,
        0.0,
        0.0,
        0.0,
        0.0,
        0.0,
        0.0,
        0.0,
        0.0,
        0.0,
        0.0,
        0.0,
        0.0,
        0.0,
        0.0,
        0.0,
        0.0,
        0.0,
        0.0,
        0.0,
        0.0,
        0.0,
        0.0,
        0.0,
        0.0,
        0.0,
        0.0,
        0.0,
        0.0,
        0.0,
        0.0,
        0.0,
        0.0,
        0.0,
        0.0,
        0.0,
        0.0,
        0.0,
        0.0,
        0.0,
        0.0,
        0.0,
        0.0,
        0.0,
        0.0,
        0.0,
        0.0,
        0.0,
        0.0,
        0.0,
        0.0,
        0.0,
        0.0,
        0.0,
        0.0,
        0.0,
        0.0,
        0.0,
        0.0,
        0.0,
        0.0,
        0.0,
        0.0,
        0.0,
        0.0,
        0.0,
        0.0,
        0.0,
        0.0,
        0.0,
        0.0,
        0.0,
        0.0,
        0.0,
        0.0,
        0.0,
        0.0,
        0.0,
        0.0,
        0.0,
        0.0,
        0.0,
        0.0,
        0.0,
        0.0,
        0.0,
        0.0,
        0.0,
        0.0,
        0.0,
        0.0,
        0.0,
        0.0,
        0.0,
        0.0,
        0.0,
        0.0,
        0.0,
        0.0,
        0.0,
        0.0,
        0.0,
        0.0,
        0.0,
        0.0,
        0.0,
        0.0,
        0.0,
        0.0,
        0.0,
        0.0,
        0.0,
        0.0,
        0.0,
        0.0,
        0.0,
        0.0,
        0.0,
        0.0,
        0.0,
        -0.015484128722107776,
        -0.01604514787870589,
        -0.01660616703530401,
        -0.01716718619190211,
        -0.017728205348500215,
        -0.018289224505098328,
        -0.018850243661696423,
        -0.019411262818294587,
        0.019972281974892647,
        -0.12358207013550243,
        -0.14844392456874406,
        -0.15211568242026768,
        0.06599511712379887,
        0.15500063501789368,
        0.11061765465286869,
        0.022066753492858936,
        -0.08801597928026643,
        -0.10930746246577888,
        0.0,
        0.08592036072597446
    ],
    "yawRateCost": 0.13147579738948617,
    "yawRateCostWeighted": 0.13147579738948617,
    "distanceToObstaclesCost": 50.16371556802089,
    "distanceToObstaclesCostWeighted": 501.63715568020893,
    "distanceToCenterLinesCost": 57.3941327266571,
    "distanceToCenterLinesCostWeighted": 57.3941327266571,
    "obstacles": [
        [
            {
                "position": [
                    10.0,
                    -5.0
                ],
                "dimension": [
                    3.75,
                    2.1
                ],
                "orientation": 0.0
            }
        ],
        [
            {
                "position": [
                    10.0,
                    -5.0
                ],
                "dimension": [
                    3.75,
                    2.1
                ],
                "orientation": 0.0
            }
        ],
        [
            {
                "position": [
                    10.0,
                    -5.0
                ],
                "dimension": [
                    3.75,
                    2.1
                ],
                "orientation": 0.0
            }
        ],
        [
            {
                "position": [
                    10.0,
                    -5.0
                ],
                "dimension": [
                    3.75,
                    2.1
                ],
                "orientation": 0.0
            }
        ],
        [
            {
                "position": [
                    10.0,
                    -5.0
                ],
                "dimension": [
                    3.75,
                    2.1
                ],
                "orientation": 0.0
            }
        ],
        [
            {
                "position": [
                    10.0,
                    -5.0
                ],
                "dimension": [
                    3.75,
                    2.1
                ],
                "orientation": 0.0
            }
        ],
        [
            {
                "position": [
                    10.0,
                    -5.0
                ],
                "dimension": [
                    3.75,
                    2.1
                ],
                "orientation": 0.0
            }
        ],
        [
            {
                "position": [
                    10.0,
                    -5.0
                ],
                "dimension": [
                    3.75,
                    2.1
                ],
                "orientation": 0.0
            }
        ],
        [
            {
                "position": [
                    10.0,
                    -5.0
                ],
                "dimension": [
                    3.75,
                    2.1
                ],
                "orientation": 0.0
            }
        ],
        [
            {
                "position": [
                    10.0,
                    -5.0
                ],
                "dimension": [
                    3.75,
                    2.1
                ],
                "orientation": 0.0
            }
        ],
        [
            {
                "position": [
                    10.0,
                    -5.0
                ],
                "dimension": [
                    3.75,
                    2.1
                ],
                "orientation": 0.0
            }
        ],
        [
            {
                "position": [
                    10.0,
                    -5.0
                ],
                "dimension": [
                    3.75,
                    2.1
                ],
                "orientation": 0.0
            }
        ],
        [
            {
                "position": [
                    10.1875,
                    -5.0
                ],
                "dimension": [
                    3.75,
                    2.1
                ],
                "orientation": 0.0
            }
        ],
        [
            {
                "position": [
                    10.375,
                    -5.0
                ],
                "dimension": [
                    3.75,
                    2.1
                ],
                "orientation": 0.0
            }
        ],
        [
            {
                "position": [
                    10.5625,
                    -5.0
                ],
                "dimension": [
                    3.75,
                    2.1
                ],
                "orientation": 0.0
            }
        ],
        [
            {
                "position": [
                    10.75,
                    -5.0
                ],
                "dimension": [
                    3.75,
                    2.1
                ],
                "orientation": 0.0
            }
        ],
        [
            {
                "position": [
                    10.9375,
                    -5.0
                ],
                "dimension": [
                    3.75,
                    2.1
                ],
                "orientation": 0.0
            }
        ],
        [
            {
                "position": [
                    11.125,
                    -5.0
                ],
                "dimension": [
                    3.75,
                    2.1
                ],
                "orientation": 0.0
            }
        ],
        [
            {
                "position": [
                    11.3125,
                    -5.0
                ],
                "dimension": [
                    3.75,
                    2.1
                ],
                "orientation": 0.0
            }
        ],
        [
            {
                "position": [
                    11.5,
                    -5.0
                ],
                "dimension": [
                    3.75,
                    2.1
                ],
                "orientation": 0.0
            }
        ],
        [
            {
                "position": [
                    11.6875,
                    -5.0
                ],
                "dimension": [
                    3.75,
                    2.1
                ],
                "orientation": 0.0
            }
        ],
        [
            {
                "position": [
                    11.875,
                    -5.0
                ],
                "dimension": [
                    3.75,
                    2.1
                ],
                "orientation": 0.0
            }
        ],
        [
            {
                "position": [
                    12.0625,
                    -5.0
                ],
                "dimension": [
                    3.75,
                    2.1
                ],
                "orientation": 0.0
            }
        ],
        [
            {
                "position": [
                    12.25,
                    -5.0
                ],
                "dimension": [
                    3.75,
                    2.1
                ],
                "orientation": 0.0
            }
        ],
        [
            {
                "position": [
                    12.4375,
                    -5.0
                ],
                "dimension": [
                    3.75,
                    2.1
                ],
                "orientation": 0.0
            }
        ],
        [
            {
                "position": [
                    12.625,
                    -5.0
                ],
                "dimension": [
                    3.75,
                    2.1
                ],
                "orientation": 0.0
            }
        ],
        [
            {
                "position": [
                    12.8125,
                    -5.0
                ],
                "dimension": [
                    3.75,
                    2.1
                ],
                "orientation": 0.0
            }
        ],
        [
            {
                "position": [
                    13.0,
                    -5.0
                ],
                "dimension": [
                    3.75,
                    2.1
                ],
                "orientation": 0.0
            }
        ],
        [
            {
                "position": [
                    13.1875,
                    -5.0
                ],
                "dimension": [
                    3.75,
                    2.1
                ],
                "orientation": 0.0
            }
        ],
        [
            {
                "position": [
                    13.375,
                    -5.0
                ],
                "dimension": [
                    3.75,
                    2.1
                ],
                "orientation": 0.0
            }
        ],
        [
            {
                "position": [
                    13.5625,
                    -5.0
                ],
                "dimension": [
                    3.75,
                    2.1
                ],
                "orientation": 0.0
            }
        ],
        [
            {
                "position": [
                    13.75,
                    -5.0
                ],
                "dimension": [
                    3.75,
                    2.1
                ],
                "orientation": 0.0
            }
        ],
        [
            {
                "position": [
                    13.9375,
                    -5.0
                ],
                "dimension": [
                    3.75,
                    2.1
                ],
                "orientation": 0.0
            }
        ],
        [
            {
                "position": [
                    14.125,
                    -5.0
                ],
                "dimension": [
                    3.75,
                    2.1
                ],
                "orientation": 0.0
            }
        ],
        [
            {
                "position": [
                    14.3125,
                    -5.0
                ],
                "dimension": [
                    3.75,
                    2.1
                ],
                "orientation": 0.0
            }
        ],
        [
            {
                "position": [
                    14.5,
                    -5.0
                ],
                "dimension": [
                    3.75,
                    2.1
                ],
                "orientation": 0.0
            }
        ],
        [
            {
                "position": [
                    14.6875,
                    -5.0
                ],
                "dimension": [
                    3.75,
                    2.1
                ],
                "orientation": 0.0
            }
        ],
        [
            {
                "position": [
                    14.875,
                    -5.0
                ],
                "dimension": [
                    3.75,
                    2.1
                ],
                "orientation": 0.0
            }
        ],
        [
            {
                "position": [
                    15.0,
                    -5.0
                ],
                "dimension": [
                    3.75,
                    2.1
                ],
                "orientation": 0.0
            }
        ],
        [
            {
                "position": [
                    15.1875,
                    -5.0
                ],
                "dimension": [
                    3.75,
                    2.1
                ],
                "orientation": 0.0
            }
        ],
        [
            {
                "position": [
                    15.375,
                    -5.0
                ],
                "dimension": [
                    3.75,
                    2.1
                ],
                "orientation": 0.0
            }
        ],
        [
            {
                "position": [
                    15.5625,
                    -5.0
                ],
                "dimension": [
                    3.75,
                    2.1
                ],
                "orientation": 0.0
            }
        ],
        [
            {
                "position": [
                    15.75,
                    -5.0
                ],
                "dimension": [
                    3.75,
                    2.1
                ],
                "orientation": 0.0
            }
        ],
        [
            {
                "position": [
                    15.9375,
                    -5.0
                ],
                "dimension": [
                    3.75,
                    2.1
                ],
                "orientation": 0.0
            }
        ],
        [
            {
                "position": [
                    16.125,
                    -5.0
                ],
                "dimension": [
                    3.75,
                    2.1
                ],
                "orientation": 0.0
            }
        ],
        [
            {
                "position": [
                    16.3125,
                    -5.0
                ],
                "dimension": [
                    3.75,
                    2.1
                ],
                "orientation": 0.0
            }
        ],
        [
            {
                "position": [
                    16.5,
                    -5.0
                ],
                "dimension": [
                    3.75,
                    2.1
                ],
                "orientation": 0.0
            }
        ],
        [
            {
                "position": [
                    16.6875,
                    -5.0
                ],
                "dimension": [
                    3.75,
                    2.1
                ],
                "orientation": 0.0
            }
        ],
        [
            {
                "position": [
                    16.875,
                    -5.0
                ],
                "dimension": [
                    3.75,
                    2.1
                ],
                "orientation": 0.0
            }
        ],
        [
            {
                "position": [
                    17.0625,
                    -5.0
                ],
                "dimension": [
                    3.75,
                    2.1
                ],
                "orientation": 0.0
            }
        ],
        [
            {
                "position": [
                    17.25,
                    -5.0
                ],
                "dimension": [
                    3.75,
                    2.1
                ],
                "orientation": 0.0
            }
        ],
        [
            {
                "position": [
                    17.4375,
                    -5.0
                ],
                "dimension": [
                    3.75,
                    2.1
                ],
                "orientation": 0.0
            }
        ],
        [
            {
                "position": [
                    17.625,
                    -5.0
                ],
                "dimension": [
                    3.75,
                    2.1
                ],
                "orientation": 0.0
            }
        ],
        [
            {
                "position": [
                    17.8125,
                    -5.0
                ],
                "dimension": [
                    3.75,
                    2.1
                ],
                "orientation": 0.0
            }
        ],
        [
            {
                "position": [
                    18.0,
                    -5.0
                ],
                "dimension": [
                    3.75,
                    2.1
                ],
                "orientation": 0.0
            }
        ],
        [
            {
                "position": [
                    18.1875,
                    -5.0
                ],
                "dimension": [
                    3.75,
                    2.1
                ],
                "orientation": 0.0
            }
        ],
        [
            {
                "position": [
                    18.375,
                    -5.0
                ],
                "dimension": [
                    3.75,
                    2.1
                ],
                "orientation": 0.0
            }
        ],
        [
            {
                "position": [
                    18.5625,
                    -5.0
                ],
                "dimension": [
                    3.75,
                    2.1
                ],
                "orientation": 0.0
            }
        ],
        [
            {
                "position": [
                    18.75,
                    -5.0
                ],
                "dimension": [
                    3.75,
                    2.1
                ],
                "orientation": 0.0
            }
        ],
        [
            {
                "position": [
                    18.9375,
                    -5.0
                ],
                "dimension": [
                    3.75,
                    2.1
                ],
                "orientation": 0.0
            }
        ],
        [
            {
                "position": [
                    19.125,
                    -5.0
                ],
                "dimension": [
                    3.75,
                    2.1
                ],
                "orientation": 0.0
            }
        ],
        [
            {
                "position": [
                    19.3125,
                    -5.0
                ],
                "dimension": [
                    3.75,
                    2.1
                ],
                "orientation": 0.0
            }
        ],
        [
            {
                "position": [
                    19.5,
                    -5.0
                ],
                "dimension": [
                    3.75,
                    2.1
                ],
                "orientation": 0.0
            }
        ],
        [
            {
                "position": [
                    19.6875,
                    -5.0
                ],
                "dimension": [
                    3.75,
                    2.1
                ],
                "orientation": 0.0
            }
        ],
        [
            {
                "position": [
                    19.875,
                    -5.0
                ],
                "dimension": [
                    3.75,
                    2.1
                ],
                "orientation": 0.0
            }
        ],
        [
            {
                "position": [
                    20.0,
                    -5.0
                ],
                "dimension": [
                    3.75,
                    2.1
                ],
                "orientation": 0.0
            }
        ],
        [
            {
                "position": [
                    20.2625,
                    -5.0
                ],
                "dimension": [
                    3.75,
                    2.1
                ],
                "orientation": 0.0
            }
        ],
        [
            {
                "position": [
                    20.525,
                    -5.0
                ],
                "dimension": [
                    3.75,
                    2.1
                ],
                "orientation": 0.0
            }
        ],
        [
            {
                "position": [
                    20.7875,
                    -5.0
                ],
                "dimension": [
                    3.75,
                    2.1
                ],
                "orientation": 0.0
            }
        ],
        [
            {
                "position": [
                    21.05,
                    -5.0
                ],
                "dimension": [
                    3.75,
                    2.1
                ],
                "orientation": 0.0
            }
        ],
        [
            {
                "position": [
                    21.3125,
                    -5.0
                ],
                "dimension": [
                    3.75,
                    2.1
                ],
                "orientation": 0.0
            }
        ],
        [
            {
                "position": [
                    21.575,
                    -5.0
                ],
                "dimension": [
                    3.75,
                    2.1
                ],
                "orientation": 0.0
            }
        ],
        [
            {
                "position": [
                    21.8375,
                    -5.0
                ],
                "dimension": [
                    3.75,
                    2.1
                ],
                "orientation": 0.0
            }
        ],
        [
            {
                "position": [
                    22.1,
                    -5.0
                ],
                "dimension": [
                    3.75,
                    2.1
                ],
                "orientation": 0.0
            }
        ],
        [
            {
                "position": [
                    22.3625,
                    -5.0
                ],
                "dimension": [
                    3.75,
                    2.1
                ],
                "orientation": 0.0
            }
        ],
        [
            {
                "position": [
                    22.625,
                    -5.0
                ],
                "dimension": [
                    3.75,
                    2.1
                ],
                "orientation": 0.0
            }
        ],
        [
            {
                "position": [
                    22.8875,
                    -5.0
                ],
                "dimension": [
                    3.75,
                    2.1
                ],
                "orientation": 0.0
            }
        ],
        [
            {
                "position": [
                    23.15,
                    -5.0
                ],
                "dimension": [
                    3.75,
                    2.1
                ],
                "orientation": 0.0
            }
        ],
        [
            {
                "position": [
                    23.4125,
                    -5.0
                ],
                "dimension": [
                    3.75,
                    2.1
                ],
                "orientation": 0.0
            }
        ],
        [
            {
                "position": [
                    23.675,
                    -5.0
                ],
                "dimension": [
                    3.75,
                    2.1
                ],
                "orientation": 0.0
            }
        ],
        [
            {
                "position": [
                    23.9375,
                    -5.0
                ],
                "dimension": [
                    3.75,
                    2.1
                ],
                "orientation": 0.0
            }
        ],
        [
            {
                "position": [
                    24.2,
                    -5.0
                ],
                "dimension": [
                    3.75,
                    2.1
                ],
                "orientation": 0.0
            }
        ],
        [
            {
                "position": [
                    24.4625,
                    -5.0
                ],
                "dimension": [
                    3.75,
                    2.1
                ],
                "orientation": 0.0
            }
        ],
        [
            {
                "position": [
                    24.725,
                    -5.0
                ],
                "dimension": [
                    3.75,
                    2.1
                ],
                "orientation": 0.0
            }
        ],
        [
            {
                "position": [
                    24.9875,
                    -5.0
                ],
                "dimension": [
                    3.75,
                    2.1
                ],
                "orientation": 0.0
            }
        ],
        [
            {
                "position": [
                    25.25,
                    -5.0
                ],
                "dimension": [
                    3.75,
                    2.1
                ],
                "orientation": 0.0
            }
        ],
        [
            {
                "position": [
                    25.5125,
                    -5.0
                ],
                "dimension": [
                    3.75,
                    2.1
                ],
                "orientation": 0.0
            }
        ],
        [
            {
                "position": [
                    25.775,
                    -5.0
                ],
                "dimension": [
                    3.75,
                    2.1
                ],
                "orientation": 0.0
            }
        ],
        [
            {
                "position": [
                    26.0375,
                    -5.0
                ],
                "dimension": [
                    3.75,
                    2.1
                ],
                "orientation": 0.0
            }
        ],
        [
            {
                "position": [
                    26.3,
                    -5.0
                ],
                "dimension": [
                    3.75,
                    2.1
                ],
                "orientation": 0.0
            }
        ],
        [
            {
                "position": [
                    26.5625,
                    -5.0
                ],
                "dimension": [
                    3.75,
                    2.1
                ],
                "orientation": 0.0
            }
        ],
        [
            {
                "position": [
                    26.825,
                    -5.0
                ],
                "dimension": [
                    3.75,
                    2.1
                ],
                "orientation": 0.0
            }
        ],
        [
            {
                "position": [
                    27.0,
                    -5.0
                ],
                "dimension": [
                    3.75,
                    2.1
                ],
                "orientation": 0.0
            }
        ],
        [
            {
                "position": [
                    27.3,
                    -5.0
                ],
                "dimension": [
                    3.75,
                    2.1
                ],
                "orientation": 0.0
            }
        ],
        [
            {
                "position": [
                    27.6,
                    -5.0
                ],
                "dimension": [
                    3.75,
                    2.1
                ],
                "orientation": 0.0
            }
        ],
        [
            {
                "position": [
                    27.9,
                    -5.0
                ],
                "dimension": [
                    3.75,
                    2.1
                ],
                "orientation": 0.0
            }
        ],
        [
            {
                "position": [
                    28.2,
                    -5.0
                ],
                "dimension": [
                    3.75,
                    2.1
                ],
                "orientation": 0.0
            }
        ],
        [
            {
                "position": [
                    28.5,
                    -5.0
                ],
                "dimension": [
                    3.75,
                    2.1
                ],
                "orientation": 0.0
            }
        ],
        [
            {
                "position": [
                    28.8,
                    -5.0
                ],
                "dimension": [
                    3.75,
                    2.1
                ],
                "orientation": 0.0
            }
        ],
        [
            {
                "position": [
                    29.1,
                    -5.0
                ],
                "dimension": [
                    3.75,
                    2.1
                ],
                "orientation": 0.0
            }
        ],
        [
            {
                "position": [
                    29.4,
                    -5.0
                ],
                "dimension": [
                    3.75,
                    2.1
                ],
                "orientation": 0.0
            }
        ],
        [
            {
                "position": [
                    29.7,
                    -5.0
                ],
                "dimension": [
                    3.75,
                    2.1
                ],
                "orientation": 0.0
            }
        ],
        [
            {
                "position": [
                    30.0,
                    -5.0
                ],
                "dimension": [
                    3.75,
                    2.1
                ],
                "orientation": 0.0
            }
        ],
        [
            {
                "position": [
                    30.3,
                    -5.0
                ],
                "dimension": [
                    3.75,
                    2.1
                ],
                "orientation": 0.0
            }
        ],
        [
            {
                "position": [
                    30.6,
                    -5.0
                ],
                "dimension": [
                    3.75,
                    2.1
                ],
                "orientation": 0.0
            }
        ],
        [
            {
                "position": [
                    30.9,
                    -5.0
                ],
                "dimension": [
                    3.75,
                    2.1
                ],
                "orientation": 0.0
            }
        ],
        [
            {
                "position": [
                    31.2,
                    -5.0
                ],
                "dimension": [
                    3.75,
                    2.1
                ],
                "orientation": 0.0
            }
        ],
        [
            {
                "position": [
                    31.5,
                    -5.0
                ],
                "dimension": [
                    3.75,
                    2.1
                ],
                "orientation": 0.0
            }
        ],
        [
            {
                "position": [
                    31.8,
                    -5.0
                ],
                "dimension": [
                    3.75,
                    2.1
                ],
                "orientation": 0.0
            }
        ],
        [
            {
                "position": [
                    32.1,
                    -5.0
                ],
                "dimension": [
                    3.75,
                    2.1
                ],
                "orientation": 0.0
            }
        ],
        [
            {
                "position": [
                    32.4,
                    -5.0
                ],
                "dimension": [
                    3.75,
                    2.1
                ],
                "orientation": 0.0
            }
        ],
        [
            {
                "position": [
                    32.7,
                    -5.0
                ],
                "dimension": [
                    3.75,
                    2.1
                ],
                "orientation": 0.0
            }
        ],
        [
            {
                "position": [
                    33.0,
                    -5.0
                ],
                "dimension": [
                    3.75,
                    2.1
                ],
                "orientation": 0.0
            }
        ],
        [
            {
                "position": [
                    33.3,
                    -5.0
                ],
                "dimension": [
                    3.75,
                    2.1
                ],
                "orientation": 0.0
            }
        ],
        [
            {
                "position": [
                    33.6,
                    -5.0
                ],
                "dimension": [
                    3.75,
                    2.1
                ],
                "orientation": 0.0
            }
        ],
        [
            {
                "position": [
                    33.9,
                    -5.0
                ],
                "dimension": [
                    3.75,
                    2.1
                ],
                "orientation": 0.0
            }
        ],
        [
            {
                "position": [
                    34.2,
                    -5.0
                ],
                "dimension": [
                    3.75,
                    2.1
                ],
                "orientation": 0.0
            }
        ],
        [
            {
                "position": [
                    34.5,
                    -5.0
                ],
                "dimension": [
                    3.75,
                    2.1
                ],
                "orientation": 0.0
            }
        ],
        [
            {
                "position": [
                    34.8,
                    -5.0
                ],
                "dimension": [
                    3.75,
                    2.1
                ],
                "orientation": 0.0
            }
        ],
        [
            {
                "position": [
                    35.0,
                    -5.0
                ],
                "dimension": [
                    3.75,
                    2.1
                ],
                "orientation": 0.0
            }
        ],
        [
            {
                "position": [
                    35.5625,
                    -5.0
                ],
                "dimension": [
                    3.75,
                    2.1
                ],
                "orientation": 0.0
            }
        ],
        [
            {
                "position": [
                    36.125,
                    -5.0
                ],
                "dimension": [
                    3.75,
                    2.1
                ],
                "orientation": 0.0
            }
        ],
        [
            {
                "position": [
                    36.6875,
                    -5.0
                ],
                "dimension": [
                    3.75,
                    2.1
                ],
                "orientation": 0.0
            }
        ],
        [
            {
                "position": [
                    37.25,
                    -5.0
                ],
                "dimension": [
                    3.75,
                    2.1
                ],
                "orientation": 0.0
            }
        ],
        [
            {
                "position": [
                    37.8125,
                    -5.0
                ],
                "dimension": [
                    3.75,
                    2.1
                ],
                "orientation": 0.0
            }
        ],
        [
            {
                "position": [
                    38.375,
                    -5.0
                ],
                "dimension": [
                    3.75,
                    2.1
                ],
                "orientation": 0.0
            }
        ],
        [
            {
                "position": [
                    38.9375,
                    -5.0
                ],
                "dimension": [
                    3.75,
                    2.1
                ],
                "orientation": 0.0
            }
        ],
        [
            {
                "position": [
                    39.5,
                    -5.0
                ],
                "dimension": [
                    3.75,
                    2.1
                ],
                "orientation": 0.0
            }
        ],
        [
            {
                "position": [
                    40.0625,
                    -5.0
                ],
                "dimension": [
                    3.75,
                    2.1
                ],
                "orientation": 0.0
            }
        ],
        [
            {
                "position": [
                    40.625,
                    -5.0
                ],
                "dimension": [
                    3.75,
                    2.1
                ],
                "orientation": 0.0
            }
        ],
        [
            {
                "position": [
                    41.1875,
                    -5.0
                ],
                "dimension": [
                    3.75,
                    2.1
                ],
                "orientation": 0.0
            }
        ],
        [
            {
                "position": [
                    41.75,
                    -5.0
                ],
                "dimension": [
                    3.75,
                    2.1
                ],
                "orientation": 0.0
            }
        ],
        [
            {
                "position": [
                    42.3125,
                    -5.0
                ],
                "dimension": [
                    3.75,
                    2.1
                ],
                "orientation": 0.0
            }
        ],
        [
            {
                "position": [
                    42.875,
                    -5.0
                ],
                "dimension": [
                    3.75,
                    2.1
                ],
                "orientation": 0.0
            }
        ],
        [
            {
                "position": [
                    43.4375,
                    -5.0
                ],
                "dimension": [
                    3.75,
                    2.1
                ],
                "orientation": 0.0
            }
        ],
        [
            {
                "position": [
                    44.0,
                    -5.0
                ],
                "dimension": [
                    3.75,
                    2.1
                ],
                "orientation": 0.0
            }
        ],
        [
            {
                "position": [
                    44.5625,
                    -5.0
                ],
                "dimension": [
                    3.75,
                    2.1
                ],
                "orientation": 0.0
            }
        ],
        [
            {
                "position": [
                    45.125,
                    -5.0
                ],
                "dimension": [
                    3.75,
                    2.1
                ],
                "orientation": 0.0
            }
        ],
        [
            {
                "position": [
                    45.6875,
                    -5.0
                ],
                "dimension": [
                    3.75,
                    2.1
                ],
                "orientation": 0.0
            }
        ],
        [
            {
                "position": [
                    46.25,
                    -5.0
                ],
                "dimension": [
                    3.75,
                    2.1
                ],
                "orientation": 0.0
            }
        ],
        [
            {
                "position": [
                    46.8125,
                    -5.0
                ],
                "dimension": [
                    3.75,
                    2.1
                ],
                "orientation": 0.0
            }
        ],
        [
            {
                "position": [
                    47.375,
                    -5.0
                ],
                "dimension": [
                    3.75,
                    2.1
                ],
                "orientation": 0.0
            }
        ],
        [
            {
                "position": [
                    47.9375,
                    -5.0
                ],
                "dimension": [
                    3.75,
                    2.1
                ],
                "orientation": 0.0
            }
        ],
        [
            {
                "position": [
                    48.5,
                    -5.0
                ],
                "dimension": [
                    3.75,
                    2.1
                ],
                "orientation": 0.0
            }
        ],
        [
            {
                "position": [
                    49.0625,
                    -5.0
                ],
                "dimension": [
                    3.75,
                    2.1
                ],
                "orientation": 0.0
            }
        ],
        [
            {
                "position": [
                    49.625,
                    -5.0
                ],
                "dimension": [
                    3.75,
                    2.1
                ],
                "orientation": 0.0
            }
        ],
        [
            {
                "position": [
                    49.625,
                    -5.0
                ],
                "dimension": [
                    3.75,
                    2.1
                ],
                "orientation": 0.0
            }
        ],
        [
            {
                "position": [
                    49.625,
                    -5.0
                ],
                "dimension": [
                    3.75,
                    2.1
                ],
                "orientation": 0.0
            }
        ],
        [
            {
                "position": [
                    49.625,
                    -5.0
                ],
                "dimension": [
                    3.75,
                    2.1
                ],
                "orientation": 0.0
            }
        ],
        [
            {
                "position": [
                    49.625,
                    -5.0
                ],
                "dimension": [
                    3.75,
                    2.1
                ],
                "orientation": 0.0
            }
        ],
        [
            {
                "position": [
                    49.625,
                    -5.0
                ],
                "dimension": [
                    3.75,
                    2.1
                ],
                "orientation": 0.0
            }
        ],
        [
            {
                "position": [
                    49.625,
                    -5.0
                ],
                "dimension": [
                    3.75,
                    2.1
                ],
                "orientation": 0.0
            }
        ],
        [
            {
                "position": [
                    49.625,
                    -5.0
                ],
                "dimension": [
                    3.75,
                    2.1
                ],
                "orientation": 0.0
            }
        ],
        [
            {
                "position": [
                    49.625,
                    -5.0
                ],
                "dimension": [
                    3.75,
                    2.1
                ],
                "orientation": 0.0
            }
        ],
        [
            {
                "position": [
                    49.625,
                    -5.0
                ],
                "dimension": [
                    3.75,
                    2.1
                ],
                "orientation": 0.0
            }
        ],
        [
            {
                "position": [
                    49.625,
                    -5.0
                ],
                "dimension": [
                    3.75,
                    2.1
                ],
                "orientation": 0.0
            }
        ],
        [
            {
                "position": [
                    49.625,
                    -5.0
                ],
                "dimension": [
                    3.75,
                    2.1
                ],
                "orientation": 0.0
            }
        ],
        [
            {
                "position": [
                    49.625,
                    -5.0
                ],
                "dimension": [
                    3.75,
                    2.1
                ],
                "orientation": 0.0
            }
        ],
        [
            {
                "position": [
                    49.625,
                    -5.0
                ],
                "dimension": [
                    3.75,
                    2.1
                ],
                "orientation": 0.0
            }
        ],
        [
            {
                "position": [
                    49.625,
                    -5.0
                ],
                "dimension": [
                    3.75,
                    2.1
                ],
                "orientation": 0.0
            }
        ]
    ],
    "costSum": 680.3027547390927,
    "costSumWeighted": 761.8761948512814
}