{
    "name": "",
    "pathLength": 39.866000000000014,
    "pathLengthWeighted": 39.866000000000014,
    "time": 16.09999999999996,
    "timeWeighted": 16.09999999999996,
    "collision": 0.0,
    "collisionWeighted": 0.0,
    "stopTrigger": 0.0,
    "stopTriggerWeighted": 0.0,
    "dimension": [
        5.0,
        2.0
    ],
    "timeSteps": [
        0.0,
        0.1,
        0.2,
        0.30000000000000004,
        0.4,
        0.5,
        0.6000000000000001,
        0.7000000000000001,
        0.8,
        0.9,
        1.0,
        1.1,
        1.2000000000000002,
        1.3,
        1.4000000000000001,
        1.5,
        1.6,
        1.7000000000000002,
        1.8,
        1.9000000000000001,
        2.0,
        2.1,
        2.2,
        2.3000000000000003,
        2.4000000000000004,
        2.5,
        2.6,
        2.7,
        2.8000000000000003,
        2.9000000000000004,
        3.0,
        3.1,
        3.2,
        3.3000000000000003,
        3.4000000000000004,
        3.5,
        3.6,
        3.7,
        3.8000000000000003,
        3.9000000000000004,
        4.0,
        4.1000000000000005,
        4.2,
        4.3,
        4.4,
        4.5,
        4.6000000000000005,
        4.7,
        4.800000000000001,
        4.9,
        5.0,
        5.1000000000000005,
        5.2,
        5.300000000000001,
        5.4,
        5.5,
        5.6000000000000005,
        5.7,
        5.800000000000001,
        5.9,
        6.0,
        6.1000000000000005,
        6.2,
        6.300000000000001,
        6.4,
        6.5,
        6.6000000000000005,
        6.7,
        6.800000000000001,
        6.9,
        7.0,
        7.1000000000000005,
        7.2,
        7.300000000000001,
        7.4,
        7.5,
        7.6000000000000005,
        7.7,
        7.800000000000001,
        7.9,
        8.0,
        8.1,
        8.200000000000001,
        8.3,
        8.4,
        8.5,
        8.6,
        8.700000000000001,
        8.8,
        8.9,
        9.0,
        9.1,
        9.200000000000001,
        9.3,
        9.4,
        9.5,
        9.600000000000001,
        9.700000000000001,
        9.8,
        9.9,
        10.0,
        10.100000000000001,
        10.200000000000001,
        10.3,
        10.4,
        10.5,
        10.600000000000001,
        10.700000000000001,
        10.8,
        10.9,
        11.0,
        11.100000000000001,
        11.200000000000001,
        11.3,
        11.4,
        11.5,
        11.600000000000001,
        11.700000000000001,
        11.8,
        11.9,
        12.0,
        12.100000000000001,
        12.200000000000001,
        12.3,
        12.4,
        12.5,
        12.600000000000001,
        12.700000000000001,
        12.8,
        12.9,
        13.0,
        13.100000000000001,
        13.200000000000001,
        13.3,
        13.4,
        13.5,
        13.600000000000001,
        13.700000000000001,
        13.8,
        13.9,
        14.0,
        14.100000000000001,
        14.200000000000001,
        14.3,
        14.4,
        14.5,
        14.600000000000001,
        14.700000000000001,
        14.8,
        14.9,
        15.0,
        15.100000000000001,
        15.200000000000001,
        15.3,
        15.4,
        15.5,
        15.600000000000001,
        15.700000000000001,
        15.8,
        15.9,
        16.0
    ],
    "position": [
        [
            0.0,
            -5.0
        ],
        [
            0.0,
            -5.0
        ],
        [
            0.0,
            -5.0
        ],
        [
            0.0,
            -5.0
        ],
        [
            0.0,
            -5.0
        ],
        [
            0.0,
            -5.0
        ],
        [
            0.0,
            -5.0
        ],
        [
            0.0,
            -5.0
        ],
        [
            0.008000000000000002,
            -5.0
        ],
        [
            0.026000000000000002,
            -5.0
        ],
        [
            0.054000000000000006,
            -5.0
        ],
        [
            0.09200000000000001,
            -5.0
        ],
        [
            0.139,
            -5.0
        ],
        [
            0.195,
            -5.0
        ],
        [
            0.259,
            -5.0
        ],
        [
            0.331,
            -5.0
        ],
        [
            0.41100000000000003,
            -5.0
        ],
        [
            0.49900000000000005,
            -5.0
        ],
        [
            0.5950000000000001,
            -5.0
        ],
        [
            0.7000000000000002,
            -5.0
        ],
        [
            0.8140000000000003,
            -5.0
        ],
        [
            0.9380000000000004,
            -5.0
        ],
        [
            1.0720000000000005,
            -5.0
        ],
        [
            1.2170000000000005,
            -5.0
        ],
        [
            1.3730000000000007,
            -5.0
        ],
        [
            1.5400000000000007,
            -5.0
        ],
        [
            1.7190000000000007,
            -5.0
        ],
        [
            1.9100000000000008,
            -5.0
        ],
        [
            2.1140000000000008,
            -5.0
        ],
        [
            2.331000000000001,
            -5.0
        ],
        [
            2.561000000000001,
            -5.0
        ],
        [
            2.8040000000000007,
            -5.0
        ],
        [
            3.060000000000001,
            -5.0
        ],
        [
            3.329000000000001,
            -5.0
        ],
        [
            3.610000000000001,
            -5.0
        ],
        [
            3.9030000000000014,
            -5.0
        ],
        [
            4.207000000000002,
            -5.0
        ],
        [
            4.521000000000002,
            -5.0
        ],
        [
            4.8450000000000015,
            -5.0
        ],
        [
            5.178000000000002,
            -5.0
        ],
        [
            5.519000000000002,
            -5.0
        ],
        [
            5.867000000000002,
            -5.0
        ],
        [
            6.221000000000002,
            -5.0
        ],
        [
            6.581000000000002,
            -5.0
        ],
        [
            6.946000000000002,
            -5.0
        ],
        [
            7.315000000000002,
            -5.0
        ],
        [
            7.687000000000002,
            -5.0
        ],
        [
            8.059000000000003,
            -5.0
        ],
        [
            8.430000000000003,
            -5.0
        ],
        [
            8.800000000000004,
            -5.0
        ],
        [
            9.168000000000005,
            -5.0
        ],
        [
            9.533000000000005,
            -5.0
        ],
        [
            9.895000000000005,
            -5.0
        ],
        [
            10.253000000000005,
            -5.0
        ],
        [
            10.606000000000005,
            -5.0
        ],
        [
            10.953000000000005,
            -5.0
        ],
        [
            11.293000000000005,
            -5.0
        ],
        [
            11.625000000000005,
            -5.0
        ],
        [
            11.948000000000006,
            -5.0
        ],
        [
            12.261000000000006,
            -5.0
        ],
        [
            12.563000000000006,
            -5.0
        ],
        [
            12.853000000000007,
            -5.0
        ],
        [
            13.130000000000006,
            -5.0
        ],
        [
            13.393000000000006,
            -5.0
        ],
        [
            13.641000000000005,
            -5.0
        ],
        [
            13.873000000000005,
            -5.0
        ],
        [
            14.088000000000005,
            -5.0
        ],
        [
            14.285000000000005,
            -5.0
        ],
        [
            14.463000000000006,
            -5.0
        ],
        [
            14.621000000000006,
            -5.0
        ],
        [
            14.757000000000007,
            -5.0
        ],
        [
            14.867000000000006,
            -5.0
        ],
        [
            14.948000000000006,
            -5.0
        ],
        [
            15.004000000000007,
            -5.0
        ],
        [
            15.041000000000007,
            -5.0
        ],
        [
            15.064000000000007,
            -5.0
        ],
        [
            15.077000000000007,
            -5.0
        ],
        [
            15.082000000000008,
            -5.0
        ],
        [
            15.082000000000008,
            -5.0
        ],
        [
            15.082000000000008,
            -5.0
        ],
        [
            15.082000000000008,
            -5.0
        ],
        [
            15.082000000000008,
            -5.0
        ],
        [
            15.082000000000008,
            -5.0
        ],
        [
            15.082000000000008,
            -5.0
        ],
        [
            15.082000000000008,
            -5.0
        ],
        [
            15.082000000000008,
            -5.0
        ],
        [
            15.082000000000008,
            -5.0
        ],
        [
            15.082000000000008,
            -5.0
        ],
        [
            15.082000000000008,
            -5.0
        ],
        [
            15.082000000000008,
            -5.0
        ],
        [
            15.082000000000008,
            -5.0
        ],
        [
            15.082000000000008,
            -5.0
        ],
        [
            15.082000000000008,
            -5.0
        ],
        [
            15.085000000000008,
            -5.0
        ],
        [
            15.094000000000008,
            -5.0
        ],
        [
            15.111000000000008,
            -5.0
        ],
        [
            15.137000000000008,
            -5.0
        ],
        [
            15.172000000000008,
            -5.0
        ],
        [
            15.216000000000008,
            -5.0
        ],
        [
            15.268000000000008,
            -5.0
        ],
        [
            15.328000000000008,
            -5.0
        ],
        [
            15.396000000000008,
            -5.0
        ],
        [
            15.472000000000008,
            -5.0
        ],
        [
            15.556000000000008,
            -5.0
        ],
        [
            15.648000000000009,
            -5.0
        ],
        [
            15.748000000000008,
            -5.0
        ],
        [
            15.857000000000008,
            -5.0
        ],
        [
            15.975000000000009,
            -5.0
        ],
        [
            16.10300000000001,
            -5.0
        ],
        [
            16.24100000000001,
            -5.0
        ],
        [
            16.39000000000001,
            -5.0
        ],
        [
            16.55000000000001,
            -5.0
        ],
        [
            16.72100000000001,
            -5.0
        ],
        [
            16.90400000000001,
            -5.0
        ],
        [
            17.09900000000001,
            -5.0
        ],
        [
            17.30700000000001,
            -5.0
        ],
        [
            17.52800000000001,
            -5.0
        ],
        [
            17.76300000000001,
            -5.0
        ],
        [
            18.012000000000008,
            -5.0
        ],
        [
            18.27500000000001,
            -5.0
        ],
        [
            18.553000000000008,
            -5.0
        ],
        [
            18.846000000000007,
            -5.0
        ],
        [
            19.154000000000007,
            -5.0
        ],
        [
            19.477000000000007,
            -5.0
        ],
        [
            19.81500000000001,
            -5.0
        ],
        [
            20.16800000000001,
            -5.0
        ],
        [
            20.53600000000001,
            -5.0
        ],
        [
            20.92000000000001,
            -5.0
        ],
        [
            21.320000000000007,
            -5.0
        ],
        [
            21.736000000000008,
            -5.0
        ],
        [
            22.168000000000006,
            -5.0
        ],
        [
            22.616000000000007,
            -5.0
        ],
        [
            23.080000000000005,
            -5.0
        ],
        [
            23.560000000000006,
            -5.0
        ],
        [
            24.056000000000004,
            -5.0
        ],
        [
            24.568000000000005,
            -5.0
        ],
        [
            25.096000000000004,
            -5.0
        ],
        [
            25.640000000000004,
            -5.0
        ],
        [
            26.200000000000003,
            -5.0
        ],
        [
            26.776000000000003,
            -5.0
        ],
        [
            27.368000000000002,
            -5.0
        ],
        [
            27.976000000000003,
            -5.0
        ],
        [
            28.6,
            -5.0
        ],
        [
            29.240000000000002,
            -5.0
        ],
        [
            29.896,
            -5.0
        ],
        [
            30.567988792709794,
            -5.003881040122516
        ],
        [
            31.253812238192978,
            -5.019443868450796
        ],
        [
            31.945306420099218,
            -5.045897533410899
        ],
        [
            32.633519425596745,
            -5.078819548295431
        ],
        [
            33.314485138605775,
            -5.1163654895687944
        ],
        [
            33.98479663613174,
            -5.146754571234777
        ],
        [
            34.64324958415966,
            -5.173600711242945
        ],
        [
            35.28869345557638,
            -5.200400130091162
        ],
        [
            35.91899765959068,
            -5.230024619992159
        ],
        [
            36.53326275471541,
            -5.260081115320211
        ],
        [
            37.131989886247176,
            -5.2781593333669194
        ],
        [
            37.71296973872063,
            -5.273320839808065
        ],
        [
            38.27596972831287,
            -5.2734290947698375
        ],
        [
            38.82086967612584,
            -5.28387164586771
        ],
        [
            39.34862774036599,
            -5.299853686710174
        ],
        [
            39.85951324791522,
            -5.310670256229584
        ]
    ],
    "orientation": [
        0.0,
        0.0,
        0.0,
        0.0,
        0.0,
        0.0,
        0.0,
        0.0,
        0.0,
        0.0,
        0.0,
        0.0,
        0.0,
        0.0,
        0.0,
        0.0,
        0.0,
        0.0,
        0.0,
        0.0,
        0.0,
        0.0,
        0.0,
        0.0,
        0.0,
        0.0,
        0.0,
        0.0,
        0.0,
        0.0,
        0.0,
        0.0,
        0.0,
        0.0,
        0.0,
        0.0,
        0.0,
        0.0,
        0.0,
        0.0,
        0.0,
        0.0,
        0.0,
        0.0,
        0.0,
        0.0,
        0.0,
        0.0,
        0.0,
        0.0,
        0.0,
        0.0,
        0.0,
        0.0,
        0.0,
        0.0,
        0.0,
        0.0,
        0.0,
        0.0,
        0.0,
        0.0,
        0.0,
        0.0,
        0.0,
        0.0,
        0.0,
        0.0,
        0.0,
        0.0,
        0.0,
        0.0,
        0.0,
        0.0,
        0.0,
        0.0,
        0.0,
        0.0,
        0.0,
        0.0,
        0.0,
        0.0,
        0.0,
        0.0,
        0.0,
        0.0,
        0.0,
        0.0,
        0.0,
        0.0,
        0.0,
        0.0,
        0.0,
        0.0,
        0.0,
        0.0,
        0.0,
        0.0,
        0.0,
        0.0,
        0.0,
        0.0,
        0.0,
        0.0,
        0.0,
        0.0,
        0.0,
        0.0,
        0.0,
        0.0,
        0.0,
        0.0,
        0.0,
        0.0,
        0.0,
        0.0,
        0.0,
        0.0,
        0.0,
        0.0,
        0.0,
        0.0,
        0.0,
        0.0,
        0.0,
        0.0,
        0.0,
        0.0,
        0.0,
        0.0,
        0.0,
        0.0,
        0.0,
        0.0,
        0.0,
        0.0,
        0.0,
        0.0,
        0.0,
        0.0,
        0.0,
        0.0,
        0.0,
        0.0,
        0.0,
        -0.005027281931521625,
        -0.02044133649751338,
        -0.03599020786728932,
        -0.0463036448951981,
        -0.05395818058880878,
        -0.04642710514832086,
        -0.04149707718273641,
        -0.04149707718273641,
        -0.04621763506784079,
        -0.048517813609893025,
        -0.03280793537373088,
        0.002287422331966986,
        0.000181730430868751,
        -0.016162813446685406,
        -0.02802669217969364,
        -0.022291402239173034
    ],
    "velocity": [
        0.0,
        0.0,
        0.0,
        0.0,
        0.0,
        0.0,
        0.0,
        0.0,
        0.08000000000000002,
        0.18000000000000002,
        0.28,
        0.38,
        0.47000000000000003,
        0.56,
        0.6400000000000001,
        0.7200000000000002,
        0.8000000000000003,
        0.8800000000000003,
        0.9600000000000004,
        1.0500000000000005,
        1.1400000000000006,
        1.2400000000000007,
        1.3400000000000007,
        1.4500000000000008,
        1.560000000000001,
        1.670000000000001,
        1.790000000000001,
        1.910000000000001,
        2.040000000000001,
        2.170000000000001,
        2.3000000000000007,
        2.4300000000000006,
        2.5600000000000005,
        2.6900000000000004,
        2.8100000000000005,
        2.9300000000000006,
        3.0400000000000005,
        3.1400000000000006,
        3.2400000000000007,
        3.3300000000000005,
        3.4100000000000006,
        3.4800000000000004,
        3.5400000000000005,
        3.6000000000000005,
        3.6500000000000004,
        3.6900000000000004,
        3.72,
        3.72,
        3.7100000000000004,
        3.7000000000000006,
        3.6800000000000006,
        3.650000000000001,
        3.620000000000001,
        3.580000000000001,
        3.530000000000001,
        3.470000000000001,
        3.4000000000000012,
        3.320000000000001,
        3.2300000000000013,
        3.1300000000000012,
        3.0200000000000014,
        2.9000000000000012,
        2.7700000000000014,
        2.6300000000000012,
        2.4800000000000013,
        2.320000000000001,
        2.1500000000000012,
        1.9700000000000013,
        1.7800000000000014,
        1.5800000000000014,
        1.3600000000000014,
        1.1000000000000014,
        0.8100000000000014,
        0.5600000000000014,
        0.3700000000000014,
        0.2300000000000014,
        0.1300000000000014,
        0.05000000000000138,
        0.0,
        0.0,
        0.0,
        0.0,
        0.0,
        0.0,
        0.0,
        0.0,
        0.0,
        0.0,
        0.0,
        0.0,
        0.0,
        0.0,
        0.0,
        0.03,
        0.09,
        0.17,
        0.26,
        0.35000000000000003,
        0.44000000000000006,
        0.52,
        0.6000000000000001,
        0.6800000000000002,
        0.7600000000000002,
        0.8400000000000003,
        0.9200000000000004,
        1.0000000000000004,
        1.0900000000000005,
        1.1800000000000006,
        1.2800000000000007,
        1.3800000000000008,
        1.4900000000000009,
        1.600000000000001,
        1.710000000000001,
        1.830000000000001,
        1.950000000000001,
        2.080000000000001,
        2.210000000000001,
        2.350000000000001,
        2.490000000000001,
        2.6300000000000012,
        2.780000000000001,
        2.930000000000001,
        3.080000000000001,
        3.230000000000001,
        3.380000000000001,
        3.5300000000000007,
        3.6800000000000006,
        3.8400000000000007,
        4.000000000000001,
        4.160000000000001,
        4.320000000000001,
        4.480000000000001,
        4.6400000000000015,
        4.800000000000002,
        4.960000000000002,
        5.120000000000002,
        5.280000000000002,
        5.440000000000002,
        5.600000000000002,
        5.7600000000000025,
        5.920000000000003,
        6.080000000000003,
        6.240000000000003,
        6.400000000000003,
        6.560000000000003,
        6.720000000000003,
        6.860000000000003,
        6.920000000000003,
        6.890000000000002,
        6.820000000000002,
        6.710000000000002,
        6.590000000000002,
        6.460000000000002,
        6.310000000000001,
        6.150000000000001,
        5.990000000000001,
        5.810000000000001,
        5.630000000000002,
        5.450000000000002,
        5.280000000000002,
        5.110000000000002
    ],
    "acceleration": [
        0.0,
        0.0,
        0.0,
        0.0,
        0.0,
        0.0,
        0.0,
        0.8000000000000002,
        1.0,
        1.0,
        0.9999999999999998,
        0.9000000000000002,
        0.9000000000000002,
        0.8000000000000007,
        0.8000000000000007,
        0.8000000000000007,
        0.8000000000000007,
        0.8000000000000007,
        0.9000000000000008,
        0.9000000000000008,
        1.0000000000000009,
        1.0000000000000009,
        1.100000000000001,
        1.100000000000001,
        1.100000000000001,
        1.1999999999999988,
        1.200000000000001,
        1.299999999999999,
        1.299999999999999,
        1.299999999999999,
        1.299999999999999,
        1.299999999999999,
        1.299999999999999,
        1.200000000000001,
        1.200000000000001,
        1.0999999999999988,
        1.0000000000000009,
        1.0000000000000009,
        0.8999999999999986,
        0.8000000000000007,
        0.6999999999999984,
        0.6000000000000005,
        0.6000000000000005,
        0.4999999999999982,
        0.40000000000000036,
        0.29999999999999805,
        0.0,
        -0.09999999999999787,
        -0.09999999999999787,
        -0.20000000000000018,
        -0.29999999999999805,
        -0.29999999999999805,
        -0.40000000000000036,
        -0.4999999999999982,
        -0.6000000000000005,
        -0.6999999999999984,
        -0.8000000000000007,
        -0.8999999999999986,
        -1.0000000000000009,
        -1.0999999999999988,
        -1.200000000000001,
        -1.299999999999999,
        -1.4000000000000012,
        -1.4999999999999991,
        -1.6000000000000014,
        -1.6999999999999993,
        -1.7999999999999994,
        -1.8999999999999995,
        -1.9999999999999996,
        -2.1999999999999997,
        -2.6,
        -2.9000000000000004,
        -2.5,
        -1.9,
        -1.3999999999999997,
        -1.0,
        -0.8000000000000002,
        -0.5000000000000138,
        0.0,
        0.0,
        0.0,
        0.0,
        0.0,
        0.0,
        0.0,
        0.0,
        0.0,
        0.0,
        0.0,
        0.0,
        0.0,
        0.0,
        0.3,
        0.6,
        0.8000000000000002,
        0.8999999999999999,
        0.9000000000000002,
        0.9000000000000002,
        0.7999999999999996,
        0.8000000000000007,
        0.8000000000000007,
        0.8000000000000007,
        0.8000000000000007,
        0.8000000000000007,
        0.8000000000000007,
        0.9000000000000008,
        0.9000000000000008,
        1.0000000000000009,
        1.0000000000000009,
        1.100000000000001,
        1.100000000000001,
        1.100000000000001,
        1.1999999999999988,
        1.200000000000001,
        1.299999999999999,
        1.299999999999999,
        1.4000000000000012,
        1.4000000000000012,
        1.4000000000000012,
        1.4999999999999991,
        1.4999999999999991,
        1.4999999999999991,
        1.4999999999999991,
        1.4999999999999991,
        1.4999999999999991,
        1.4999999999999991,
        1.6000000000000014,
        1.6000000000000014,
        1.6000000000000014,
        1.6000000000000014,
        1.6000000000000014,
        1.6000000000000014,
        1.6000000000000014,
        1.6000000000000014,
        1.6000000000000014,
        1.6000000000000014,
        1.6000000000000014,
        1.6000000000000014,
        1.6000000000000014,
        1.6000000000000014,
        1.6000000000000014,
        1.6000000000000014,
        1.6000000000000014,
        1.6000000000000014,
        1.6000000000000014,
        1.3999999999999968,
        0.5999999999999961,
        -0.3000000000000025,
        -0.7000000000000028,
        -1.1000000000000032,
        -1.200000000000001,
        -1.299999999999999,
        -1.5000000000000036,
        -1.6000000000000014,
        -1.6000000000000014,
        -1.7999999999999972,
        -1.7999999999999972,
        -1.7999999999999972,
        -1.6999999999999993,
        -1.6999999999999993
    ],
    "accelerationCost": 222.39,
    "accelerationCostWeighted": 222.39,
    "jerk": [
        0.0,
        0.0,
        0.0,
        0.0,
        0.0,
        0.0,
        8.000000000000002,
        1.9999999999999984,
        0.0,
        -2.220446049250313e-15,
        -0.9999999999999953,
        0.0,
        -0.9999999999999953,
        0.0,
        0.0,
        0.0,
        0.0,
        1.0000000000000009,
        0.0,
        1.0000000000000009,
        0.0,
        1.0000000000000009,
        0.0,
        0.0,
        0.9999999999999787,
        2.220446049250313e-14,
        0.9999999999999787,
        0.0,
        0.0,
        0.0,
        0.0,
        0.0,
        -0.9999999999999787,
        0.0,
        -1.000000000000023,
        -0.9999999999999787,
        0.0,
        -1.000000000000023,
        -0.9999999999999787,
        -1.000000000000023,
        -0.9999999999999787,
        0.0,
        -1.000000000000023,
        -0.9999999999999787,
        -1.000000000000023,
        -2.9999999999999805,
        -0.9999999999999787,
        0.0,
        -1.000000000000023,
        -0.9999999999999787,
        0.0,
        -1.000000000000023,
        -0.9999999999999787,
        -1.000000000000023,
        -0.9999999999999787,
        -1.000000000000023,
        -0.9999999999999787,
        -1.000000000000023,
        -0.9999999999999787,
        -1.000000000000023,
        -0.9999999999999787,
        -1.000000000000023,
        -0.9999999999999787,
        -1.000000000000023,
        -0.9999999999999787,
        -1.0000000000000009,
        -1.0000000000000009,
        -1.0000000000000009,
        -2.0000000000000018,
        -4.0000000000000036,
        -3.0000000000000027,
        4.0000000000000036,
        6.000000000000001,
        5.000000000000002,
        3.999999999999997,
        1.9999999999999984,
        2.9999999999998637,
        5.000000000000138,
        0.0,
        0.0,
        0.0,
        0.0,
        0.0,
        0.0,
        0.0,
        0.0,
        0.0,
        0.0,
        0.0,
        0.0,
        0.0,
        2.9999999999999996,
        2.9999999999999996,
        2.0000000000000018,
        0.9999999999999976,
        3.3306690738754696e-15,
        0.0,
        -1.0000000000000064,
        1.1102230246251565e-14,
        0.0,
        0.0,
        0.0,
        0.0,
        0.0,
        1.0000000000000009,
        0.0,
        1.0000000000000009,
        0.0,
        1.0000000000000009,
        0.0,
        0.0,
        0.9999999999999787,
        2.220446049250313e-14,
        0.9999999999999787,
        0.0,
        1.000000000000023,
        0.0,
        0.0,
        0.9999999999999787,
        0.0,
        0.0,
        0.0,
        0.0,
        0.0,
        0.0,
        1.000000000000023,
        0.0,
        0.0,
        0.0,
        0.0,
        0.0,
        0.0,
        0.0,
        0.0,
        0.0,
        0.0,
        0.0,
        0.0,
        0.0,
        0.0,
        0.0,
        0.0,
        0.0,
        0.0,
        -2.000000000000046,
        -8.000000000000007,
        -8.999999999999986,
        -4.0000000000000036,
        -4.0000000000000036,
        -0.9999999999999787,
        -0.9999999999999787,
        -2.000000000000046,
        -0.9999999999999787,
        0.0,
        -1.9999999999999574,
        0.0,
        0.0,
        0.9999999999999787,
        0.0
    ],
    "jerkCost": 499.0000000000002,
    "jerkCostWeighted": 49.90000000000003,
    "steeringAngle": [
        0.0,
        0.0,
        0.0,
        0.0,
        0.0,
        0.0,
        0.0,
        0.0,
        0.0,
        0.0,
        0.0,
        0.0,
        0.0,
        0.0,
        0.0,
        0.0,
        0.0,
        0.0,
        0.0,
        0.0,
        0.0,
        0.0,
        0.0,
        0.0,
        0.0,
        0.0,
        0.0,
        0.0,
        0.0,
        0.0,
        0.0,
        0.0,
        0.0,
        0.0,
        0.0,
        0.0,
        0.0,
        0.0,
        0.0,
        0.0,
        0.0,
        0.0,
        0.0,
        0.0,
        0.0,
        0.0,
        0.0,
        0.0,
        0.0,
        0.0,
        0.0,
        0.0,
        0.0,
        0.0,
        0.0,
        0.0,
        0.0,
        0.0,
        0.0,
        0.0,
        0.0,
        0.0,
        0.0,
        0.0,
        0.0,
        0.0,
        0.0,
        0.0,
        0.0,
        0.0,
        0.0,
        0.0,
        0.0,
        0.0,
        0.0,
        0.0,
        0.0,
        0.0,
        0.0,
        0.0,
        0.0,
        0.0,
        0.0,
        0.0,
        0.0,
        0.0,
        0.0,
        0.0,
        0.0,
        0.0,
        0.0,
        0.0,
        0.0,
        0.0,
        0.0,
        0.0,
        0.0,
        0.0,
        0.0,
        0.0,
        0.0,
        0.0,
        0.0,
        0.0,
        0.0,
        0.0,
        0.0,
        0.0,
        0.0,
        0.0,
        0.0,
        0.0,
        0.0,
        0.0,
        0.0,
        0.0,
        0.0,
        0.0,
        0.0,
        0.0,
        0.0,
        0.0,
        0.0,
        0.0,
        0.0,
        0.0,
        0.0,
        0.0,
        0.0,
        0.0,
        0.0,
        0.0,
        0.0,
        0.0,
        0.0,
        0.0,
        0.0,
        0.0,
        0.0,
        0.0,
        0.0,
        0.0,
        0.0,
        0.0,
        0.0,
        -1.2000000476837158,
        -3.6000001430511475,
        -3.6000001430511475,
        -2.4000000953674316,
        -1.8000000715255737,
        1.8000000715255737,
        1.2000000476837158,
        0.0,
        -1.2000000476837158,
        -0.6000000238418579,
        4.199999809265137,
        9.600000381469727,
        -0.6000000238418579,
        -4.800000190734863,
        -3.6000001430511475,
        1.8000000715255737
    ],
    "steeringAngleCost": 0.05855965651860671,
    "steeringAngleCostWeighted": 0.05855965651860671,
    "steeringRate": [
        0.0,
        0.0,
        0.0,
        0.0,
        0.0,
        0.0,
        0.0,
        0.0,
        0.0,
        0.0,
        0.0,
        0.0,
        0.0,
        0.0,
        0.0,
        0.0,
        0.0,
        0.0,
        0.0,
        0.0,
        0.0,
        0.0,
        0.0,
        0.0,
        0.0,
        0.0,
        0.0,
        0.0,
        0.0,
        0.0,
        0.0,
        0.0,
        0.0,
        0.0,
        0.0,
        0.0,
        0.0,
        0.0,
        0.0,
        0.0,
        0.0,
        0.0,
        0.0,
        0.0,
        0.0,
        0.0,
        0.0,
        0.0,
        0.0,
        0.0,
        0.0,
        0.0,
        0.0,
        0.0,
        0.0,
        0.0,
        0.0,
        0.0,
        0.0,
        0.0,
        0.0,
        0.0,
        0.0,
        0.0,
        0.0,
        0.0,
        0.0,
        0.0,
        0.0,
        0.0,
        0.0,
        0.0,
        0.0,
        0.0,
        0.0,
        0.0,
        0.0,
        0.0,
        0.0,
        0.0,
        0.0,
        0.0,
        0.0,
        0.0,
        0.0,
        0.0,
        0.0,
        0.0,
        0.0,
        0.0,
        0.0,
        0.0,
        0.0,
        0.0,
        0.0,
        0.0,
        0.0,
        0.0,
        0.0,
        0.0,
        0.0,
        0.0,
        0.0,
        0.0,
        0.0,
        0.0,
        0.0,
        0.0,
        0.0,
        0.0,
        0.0,
        0.0,
        0.0,
        0.0,
        0.0,
        0.0,
        0.0,
        0.0,
        0.0,
        0.0,
        0.0,
        0.0,
        0.0,
        0.0,
        0.0,
        0.0,
        0.0,
        0.0,
        0.0,
        0.0,
        0.0,
        0.0,
        0.0,
        0.0,
        0.0,
        0.0,
        0.0,
        0.0,
        0.0,
        0.0,
        0.0,
        0.0,
        0.0,
        0.0,
        -12.000000476837158,
        -24.000000953674316,
        0.0,
        12.000000476837158,
        6.000000238418579,
        36.000001430511475,
        -6.000000238418579,
        -12.000000476837158,
        -12.000000476837158,
        6.000000238418579,
        47.999998331069946,
        54.0000057220459,
        -102.00000405311584,
        -42.000001668930054,
        12.000000476837158,
        54.00000214576721
    ],
    "steeringRateCost": 7.007419694745861,
    "steeringRateCostWeighted": 7.007419694745861,
    "yawRate": [
        0.0,
        0.0,
        0.0,
        0.0,
        0.0,
        0.0,
        0.0,
        0.0,
        0.0,
        0.0,
        0.0,
        0.0,
        0.0,
        0.0,
        0.0,
        0.0,
        0.0,
        0.0,
        0.0,
        0.0,
        0.0,
        0.0,
        0.0,
        0.0,
        0.0,
        0.0,
        0.0,
        0.0,
        0.0,
        0.0,
        0.0,
        0.0,
        0.0,
        0.0,
        0.0,
        0.0,
        0.0,
        0.0,
        0.0,
        0.0,
        0.0,
        0.0,
        0.0,
        0.0,
        0.0,
        0.0,
        0.0,
        0.0,
        0.0,
        0.0,
        0.0,
        0.0,
        0.0,
        0.0,
        0.0,
        0.0,
        0.0,
        0.0,
        0.0,
        0.0,
        0.0,
        0.0,
        0.0,
        0.0,
        0.0,
        0.0,
        0.0,
        0.0,
        0.0,
        0.0,
        0.0,
        0.0,
        0.0,
        0.0,
        0.0,
        0.0,
        0.0,
        0.0,
        0.0,
        0.0,
        0.0,
        0.0,
        0.0,
        0.0,
        0.0,
        0.0,
        0.0,
        0.0,
        0.0,
        0.0,
        0.0,
        0.0,
        0.0,
        0.0,
        0.0,
        0.0,
        0.0,
        0.0,
        0.0,
        0.0,
        0.0,
        0.0,
        0.0,
        0.0,
        0.0,
        0.0,
        0.0,
        0.0,
        0.0,
        0.0,
        0.0,
        0.0,
        0.0,
        0.0,
        0.0,
        0.0,
        0.0,
        0.0,
        0.0,
        0.0,
        0.0,
        0.0,
        0.0,
        0.0,
        0.0,
        0.0,
        0.0,
        0.0,
        0.0,
        0.0,
        0.0,
        0.0,
        0.0,
        0.0,
        0.0,
        0.0,
        0.0,
        0.0,
        0.0,
        0.0,
        0.0,
        0.0,
        0.0,
        0.0,
        -0.05027281931521625,
        -0.15414054565991753,
        -0.1554887136977594,
        -0.10313437027908781,
        -0.0765453569361068,
        0.07531075440487922,
        0.04930027965584449,
        0.0,
        -0.04720557885104379,
        -0.023001785420522364,
        0.15709878236162142,
        0.35095357705697866,
        -0.021056919010982347,
        -0.16344543877554157,
        -0.11863878733008235,
        0.05735289940520607
    ],
    "yawRateCost": 0.270189733270025,
    "yawRateCostWeighted": 0.270189733270025,
    "distanceToObstaclesCost": 49.275011794148,
    "distanceToObstaclesCostWeighted": 492.75011794147997,
    "distanceToCenterLinesCost": 60.60677236842337,
    "distanceToCenterLinesCostWeighted": 60.60677236842337,
    "obstacles": [
        [
            {
                "position": [
                    10.0,
                    -5.0
                ],
                "dimension": [
                    3.75,
                    2.1
                ],
                "orientation": 0.0
            }
        ],
        [
            {
                "position": [
                    10.0,
                    -5.0
                ],
                "dimension": [
                    3.75,
                    2.1
                ],
                "orientation": 0.0
            }
        ],
        [
            {
                "position": [
                    10.0,
                    -5.0
                ],
                "dimension": [
                    3.75,
                    2.1
                ],
                "orientation": 0.0
            }
        ],
        [
            {
                "position": [
                    10.0,
                    -5.0
                ],
                "dimension": [
                    3.75,
                    2.1
                ],
                "orientation": 0.0
            }
        ],
        [
            {
                "position": [
                    10.0,
                    -5.0
                ],
                "dimension": [
                    3.75,
                    2.1
                ],
                "orientation": 0.0
            }
        ],
        [
            {
                "position": [
                    10.0,
                    -5.0
                ],
                "dimension": [
                    3.75,
                    2.1
                ],
                "orientation": 0.0
            }
        ],
        [
            {
                "position": [
                    10.0,
                    -5.0
                ],
                "dimension": [
                    3.75,
                    2.1
                ],
                "orientation": 0.0
            }
        ],
        [
            {
                "position": [
                    10.0,
                    -5.0
                ],
                "dimension": [
                    3.75,
                    2.1
                ],
                "orientation": 0.0
            }
        ],
        [
            {
                "position": [
                    10.0,
                    -5.0
                ],
                "dimension": [
                    3.75,
                    2.1
                ],
                "orientation": 0.0
            }
        ],
        [
            {
                "position": [
                    10.0,
                    -5.0
                ],
                "dimension": [
                    3.75,
                    2.1
                ],
                "orientation": 0.0
            }
        ],
        [
            {
                "position": [
                    10.1875,
                    -5.0
                ],
                "dimension": [
                    3.75,
                    2.1
                ],
                "orientation": 0.0
            }
        ],
        [
            {
                "position": [
                    10.375,
                    -5.0
                ],
                "dimension": [
                    3.75,
                    2.1
                ],
                "orientation": 0.0
            }
        ],
        [
            {
                "position": [
                    10.5625,
                    -5.0
                ],
                "dimension": [
                    3.75,
                    2.1
                ],
                "orientation": 0.0
            }
        ],
        [
            {
                "position": [
                    10.75,
                    -5.0
                ],
                "dimension": [
                    3.75,
                    2.1
                ],
                "orientation": 0.0
            }
        ],
        [
            {
                "position": [
                    10.9375,
                    -5.0
                ],
                "dimension": [
                    3.75,
                    2.1
                ],
                "orientation": 0.0
            }
        ],
        [
            {
                "position": [
                    11.125,
                    -5.0
                ],
                "dimension": [
                    3.75,
                    2.1
                ],
                "orientation": 0.0
            }
        ],
        [
            {
                "position": [
                    11.3125,
                    -5.0
                ],
                "dimension": [
                    3.75,
                    2.1
                ],
                "orientation": 0.0
            }
        ],
        [
            {
                "position": [
                    11.5,
                    -5.0
                ],
                "dimension": [
                    3.75,
                    2.1
                ],
                "orientation": 0.0
            }
        ],
        [
            {
                "position": [
                    11.6875,
                    -5.0
                ],
                "dimension": [
                    3.75,
                    2.1
                ],
                "orientation": 0.0
            }
        ],
        [
            {
                "position": [
                    11.875,
                    -5.0
                ],
                "dimension": [
                    3.75,
                    2.1
                ],
                "orientation": 0.0
            }
        ],
        [
            {
                "position": [
                    12.0625,
                    -5.0
                ],
                "dimension": [
                    3.75,
                    2.1
                ],
                "orientation": 0.0
            }
        ],
        [
            {
                "position": [
                    12.25,
                    -5.0
                ],
                "dimension": [
                    3.75,
                    2.1
                ],
                "orientation": 0.0
            }
        ],
        [
            {
                "position": [
                    12.4375,
                    -5.0
                ],
                "dimension": [
                    3.75,
                    2.1
                ],
                "orientation": 0.0
            }
        ],
        [
            {
                "position": [
                    12.625,
                    -5.0
                ],
                "dimension": [
                    3.75,
                    2.1
                ],
                "orientation": 0.0
            }
        ],
        [
            {
                "position": [
                    12.8125,
                    -5.0
                ],
                "dimension": [
                    3.75,
                    2.1
                ],
                "orientation": 0.0
            }
        ],
        [
            {
                "position": [
                    13.0,
                    -5.0
                ],
                "dimension": [
                    3.75,
                    2.1
                ],
                "orientation": 0.0
            }
        ],
        [
            {
                "position": [
                    13.1875,
                    -5.0
                ],
                "dimension": [
                    3.75,
                    2.1
                ],
                "orientation": 0.0
            }
        ],
        [
            {
                "position": [
                    13.375,
                    -5.0
                ],
                "dimension": [
                    3.75,
                    2.1
                ],
                "orientation": 0.0
            }
        ],
        [
            {
                "position": [
                    13.5625,
                    -5.0
                ],
                "dimension": [
                    3.75,
                    2.1
                ],
                "orientation": 0.0
            }
        ],
        [
            {
                "position": [
                    13.75,
                    -5.0
                ],
                "dimension": [
                    3.75,
                    2.1
                ],
                "orientation": 0.0
            }
        ],
        [
            {
                "position": [
                    13.9375,
                    -5.0
                ],
                "dimension": [
                    3.75,
                    2.1
                ],
                "orientation": 0.0
            }
        ],
        [
            {
                "position": [
                    14.125,
                    -5.0
                ],
                "dimension": [
                    3.75,
                    2.1
                ],
                "orientation": 0.0
            }
        ],
        [
            {
                "position": [
                    14.3125,
                    -5.0
                ],
                "dimension": [
                    3.75,
                    2.1
                ],
                "orientation": 0.0
            }
        ],
        [
            {
                "position": [
                    14.5,
                    -5.0
                ],
                "dimension": [
                    3.75,
                    2.1
                ],
                "orientation": 0.0
            }
        ],
        [
            {
                "position": [
                    14.6875,
                    -5.0
                ],
                "dimension": [
                    3.75,
                    2.1
                ],
                "orientation": 0.0
            }
        ],
        [
            {
                "position": [
                    14.875,
                    -5.0
                ],
                "dimension": [
                    3.75,
                    2.1
                ],
                "orientation": 0.0
            }
        ],
        [
            {
                "position": [
                    15.0,
                    -5.0
                ],
                "dimension": [
                    3.75,
                    2.1
                ],
                "orientation": 0.0
            }
        ],
        [
            {
                "position": [
                    15.1875,
                    -5.0
                ],
                "dimension": [
                    3.75,
                    2.1
                ],
                "orientation": 0.0
            }
        ],
        [
            {
                "position": [
                    15.375,
                    -5.0
                ],
                "dimension": [
                    3.75,
                    2.1
                ],
                "orientation": 0.0
            }
        ],
        [
            {
                "position": [
                    15.5625,
                    -5.0
                ],
                "dimension": [
                    3.75,
                    2.1
                ],
                "orientation": 0.0
            }
        ],
        [
            {
                "position": [
                    15.75,
                    -5.0
                ],
                "dimension": [
                    3.75,
                    2.1
                ],
                "orientation": 0.0
            }
        ],
        [
            {
                "position": [
                    15.9375,
                    -5.0
                ],
                "dimension": [
                    3.75,
                    2.1
                ],
                "orientation": 0.0
            }
        ],
        [
            {
                "position": [
                    16.125,
                    -5.0
                ],
                "dimension": [
                    3.75,
                    2.1
                ],
                "orientation": 0.0
            }
        ],
        [
            {
                "position": [
                    16.3125,
                    -5.0
                ],
                "dimension": [
                    3.75,
                    2.1
                ],
                "orientation": 0.0
            }
        ],
        [
            {
                "position": [
                    16.5,
                    -5.0
                ],
                "dimension": [
                    3.75,
                    2.1
                ],
                "orientation": 0.0
            }
        ],
        [
            {
                "position": [
                    16.6875,
                    -5.0
                ],
                "dimension": [
                    3.75,
                    2.1
                ],
                "orientation": 0.0
            }
        ],
        [
            {
                "position": [
                    16.875,
                    -5.0
                ],
                "dimension": [
                    3.75,
                    2.1
                ],
                "orientation": 0.0
            }
        ],
        [
            {
                "position": [
                    17.0625,
                    -5.0
                ],
                "dimension": [
                    3.75,
                    2.1
                ],
                "orientation": 0.0
            }
        ],
        [
            {
                "position": [
                    17.25,
                    -5.0
                ],
                "dimension": [
                    3.75,
                    2.1
                ],
                "orientation": 0.0
            }
        ],
        [
            {
                "position": [
                    17.4375,
                    -5.0
                ],
                "dimension": [
                    3.75,
                    2.1
                ],
                "orientation": 0.0
            }
        ],
        [
            {
                "position": [
                    17.625,
                    -5.0
                ],
                "dimension": [
                    3.75,
                    2.1
                ],
                "orientation": 0.0
            }
        ],
        [
            {
                "position": [
                    17.8125,
                    -5.0
                ],
                "dimension": [
                    3.75,
                    2.1
                ],
                "orientation": 0.0
            }
        ],
        [
            {
                "position": [
                    18.0,
                    -5.0
                ],
                "dimension": [
                    3.75,
                    2.1
                ],
                "orientation": 0.0
            }
        ],
        [
            {
                "position": [
                    18.1875,
                    -5.0
                ],
                "dimension": [
                    3.75,
                    2.1
                ],
                "orientation": 0.0
            }
        ],
        [
            {
                "position": [
                    18.375,
                    -5.0
                ],
                "dimension": [
                    3.75,
                    2.1
                ],
                "orientation": 0.0
            }
        ],
        [
            {
                "position": [
                    18.5625,
                    -5.0
                ],
                "dimension": [
                    3.75,
                    2.1
                ],
                "orientation": 0.0
            }
        ],
        [
            {
                "position": [
                    18.75,
                    -5.0
                ],
                "dimension": [
                    3.75,
                    2.1
                ],
                "orientation": 0.0
            }
        ],
        [
            {
                "position": [
                    18.9375,
                    -5.0
                ],
                "dimension": [
                    3.75,
                    2.1
                ],
                "orientation": 0.0
            }
        ],
        [
            {
                "position": [
                    19.125,
                    -5.0
                ],
                "dimension": [
                    3.75,
                    2.1
                ],
                "orientation": 0.0
            }
        ],
        [
            {
                "position": [
                    19.3125,
                    -5.0
                ],
                "dimension": [
                    3.75,
                    2.1
                ],
                "orientation": 0.0
            }
        ],
        [
            {
                "position": [
                    19.5,
                    -5.0
                ],
                "dimension": [
                    3.75,
                    2.1
                ],
                "orientation": 0.0
            }
        ],
        [
            {
                "position": [
                    19.6875,
                    -5.0
                ],
                "dimension": [
                    3.75,
                    2.1
                ],
                "orientation": 0.0
            }
        ],
        [
            {
                "position": [
                    19.875,
                    -5.0
                ],
                "dimension": [
                    3.75,
                    2.1
                ],
                "orientation": 0.0
            }
        ],
        [
            {
                "position": [
                    20.0,
                    -5.0
                ],
                "dimension": [
                    3.75,
                    2.1
                ],
                "orientation": 0.0
            }
        ],
        [
            {
                "position": [
                    20.2625,
                    -5.0
                ],
                "dimension": [
                    3.75,
                    2.1
                ],
                "orientation": 0.0
            }
        ],
        [
            {
                "position": [
                    20.525,
                    -5.0
                ],
                "dimension": [
                    3.75,
                    2.1
                ],
                "orientation": 0.0
            }
        ],
        [
            {
                "position": [
                    20.7875,
                    -5.0
                ],
                "dimension": [
                    3.75,
                    2.1
                ],
                "orientation": 0.0
            }
        ],
        [
            {
                "position": [
                    21.05,
                    -5.0
                ],
                "dimension": [
                    3.75,
                    2.1
                ],
                "orientation": 0.0
            }
        ],
        [
            {
                "position": [
                    21.3125,
                    -5.0
                ],
                "dimension": [
                    3.75,
                    2.1
                ],
                "orientation": 0.0
            }
        ],
        [
            {
                "position": [
                    21.575,
                    -5.0
                ],
                "dimension": [
                    3.75,
                    2.1
                ],
                "orientation": 0.0
            }
        ],
        [
            {
                "position": [
                    21.8375,
                    -5.0
                ],
                "dimension": [
                    3.75,
                    2.1
                ],
                "orientation": 0.0
            }
        ],
        [
            {
                "position": [
                    22.1,
                    -5.0
                ],
                "dimension": [
                    3.75,
                    2.1
                ],
                "orientation": 0.0
            }
        ],
        [
            {
                "position": [
                    22.3625,
                    -5.0
                ],
                "dimension": [
                    3.75,
                    2.1
                ],
                "orientation": 0.0
            }
        ],
        [
            {
                "position": [
                    22.625,
                    -5.0
                ],
                "dimension": [
                    3.75,
                    2.1
                ],
                "orientation": 0.0
            }
        ],
        [
            {
                "position": [
                    22.8875,
                    -5.0
                ],
                "dimension": [
                    3.75,
                    2.1
                ],
                "orientation": 0.0
            }
        ],
        [
            {
                "position": [
                    23.15,
                    -5.0
                ],
                "dimension": [
                    3.75,
                    2.1
                ],
                "orientation": 0.0
            }
        ],
        [
            {
                "position": [
                    23.4125,
                    -5.0
                ],
                "dimension": [
                    3.75,
                    2.1
                ],
                "orientation": 0.0
            }
        ],
        [
            {
                "position": [
                    23.675,
                    -5.0
                ],
                "dimension": [
                    3.75,
                    2.1
                ],
                "orientation": 0.0
            }
        ],
        [
            {
                "position": [
                    23.9375,
                    -5.0
                ],
                "dimension": [
                    3.75,
                    2.1
                ],
                "orientation": 0.0
            }
        ],
        [
            {
                "position": [
                    24.2,
                    -5.0
                ],
                "dimension": [
                    3.75,
                    2.1
                ],
                "orientation": 0.0
            }
        ],
        [
            {
                "position": [
                    24.4625,
                    -5.0
                ],
                "dimension": [
                    3.75,
                    2.1
                ],
                "orientation": 0.0
            }
        ],
        [
            {
                "position": [
                    24.725,
                    -5.0
                ],
                "dimension": [
                    3.75,
                    2.1
                ],
                "orientation": 0.0
            }
        ],
        [
            {
                "position": [
                    24.9875,
                    -5.0
                ],
                "dimension": [
                    3.75,
                    2.1
                ],
                "orientation": 0.0
            }
        ],
        [
            {
                "position": [
                    25.25,
                    -5.0
                ],
                "dimension": [
                    3.75,
                    2.1
                ],
                "orientation": 0.0
            }
        ],
        [
            {
                "position": [
                    25.5125,
                    -5.0
                ],
                "dimension": [
                    3.75,
                    2.1
                ],
                "orientation": 0.0
            }
        ],
        [
            {
                "position": [
                    25.775,
                    -5.0
                ],
                "dimension": [
                    3.75,
                    2.1
                ],
                "orientation": 0.0
            }
        ],
        [
            {
                "position": [
                    26.0375,
                    -5.0
                ],
                "dimension": [
                    3.75,
                    2.1
                ],
                "orientation": 0.0
            }
        ],
        [
            {
                "position": [
                    26.3,
                    -5.0
                ],
                "dimension": [
                    3.75,
                    2.1
                ],
                "orientation": 0.0
            }
        ],
        [
            {
                "position": [
                    26.5625,
                    -5.0
                ],
                "dimension": [
                    3.75,
                    2.1
                ],
                "orientation": 0.0
            }
        ],
        [
            {
                "position": [
                    26.825,
                    -5.0
                ],
                "dimension": [
                    3.75,
                    2.1
                ],
                "orientation": 0.0
            }
        ],
        [
            {
                "position": [
                    27.0,
                    -5.0
                ],
                "dimension": [
                    3.75,
                    2.1
                ],
                "orientation": 0.0
            }
        ],
        [
            {
                "position": [
                    27.3,
                    -5.0
                ],
                "dimension": [
                    3.75,
                    2.1
                ],
                "orientation": 0.0
            }
        ],
        [
            {
                "position": [
                    27.6,
                    -5.0
                ],
                "dimension": [
                    3.75,
                    2.1
                ],
                "orientation": 0.0
            }
        ],
        [
            {
                "position": [
                    27.9,
                    -5.0
                ],
                "dimension": [
                    3.75,
                    2.1
                ],
                "orientation": 0.0
            }
        ],
        [
            {
                "position": [
                    28.2,
                    -5.0
                ],
                "dimension": [
                    3.75,
                    2.1
                ],
                "orientation": 0.0
            }
        ],
        [
            {
                "position": [
                    28.5,
                    -5.0
                ],
                "dimension": [
                    3.75,
                    2.1
                ],
                "orientation": 0.0
            }
        ],
        [
            {
                "position": [
                    28.8,
                    -5.0
                ],
                "dimension": [
                    3.75,
                    2.1
                ],
                "orientation": 0.0
            }
        ],
        [
            {
                "position": [
                    29.1,
                    -5.0
                ],
                "dimension": [
                    3.75,
                    2.1
                ],
                "orientation": 0.0
            }
        ],
        [
            {
                "position": [
                    29.4,
                    -5.0
                ],
                "dimension": [
                    3.75,
                    2.1
                ],
                "orientation": 0.0
            }
        ],
        [
            {
                "position": [
                    29.7,
                    -5.0
                ],
                "dimension": [
                    3.75,
                    2.1
                ],
                "orientation": 0.0
            }
        ],
        [
            {
                "position": [
                    30.0,
                    -5.0
                ],
                "dimension": [
                    3.75,
                    2.1
                ],
                "orientation": 0.0
            }
        ],
        [
            {
                "position": [
                    30.3,
                    -5.0
                ],
                "dimension": [
                    3.75,
                    2.1
                ],
                "orientation": 0.0
            }
        ],
        [
            {
                "position": [
                    30.6,
                    -5.0
                ],
                "dimension": [
                    3.75,
                    2.1
                ],
                "orientation": 0.0
            }
        ],
        [
            {
                "position": [
                    30.9,
                    -5.0
                ],
                "dimension": [
                    3.75,
                    2.1
                ],
                "orientation": 0.0
            }
        ],
        [
            {
                "position": [
                    31.2,
                    -5.0
                ],
                "dimension": [
                    3.75,
                    2.1
                ],
                "orientation": 0.0
            }
        ],
        [
            {
                "position": [
                    31.5,
                    -5.0
                ],
                "dimension": [
                    3.75,
                    2.1
                ],
                "orientation": 0.0
            }
        ],
        [
            {
                "position": [
                    31.8,
                    -5.0
                ],
                "dimension": [
                    3.75,
                    2.1
                ],
                "orientation": 0.0
            }
        ],
        [
            {
                "position": [
                    32.1,
                    -5.0
                ],
                "dimension": [
                    3.75,
                    2.1
                ],
                "orientation": 0.0
            }
        ],
        [
            {
                "position": [
                    32.4,
                    -5.0
                ],
                "dimension": [
                    3.75,
                    2.1
                ],
                "orientation": 0.0
            }
        ],
        [
            {
                "position": [
                    32.7,
                    -5.0
                ],
                "dimension": [
                    3.75,
                    2.1
                ],
                "orientation": 0.0
            }
        ],
        [
            {
                "position": [
                    33.0,
                    -5.0
                ],
                "dimension": [
                    3.75,
                    2.1
                ],
                "orientation": 0.0
            }
        ],
        [
            {
                "position": [
                    33.3,
                    -5.0
                ],
                "dimension": [
                    3.75,
                    2.1
                ],
                "orientation": 0.0
            }
        ],
        [
            {
                "position": [
                    33.6,
                    -5.0
                ],
                "dimension": [
                    3.75,
                    2.1
                ],
                "orientation": 0.0
            }
        ],
        [
            {
                "position": [
                    33.9,
                    -5.0
                ],
                "dimension": [
                    3.75,
                    2.1
                ],
                "orientation": 0.0
            }
        ],
        [
            {
                "position": [
                    34.2,
                    -5.0
                ],
                "dimension": [
                    3.75,
                    2.1
                ],
                "orientation": 0.0
            }
        ],
        [
            {
                "position": [
                    34.5,
                    -5.0
                ],
                "dimension": [
                    3.75,
                    2.1
                ],
                "orientation": 0.0
            }
        ],
        [
            {
                "position": [
                    34.8,
                    -5.0
                ],
                "dimension": [
                    3.75,
                    2.1
                ],
                "orientation": 0.0
            }
        ],
        [
            {
                "position": [
                    35.0,
                    -5.0
                ],
                "dimension": [
                    3.75,
                    2.1
                ],
                "orientation": 0.0
            }
        ],
        [
            {
                "position": [
                    35.5625,
                    -5.0
                ],
                "dimension": [
                    3.75,
                    2.1
                ],
                "orientation": 0.0
            }
        ],
        [
            {
                "position": [
                    36.125,
                    -5.0
                ],
                "dimension": [
                    3.75,
                    2.1
                ],
                "orientation": 0.0
            }
        ],
        [
            {
                "position": [
                    36.6875,
                    -5.0
                ],
                "dimension": [
                    3.75,
                    2.1
                ],
                "orientation": 0.0
            }
        ],
        [
            {
                "position": [
                    37.25,
                    -5.0
                ],
                "dimension": [
                    3.75,
                    2.1
                ],
                "orientation": 0.0
            }
        ],
        [
            {
                "position": [
                    37.8125,
                    -5.0
                ],
                "dimension": [
                    3.75,
                    2.1
                ],
                "orientation": 0.0
            }
        ],
        [
            {
                "position": [
                    38.375,
                    -5.0
                ],
                "dimension": [
                    3.75,
                    2.1
                ],
                "orientation": 0.0
            }
        ],
        [
            {
                "position": [
                    38.9375,
                    -5.0
                ],
                "dimension": [
                    3.75,
                    2.1
                ],
                "orientation": 0.0
            }
        ],
        [
            {
                "position": [
                    39.5,
                    -5.0
                ],
                "dimension": [
                    3.75,
                    2.1
                ],
                "orientation": 0.0
            }
        ],
        [
            {
                "position": [
                    40.0625,
                    -5.0
                ],
                "dimension": [
                    3.75,
                    2.1
                ],
                "orientation": 0.0
            }
        ],
        [
            {
                "position": [
                    40.625,
                    -5.0
                ],
                "dimension": [
                    3.75,
                    2.1
                ],
                "orientation": 0.0
            }
        ],
        [
            {
                "position": [
                    41.1875,
                    -5.0
                ],
                "dimension": [
                    3.75,
                    2.1
                ],
                "orientation": 0.0
            }
        ],
        [
            {
                "position": [
                    41.75,
                    -5.0
                ],
                "dimension": [
                    3.75,
                    2.1
                ],
                "orientation": 0.0
            }
        ],
        [
            {
                "position": [
                    42.3125,
                    -5.0
                ],
                "dimension": [
                    3.75,
                    2.1
                ],
                "orientation": 0.0
            }
        ],
        [
            {
                "position": [
                    42.875,
                    -5.0
                ],
                "dimension": [
                    3.75,
                    2.1
                ],
                "orientation": 0.0
            }
        ],
        [
            {
                "position": [
                    43.4375,
                    -5.0
                ],
                "dimension": [
                    3.75,
                    2.1
                ],
                "orientation": 0.0
            }
        ],
        [
            {
                "position": [
                    44.0,
                    -5.0
                ],
                "dimension": [
                    3.75,
                    2.1
                ],
                "orientation": 0.0
            }
        ],
        [
            {
                "position": [
                    44.5625,
                    -5.0
                ],
                "dimension": [
                    3.75,
                    2.1
                ],
                "orientation": 0.0
            }
        ],
        [
            {
                "position": [
                    45.125,
                    -5.0
                ],
                "dimension": [
                    3.75,
                    2.1
                ],
                "orientation": 0.0
            }
        ],
        [
            {
                "position": [
                    45.6875,
                    -5.0
                ],
                "dimension": [
                    3.75,
                    2.1
                ],
                "orientation": 0.0
            }
        ],
        [
            {
                "position": [
                    46.25,
                    -5.0
                ],
                "dimension": [
                    3.75,
                    2.1
                ],
                "orientation": 0.0
            }
        ],
        [
            {
                "position": [
                    46.8125,
                    -5.0
                ],
                "dimension": [
                    3.75,
                    2.1
                ],
                "orientation": 0.0
            }
        ],
        [
            {
                "position": [
                    47.375,
                    -5.0
                ],
                "dimension": [
                    3.75,
                    2.1
                ],
                "orientation": 0.0
            }
        ],
        [
            {
                "position": [
                    47.9375,
                    -5.0
                ],
                "dimension": [
                    3.75,
                    2.1
                ],
                "orientation": 0.0
            }
        ],
        [
            {
                "position": [
                    48.5,
                    -5.0
                ],
                "dimension": [
                    3.75,
                    2.1
                ],
                "orientation": 0.0
            }
        ],
        [
            {
                "position": [
                    49.0625,
                    -5.0
                ],
                "dimension": [
                    3.75,
                    2.1
                ],
                "orientation": 0.0
            }
        ],
        [
            {
                "position": [
                    49.625,
                    -5.0
                ],
                "dimension": [
                    3.75,
                    2.1
                ],
                "orientation": 0.0
            }
        ],
        [
            {
                "position": [
                    49.625,
                    -5.0
                ],
                "dimension": [
                    3.75,
                    2.1
                ],
                "orientation": 0.0
            }
        ],
        [
            {
                "position": [
                    49.625,
                    -5.0
                ],
                "dimension": [
                    3.75,
                    2.1
                ],
                "orientation": 0.0
            }
        ],
        [
            {
                "position": [
                    49.625,
                    -5.0
                ],
                "dimension": [
                    3.75,
                    2.1
                ],
                "orientation": 0.0
            }
        ],
        [
            {
                "position": [
                    49.625,
                    -5.0
                ],
                "dimension": [
                    3.75,
                    2.1
                ],
                "orientation": 0.0
            }
        ],
        [
            {
                "position": [
                    49.625,
                    -5.0
                ],
                "dimension": [
                    3.75,
                    2.1
                ],
                "orientation": 0.0
            }
        ],
        [
            {
                "position": [
                    49.625,
                    -5.0
                ],
                "dimension": [
                    3.75,
                    2.1
                ],
                "orientation": 0.0
            }
        ],
        [
            {
                "position": [
                    49.625,
                    -5.0
                ],
                "dimension": [
                    3.75,
                    2.1
                ],
                "orientation": 0.0
            }
        ],
        [
            {
                "position": [
                    49.625,
                    -5.0
                ],
                "dimension": [
                    3.75,
                    2.1
                ],
                "orientation": 0.0
            }
        ],
        [
            {
                "position": [
                    49.625,
                    -5.0
                ],
                "dimension": [
                    3.75,
                    2.1
                ],
                "orientation": 0.0
            }
        ],
        [
            {
                "position": [
                    49.625,
                    -5.0
                ],
                "dimension": [
                    3.75,
                    2.1
                ],
                "orientation": 0.0
            }
        ],
        [
            {
                "position": [
                    49.625,
                    -5.0
                ],
                "dimension": [
                    3.75,
                    2.1
                ],
                "orientation": 0.0
            }
        ],
        [
            {
                "position": [
                    49.625,
                    -5.0
                ],
                "dimension": [
                    3.75,
                    2.1
                ],
                "orientation": 0.0
            }
        ],
        [
            {
                "position": [
                    49.625,
                    -5.0
                ],
                "dimension": [
                    3.75,
                    2.1
                ],
                "orientation": 0.0
            }
        ],
        [
            {
                "position": [
                    49.625,
                    -5.0
                ],
                "dimension": [
                    3.75,
                    2.1
                ],
                "orientation": 0.0
            }
        ],
        [
            {
                "position": [
                    49.625,
                    -5.0
                ],
                "dimension": [
                    3.75,
                    2.1
                ],
                "orientation": 0.0
            }
        ],
        [
            {
                "position": [
                    49.625,
                    -5.0
                ],
                "dimension": [
                    3.75,
                    2.1
                ],
                "orientation": 0.0
            }
        ],
        [
            {
                "position": [
                    49.625,
                    -5.0
                ],
                "dimension": [
                    3.75,
                    2.1
                ],
                "orientation": 0.0
            }
        ]
    ],
    "costSum": 894.573953247106,
    "costSumWeighted": 888.9490593944378
}