{
    "name": "",
    "pathLength": 47.30199999999992,
    "pathLengthWeighted": 47.30199999999992,
    "time": 23.10000000000006,
    "timeWeighted": 23.10000000000006,
    "collision": 0.0,
    "collisionWeighted": 0.0,
    "stopTrigger": 0.0,
    "stopTriggerWeighted": 0.0,
    "dimension": [
        5.0,
        2.0
    ],
    "timeSteps": [
        0.0,
        0.1,
        0.2,
        0.30000000000000004,
        0.4,
        0.5,
        0.6000000000000001,
        0.7000000000000001,
        0.8,
        0.9,
        1.0,
        1.1,
        1.2000000000000002,
        1.3,
        1.4000000000000001,
        1.5,
        1.6,
        1.7000000000000002,
        1.8,
        1.9000000000000001,
        2.0,
        2.1,
        2.2,
        2.3000000000000003,
        2.4000000000000004,
        2.5,
        2.6,
        2.7,
        2.8000000000000003,
        2.9000000000000004,
        3.0,
        3.1,
        3.2,
        3.3000000000000003,
        3.4000000000000004,
        3.5,
        3.6,
        3.7,
        3.8000000000000003,
        3.9000000000000004,
        4.0,
        4.1000000000000005,
        4.2,
        4.3,
        4.4,
        4.5,
        4.6000000000000005,
        4.7,
        4.800000000000001,
        4.9,
        5.0,
        5.1000000000000005,
        5.2,
        5.300000000000001,
        5.4,
        5.5,
        5.6000000000000005,
        5.7,
        5.800000000000001,
        5.9,
        6.0,
        6.1000000000000005,
        6.2,
        6.300000000000001,
        6.4,
        6.5,
        6.6000000000000005,
        6.7,
        6.800000000000001,
        6.9,
        7.0,
        7.1000000000000005,
        7.2,
        7.300000000000001,
        7.4,
        7.5,
        7.6000000000000005,
        7.7,
        7.800000000000001,
        7.9,
        8.0,
        8.1,
        8.200000000000001,
        8.3,
        8.4,
        8.5,
        8.6,
        8.700000000000001,
        8.8,
        8.9,
        9.0,
        9.1,
        9.200000000000001,
        9.3,
        9.4,
        9.5,
        9.600000000000001,
        9.700000000000001,
        9.8,
        9.9,
        10.0,
        10.100000000000001,
        10.200000000000001,
        10.3,
        10.4,
        10.5,
        10.600000000000001,
        10.700000000000001,
        10.8,
        10.9,
        11.0,
        11.100000000000001,
        11.200000000000001,
        11.3,
        11.4,
        11.5,
        11.600000000000001,
        11.700000000000001,
        11.8,
        11.9,
        12.0,
        12.100000000000001,
        12.200000000000001,
        12.3,
        12.4,
        12.5,
        12.600000000000001,
        12.700000000000001,
        12.8,
        12.9,
        13.0,
        13.100000000000001,
        13.200000000000001,
        13.3,
        13.4,
        13.5,
        13.600000000000001,
        13.700000000000001,
        13.8,
        13.9,
        14.0,
        14.100000000000001,
        14.200000000000001,
        14.3,
        14.4,
        14.5,
        14.600000000000001,
        14.700000000000001,
        14.8,
        14.9,
        15.0,
        15.100000000000001,
        15.200000000000001,
        15.3,
        15.4,
        15.5,
        15.600000000000001,
        15.700000000000001,
        15.8,
        15.9,
        16.0,
        16.1,
        16.2,
        16.3,
        16.400000000000002,
        16.5,
        16.6,
        16.7,
        16.8,
        16.900000000000002,
        17.0,
        17.1,
        17.2,
        17.3,
        17.400000000000002,
        17.5,
        17.6,
        17.7,
        17.8,
        17.900000000000002,
        18.0,
        18.1,
        18.2,
        18.3,
        18.400000000000002,
        18.5,
        18.6,
        18.7,
        18.8,
        18.900000000000002,
        19.0,
        19.1,
        19.200000000000003,
        19.3,
        19.400000000000002,
        19.5,
        19.6,
        19.700000000000003,
        19.8,
        19.900000000000002,
        20.0,
        20.1,
        20.200000000000003,
        20.3,
        20.400000000000002,
        20.5,
        20.6,
        20.700000000000003,
        20.8,
        20.900000000000002,
        21.0,
        21.1,
        21.200000000000003,
        21.3,
        21.400000000000002,
        21.5,
        21.6,
        21.700000000000003,
        21.8,
        21.900000000000002,
        22.0,
        22.1,
        22.200000000000003,
        22.3,
        22.400000000000002,
        22.5,
        22.6,
        22.700000000000003,
        22.8,
        22.900000000000002,
        23.0
    ],
    "position": [
        [
            -20.0,
            -5.5
        ],
        [
            -20.0,
            -5.5
        ],
        [
            -20.0,
            -5.5
        ],
        [
            -20.0,
            -5.5
        ],
        [
            -20.0,
            -5.5
        ],
        [
            -20.0,
            -5.5
        ],
        [
            -20.0,
            -5.5
        ],
        [
            -20.0,
            -5.5
        ],
        [
            -20.0,
            -5.5
        ],
        [
            -20.0,
            -5.5
        ],
        [
            -19.976,
            -5.5
        ],
        [
            -19.928,
            -5.5
        ],
        [
            -19.858,
            -5.5
        ],
        [
            -19.768,
            -5.5
        ],
        [
            -19.66,
            -5.5
        ],
        [
            -19.537,
            -5.5
        ],
        [
            -19.401999999999997,
            -5.5
        ],
        [
            -19.257000243555545,
            -5.499734234974074
        ],
        [
            -19.10400092175153,
            -5.499278683097901
        ],
        [
            -18.945002302151185,
            -5.498616138620679
        ],
        [
            -18.782004666706616,
            -5.497738163974584
        ],
        [
            -18.619008223063876,
            -5.496661428250733
        ],
        [
            -18.459013093684963,
            -5.495412999228029
        ],
        [
            -18.30201942009265,
            -5.494003583749796
        ],
        [
            -18.149019543028817,
            -5.494197538519921
        ],
        [
            -18.000023049656463,
            -5.495219772711196
        ],
        [
            -17.85503402436738,
            -5.497003741803349
        ],
        [
            -17.715055605418925,
            -5.49946183632773
        ],
        [
            -17.580090160258383,
            -5.5025161140846865
        ],
        [
            -17.450125076237445,
            -5.50552890936993
        ],
        [
            -17.325165769026835,
            -5.508718194782727
        ],
        [
            -17.205204145622027,
            -5.5117528133885845
        ],
        [
            -17.09023877973466,
            -5.514574983897821
        ],
        [
            -16.980271908016306,
            -5.517274451341438
        ],
        [
            -16.87530353046697,
            -5.519851215719436
        ],
        [
            -16.775333647086647,
            -5.5223052770318155
        ],
        [
            -16.681361956709146,
            -5.524612094665452
        ],
        [
            -16.593388459334463,
            -5.526771668620346
        ],
        [
            -16.510413456128795,
            -5.528808539509621
        ],
        [
            -16.432436947092143,
            -5.530722707333276
        ],
        [
            -16.35945893222451,
            -5.532514172091314
        ],
        [
            -16.29147941152589,
            -5.534182933783732
        ],
        [
            -16.22849838499629,
            -5.53572899241053
        ],
        [
            -16.170515852635702,
            -5.53715234797171
        ],
        [
            -16.117535756382587,
            -5.538604725681021
        ],
        [
            -16.06955498352505,
            -5.539963193933736
        ],
        [
            -16.026573201210915,
            -5.541214748606996
        ],
        [
            -15.987590563219383,
            -5.5423783358280785
        ],
        [
            -15.952606836096564,
            -5.5434454987003985
        ],
        [
            -15.92161867975803,
            -5.544302334004629
        ],
        [
            -15.894626837549424,
            -5.544966001229756
        ],
        [
            -15.871633402290334,
            -5.545515487340572
        ],
        [
            -15.852638569770852,
            -5.545958587280563
        ],
        [
            -15.83764249351351,
            -5.546301657075223
        ],
        [
            -15.826645185734536,
            -5.546545011989972
        ],
        [
            -15.819646801214953,
            -5.546695391895738
        ],
        [
            -15.815647678204654,
            -5.546779148379061
        ],
        [
            -15.814647888651661,
            -5.546799663001354
        ],
        [
            -15.814647888651661,
            -5.546799663001354
        ],
        [
            -15.814647888651661,
            -5.546799663001354
        ],
        [
            -15.814647888651661,
            -5.546799663001354
        ],
        [
            -15.814647888651661,
            -5.546799663001354
        ],
        [
            -15.814647888651661,
            -5.546799663001354
        ],
        [
            -15.814647888651661,
            -5.546799663001354
        ],
        [
            -15.814647888651661,
            -5.546799663001354
        ],
        [
            -15.814647888651661,
            -5.546799663001354
        ],
        [
            -15.814647888651661,
            -5.546799663001354
        ],
        [
            -15.814647888651661,
            -5.546799663001354
        ],
        [
            -15.814647888651661,
            -5.546799663001354
        ],
        [
            -15.814647888651661,
            -5.546799663001354
        ],
        [
            -15.814647888651661,
            -5.546799663001354
        ],
        [
            -15.814647888651661,
            -5.546799663001354
        ],
        [
            -15.814647888651661,
            -5.546799663001354
        ],
        [
            -15.802649985045258,
            -5.547023959794614
        ],
        [
            -15.778653590952027,
            -5.547439977248963
        ],
        [
            -15.743657717034663,
            -5.547977386552966
        ],
        [
            -15.697661457778834,
            -5.548564016308883
        ],
        [
            -15.640664045591834,
            -5.54910715900206
        ],
        [
            -15.573665148991395,
            -5.54949167730293
        ],
        [
            -15.496665222694691,
            -5.549598215099922
        ],
        [
            -15.409665767062556,
            -5.549290449422584
        ],
        [
            -15.311669807718742,
            -5.548400532412217
        ],
        [
            -15.202682476299055,
            -5.546738729170141
        ],
        [
            -15.08270942197154,
            -5.5441958498322315
        ],
        [
            -14.951764446674822,
            -5.540399345579383
        ],
        [
            -14.808862709768846,
            -5.53509900698125
        ],
        [
            -14.654025542147028,
            -5.527996083438573
        ],
        [
            -14.487280714224342,
            -5.518767737918738
        ],
        [
            -14.307641548093882,
            -5.507376074653302
        ],
        [
            -14.11516816194358,
            -5.493128421378583
        ],
        [
            -13.909867473604812,
            -5.476168840970188
        ],
        [
            -13.691824374234722,
            -5.455718735418272
        ],
        [
            -13.460709537708546,
            -5.435471949562761
        ],
        [
            -13.217594237751381,
            -5.414712591992303
        ],
        [
            -12.964474589462938,
            -5.3935833787950616
        ],
        [
            -12.702343596823807,
            -5.372221199645351
        ],
        [
            -12.432165423758695,
            -5.351131989152807
        ],
        [
            -12.153750886869986,
            -5.333066949738348
        ],
        [
            -11.86800612709395,
            -5.320986707168914
        ],
        [
            -11.576297333569395,
            -5.307949077766014
        ],
        [
            -11.279569531834102,
            -5.295236419611992
        ],
        [
            -10.977782386947817,
            -5.283899789540228
        ],
        [
            -10.671782891501472,
            -5.283344103853416
        ],
        [
            -10.366138013895723,
            -5.298082108920801
        ],
        [
            -10.060977525003983,
            -5.32073329033268
        ],
        [
            -9.75644960541289,
            -5.350712386208324
        ],
        [
            -9.455041133155342,
            -5.403522734165628
        ],
        [
            -9.157561390787324,
            -5.475229099856944
        ],
        [
            -8.864660317529754,
            -5.563800885909637
        ],
        [
            -8.577243447130796,
            -5.668812992878634
        ],
        [
            -8.298147916820131,
            -5.7918198421213045
        ],
        [
            -8.028192150739514,
            -5.931604978526528
        ],
        [
            -7.768346344439951,
            -6.087454768223307
        ],
        [
            -7.520313279624698,
            -6.257985113787821
        ],
        [
            -7.284831168398446,
            -6.442238133552564
        ],
        [
            -7.055968620203734,
            -6.631528740910202
        ],
        [
            -6.835778271875437,
            -6.827847895612598
        ],
        [
            -6.626749015747468,
            -7.033166599296865
        ],
        [
            -6.430818079218347,
            -7.248322515113329
        ],
        [
            -6.24984701250682,
            -7.473645556574454
        ],
        [
            -6.083674252213998,
            -7.707644731223991
        ],
        [
            -5.932588837100846,
            -7.949301920937201
        ],
        [
            -5.796382204559453,
            -8.198508167351159
        ],
        [
            -5.674990985294422,
            -8.455257406659378
        ],
        [
            -5.568831164589477,
            -8.718669806648244
        ],
        [
            -5.478003331030663,
            -8.988809223711012
        ],
        [
            -5.402989139718284,
            -9.264796308738102
        ],
        [
            -5.344220918629734,
            -9.545714973461697
        ],
        [
            -5.289035761312168,
            -9.828378374721634
        ],
        [
            -5.249791775021576,
            -10.114701460657825
        ],
        [
            -5.228751511164241,
            -10.403937190291654
        ],
        [
            -5.22507744286727,
            -10.69491399559089
        ],
        [
            -5.220100746921274,
            -10.98687158240353
        ],
        [
            -5.21778344060757,
            -11.279862418593758
        ],
        [
            -5.221876165902512,
            -11.572833832898397
        ],
        [
            -5.235562929791834,
            -11.865513986810885
        ],
        [
            -5.25461163341216,
            -12.15789412787793
        ],
        [
            -5.273705555047478,
            -12.450271319458572
        ],
        [
            -5.293972043983716,
            -12.742569573689071
        ],
        [
            -5.3168129427766395,
            -13.034677932594343
        ],
        [
            -5.342761953009765,
            -13.326526607198018
        ],
        [
            -5.3717047873802874,
            -13.6190984997964
        ],
        [
            -5.402795503818475,
            -13.912455564397478
        ],
        [
            -5.436154946724247,
            -14.205563304945244
        ],
        [
            -5.471781119214473,
            -14.498404176125645
        ],
        [
            -5.5053401271692985,
            -14.7914891347726
        ],
        [
            -5.53749479865696,
            -15.084731486934631
        ],
        [
            -5.568354270763711,
            -15.378112967231688
        ],
        [
            -5.598352103755598,
            -15.671583800562345
        ],
        [
            -5.6273780981785055,
            -15.96515234732402
        ],
        [
            -5.655431935832782,
            -16.2588153892494
        ],
        [
            -5.6825133091761195,
            -16.552569707035264
        ],
        [
            -5.708621921326922,
            -16.846412080377775
        ],
        [
            -5.733757486067562,
            -17.140339288007773
        ],
        [
            -5.757919727847518,
            -17.434348107726105
        ],
        [
            -5.781108381786392,
            -17.728435316438933
        ],
        [
            -5.803323193676821,
            -18.022597690193077
        ],
        [
            -5.824563919987255,
            -18.316832004211353
        ],
        [
            -5.8448303278646305,
            -18.611135032927926
        ],
        [
            -5.864122195136926,
            -18.90550355002367
        ],
        [
            -5.882498086437526,
            -19.20093260516028
        ],
        [
            -5.899947839705975,
            -19.497419546037733
        ],
        [
            -5.916409180331577,
            -19.793963007042706
        ],
        [
            -5.931881925400455,
            -20.090559693066055
        ],
        [
            -5.946365902983732,
            -20.387206308407215
        ],
        [
            -5.959860952139446,
            -20.68389955681082
        ],
        [
            -5.972366922914333,
            -20.980636141503336
        ],
        [
            -5.983883676345494,
            -21.277412765229677
        ],
        [
            -5.994411084461943,
            -21.574226130289862
        ],
        [
            -6.003949030286023,
            -21.871072938575644
        ],
        [
            -6.012497407834712,
            -22.167949891607172
        ],
        [
            -6.020056122120797,
            -22.464853690569633
        ],
        [
            -6.02662508915393,
            -22.761781036349905
        ],
        [
            -6.03220423594156,
            -23.058728629573224
        ],
        [
            -6.036793500489747,
            -23.355693170639842
        ],
        [
            -6.04039283180385,
            -23.65267135976169
        ],
        [
            -6.043002189889091,
            -23.949659896999044
        ],
        [
            -6.044621545751003,
            -24.246655482297196
        ],
        [
            -6.045250881395751,
            -24.543654815523126
        ],
        [
            -6.0493058158608175,
            -24.84062713326753
        ],
        [
            -6.055673831779785,
            -25.137558856687672
        ],
        [
            -6.063911693959364,
            -25.43444458828606
        ],
        [
            -6.073246676433991,
            -25.731297848504298
        ],
        [
            -6.083901284357625,
            -26.028106674737604
        ],
        [
            -6.095875307149813,
            -26.32486520077885
        ],
        [
            -6.109168508152843,
            -26.62156756141505
        ],
        [
            -6.123780624636419,
            -26.918207892543286
        ],
        [
            -6.1375081845066495,
            -27.214890473932908
        ],
        [
            -6.148699715503578,
            -27.51167953982642
        ],
        [
            -6.1579104104101585,
            -27.80853668240402
        ],
        [
            -6.16866965742412,
            -28.10534173391712
        ],
        [
            -6.180129016730735,
            -28.403121322009188
        ],
        [
            -6.191849179313069,
            -28.701891531014443
        ],
        [
            -6.20167296562574,
            -29.000730104867422
        ],
        [
            -6.210159163394966,
            -29.299609653260116
        ],
        [
            -6.219092735604946,
            -29.598476164076516
        ],
        [
            -6.228026307814925,
            -29.897342674892915
        ],
        [
            -6.236959880024905,
            -30.196209185709314
        ],
        [
            -6.241866988099571,
            -30.495168915924513
        ],
        [
            -6.243756148745184,
            -30.794162947758018
        ],
        [
            -6.242627169472726,
            -31.093160816321998
        ],
        [
            -6.238480165315354,
            -31.392132056337687
        ],
        [
            -6.231315558816674,
            -31.69104620523954
        ],
        [
            -6.2211340799876895,
            -31.9898728062791
        ],
        [
            -6.20793676623242,
            -32.288581411628265
        ],
        [
            -6.1917249622421995,
            -32.58714158548168
        ],
        [
            -6.172050648021847,
            -32.885493594625174
        ],
        [
            -6.154832990117833,
            -33.18399745097597
        ],
        [
            -6.138617168661292,
            -33.48255740665404
        ],
        [
            -6.122957467572919,
            -33.78114704773662
        ],
        [
            -6.107074393737537,
            -34.0797248901254
        ],
        [
            -6.091191319902155,
            -34.37830273251418
        ],
        [
            -6.075308246066773,
            -34.67688057490296
        ],
        [
            -6.059425172231391,
            -34.97545841729174
        ],
        [
            -6.043542098396009,
            -35.27403625968052
        ],
        [
            -6.027659024560627,
            -35.5726141020693
        ],
        [
            -6.011775950725245,
            -35.87119194445808
        ],
        [
            -5.995892876889863,
            -36.169769786846864
        ],
        [
            -5.9800098030544815,
            -36.468347629235645
        ],
        [
            -5.9641267292191,
            -36.766925471624425
        ],
        [
            -5.948243655383718,
            -37.065503314013206
        ],
        [
            -5.932360581548336,
            -37.36408115640199
        ],
        [
            -5.916477507712954,
            -37.66265899879077
        ],
        [
            -5.900594433877572,
            -37.96123684117955
        ],
        [
            -5.88471136004219,
            -38.25981468356833
        ],
        [
            -5.868828286206808,
            -38.55839252595711
        ],
        [
            -5.852945212371426,
            -38.85697036834589
        ],
        [
            -5.837062138536044,
            -39.15554821073467
        ],
        [
            -5.8211790647006625,
            -39.45412605312345
        ],
        [
            -5.805295990865281,
            -39.752703895512234
        ],
        [
            -5.789412917029899,
            -40.051281737901014
        ]
    ],
    "orientation": [
        0.0,
        0.0,
        0.0,
        0.0,
        0.0,
        0.0,
        0.0,
        0.0,
        0.0,
        0.0,
        0.0,
        0.0,
        0.0,
        0.0,
        0.0,
        0.0,
        0.0,
        0.001084755773914636,
        0.002229360142252149,
        0.0034188509564068194,
        0.004638266067772927,
        0.005857681179139035,
        0.007054653067596565,
        0.008229181733145519,
        0.002486026482046444,
        -0.003106980919350695,
        -0.008549840471045898,
        -0.013805015210613678,
        -0.01887250513805404,
        -0.021305719199792267,
        -0.023645348105309792,
        -0.024543077021652943,
        -0.024543077021652954,
        -0.024543077021652964,
        -0.024543077021652975,
        -0.024543077021652985,
        -0.024543077021652995,
        -0.024543077021653006,
        -0.024543077021653016,
        -0.024543077021653027,
        -0.024543077021653037,
        -0.024543077021653047,
        -0.024543077021653058,
        -0.024543077021653068,
        -0.025535079677592505,
        -0.026433497177311235,
        -0.02723832952080927,
        -0.02796829373933073,
        -0.028623389832875643,
        -0.028391476529487,
        -0.027581746832800833,
        -0.026891977091179287,
        -0.026322167304622356,
        -0.025872317473130037,
        -0.025500960252589643,
        -0.02523820151561126,
        -0.02507291157301022,
        -0.025027794397051405,
        -0.025027794397051405,
        -0.025027794397051405,
        -0.025027794397051405,
        -0.025027794397051405,
        -0.025027794397051405,
        -0.025027794397051405,
        -0.025027794397051405,
        -0.025027794397051405,
        -0.025027794397051405,
        -0.025027794397051405,
        -0.025027794397051405,
        -0.025027794397051405,
        -0.025027794397051405,
        -0.025027794397051405,
        -0.025027794397051405,
        -0.02434901479787884,
        -0.022991455599533715,
        -0.021011681768613743,
        -0.018409693305118924,
        -0.015185490209049253,
        -0.011395637447002446,
        -0.007040135018978502,
        -0.0021189829249774247,
        0.003424383801598502,
        0.009589965160749276,
        0.01591846940784998,
        0.02332848003215045,
        0.03141727025562349,
        0.040184840078269106,
        0.04963118950008726,
        0.058437131589223805,
        0.06861547591997744,
        0.07790961416749398,
        0.08862351037594339,
        0.08775580074707165,
        0.08593041861717392,
        0.0840302257442476,
        0.08206270320259555,
        0.07902109151202591,
        0.06854827899531585,
        0.049063939090311044,
        0.04578663055287071,
        0.04356475148492142,
        0.03904420288923428,
        0.010985580300158775,
        -0.033608357455020894,
        -0.06411996025311946,
        -0.08975179385800577,
        -0.15283452140079,
        -0.21591724894357425,
        -0.2745049932556162,
        -0.3316282281260149,
        -0.394504802964411,
        -0.4571752250984188,
        -0.5196394945280385,
        -0.5816914585488817,
        -0.6433311171609486,
        -0.6790255186285267,
        -0.7157119203406249,
        -0.7609895211817891,
        -0.813935007713804,
        -0.873513139281989,
        -0.9326789654413977,
        -0.9914324861920301,
        -1.0499798542382743,
        -1.1085272222845186,
        -1.1670745903307629,
        -1.225828111081395,
        -1.2847877845364157,
        -1.3439536106958245,
        -1.3692167761219727,
        -1.4177788749031923,
        -1.4775631591757656,
        -1.5375535961527271,
        -1.5496197619626038,
        -1.5595113679279071,
        -1.5783392009785813,
        -1.607554559213362,
        -1.628653713290561,
        -1.634137803445094,
        -1.6385236337051479,
        -1.646208098351551,
        -1.6560997043168544,
        -1.6660250700294799,
        -1.6737619883594763,
        -1.6814989066894728,
        -1.6892358250194692,
        -1.6859248455039046,
        -1.681509077835932,
        -1.6770933101679593,
        -1.6737823306523945,
        -1.6704713511368297,
        -1.6671603716212648,
        -1.6638493921057,
        -1.660538412590135,
        -1.6572274330745702,
        -1.6539164535590056,
        -1.6506054740434408,
        -1.647294494527876,
        -1.6439835150123114,
        -1.6406725354967466,
        -1.6373615559811818,
        -1.634039352806242,
        -1.6307059259719279,
        -1.6273724991376133,
        -1.6240390723032991,
        -1.6207056454689848,
        -1.6173722186346704,
        -1.6140387918003558,
        -1.6107053649660414,
        -1.6073719381317273,
        -1.604038511297413,
        -1.6007050844630988,
        -1.5973716576287844,
        -1.5940382307944698,
        -1.5907048039601557,
        -1.5873713771258413,
        -1.5840379502915267,
        -1.5807045234572124,
        -1.577371096622898,
        -1.5740376697885836,
        -1.5818270418021732,
        -1.589616413815763,
        -1.59628984560308,
        -1.600735550678971,
        -1.6051812557548621,
        -1.6096269608307534,
        -1.6140726659066447,
        -1.6185183709825355,
        -1.6174075530524714,
        -1.610734121265154,
        -1.6040606894778369,
        -1.6062825685457862,
        -1.6085119286880383,
        -1.609630226873524,
        -1.6051545843897144,
        -1.600678941905905,
        -1.600678941905905,
        -1.600678941905905,
        -1.600678941905905,
        -1.5905847774566706,
        -1.5804906130074359,
        -1.5703964485582016,
        -1.560302284108967,
        -1.5502081196597326,
        -1.540113955210498,
        -1.5300197907612636,
        -1.519925626312029,
        -1.5087020745468094,
        -1.5120579486998733,
        -1.5154138228529372,
        -1.5176506640694922,
        -1.5176506640694922,
        -1.5176506640694922,
        -1.5176506640694922,
        -1.5176506640694922,
        -1.5176506640694922,
        -1.5176506640694922,
        -1.5176506640694922,
        -1.5176506640694922,
        -1.5176506640694922,
        -1.5176506640694922,
        -1.5176506640694922,
        -1.5176506640694922,
        -1.5176506640694922,
        -1.5176506640694922,
        -1.5176506640694922,
        -1.5176506640694922,
        -1.5176506640694922,
        -1.5176506640694922,
        -1.5176506640694922,
        -1.5176506640694922,
        -1.5176506640694922
    ],
    "velocity": [
        0.0,
        0.0,
        0.0,
        0.0,
        0.0,
        0.0,
        0.0,
        0.0,
        0.0,
        0.0,
        0.24,
        0.48,
        0.7,
        0.8999999999999999,
        1.0799999999999998,
        1.23,
        1.35,
        1.4500000000000002,
        1.5300000000000002,
        1.5900000000000003,
        1.6300000000000003,
        1.6300000000000003,
        1.6000000000000003,
        1.5700000000000003,
        1.5300000000000002,
        1.4900000000000002,
        1.4500000000000002,
        1.4000000000000001,
        1.35,
        1.3,
        1.25,
        1.2,
        1.15,
        1.0999999999999999,
        1.0499999999999998,
        0.9999999999999998,
        0.9399999999999997,
        0.8799999999999997,
        0.8299999999999996,
        0.7799999999999996,
        0.7299999999999995,
        0.6799999999999995,
        0.6299999999999994,
        0.5799999999999994,
        0.5299999999999994,
        0.47999999999999937,
        0.4299999999999994,
        0.38999999999999935,
        0.3499999999999993,
        0.3099999999999993,
        0.26999999999999924,
        0.22999999999999923,
        0.18999999999999923,
        0.14999999999999922,
        0.10999999999999921,
        0.0699999999999992,
        0.0399999999999992,
        0.009999999999999204,
        0.0,
        0.0,
        0.0,
        0.0,
        0.0,
        0.0,
        0.0,
        0.0,
        0.0,
        0.0,
        0.0,
        0.0,
        0.0,
        0.0,
        0.0,
        0.12,
        0.24,
        0.35,
        0.45999999999999996,
        0.57,
        0.6699999999999999,
        0.7699999999999999,
        0.8699999999999999,
        0.9799999999999999,
        1.0899999999999999,
        1.2,
        1.31,
        1.4300000000000002,
        1.5500000000000003,
        1.6700000000000004,
        1.8000000000000003,
        1.9300000000000002,
        2.06,
        2.19,
        2.32,
        2.44,
        2.54,
        2.63,
        2.71,
        2.79,
        2.86,
        2.92,
        2.9699999999999998,
        3.0199999999999996,
        3.0599999999999996,
        3.0599999999999996,
        3.0599999999999996,
        3.0599999999999996,
        3.0599999999999996,
        3.0599999999999996,
        3.0599999999999996,
        3.0599999999999996,
        3.05,
        3.04,
        3.0300000000000002,
        3.0100000000000002,
        2.99,
        2.97,
        2.95,
        2.93,
        2.91,
        2.89,
        2.87,
        2.85,
        2.8400000000000003,
        2.8400000000000003,
        2.8400000000000003,
        2.85,
        2.86,
        2.8699999999999997,
        2.8799999999999994,
        2.8899999999999992,
        2.899999999999999,
        2.909999999999999,
        2.9199999999999986,
        2.9299999999999984,
        2.9299999999999984,
        2.9299999999999984,
        2.9299999999999984,
        2.9299999999999984,
        2.9299999999999984,
        2.9299999999999984,
        2.9299999999999984,
        2.939999999999998,
        2.949999999999998,
        2.949999999999998,
        2.949999999999998,
        2.949999999999998,
        2.949999999999998,
        2.949999999999998,
        2.949999999999998,
        2.949999999999998,
        2.949999999999998,
        2.949999999999998,
        2.949999999999998,
        2.949999999999998,
        2.949999999999998,
        2.949999999999998,
        2.949999999999998,
        2.949999999999998,
        2.949999999999998,
        2.949999999999998,
        2.9599999999999977,
        2.9699999999999975,
        2.9699999999999975,
        2.9699999999999975,
        2.9699999999999975,
        2.9699999999999975,
        2.9699999999999975,
        2.9699999999999975,
        2.9699999999999975,
        2.9699999999999975,
        2.9699999999999975,
        2.9699999999999975,
        2.9699999999999975,
        2.9699999999999975,
        2.9699999999999975,
        2.9699999999999975,
        2.9699999999999975,
        2.9699999999999975,
        2.9699999999999975,
        2.9699999999999975,
        2.9699999999999975,
        2.9699999999999975,
        2.9699999999999975,
        2.9699999999999975,
        2.9699999999999975,
        2.9699999999999975,
        2.9699999999999975,
        2.9699999999999975,
        2.9699999999999975,
        2.9699999999999975,
        2.9699999999999975,
        2.9799999999999973,
        2.989999999999997,
        2.989999999999997,
        2.989999999999997,
        2.989999999999997,
        2.989999999999997,
        2.989999999999997,
        2.989999999999997,
        2.989999999999997,
        2.989999999999997,
        2.989999999999997,
        2.989999999999997,
        2.989999999999997,
        2.989999999999997,
        2.989999999999997,
        2.989999999999997,
        2.989999999999997,
        2.989999999999997,
        2.989999999999997,
        2.989999999999997,
        2.989999999999997,
        2.989999999999997,
        2.989999999999997,
        2.989999999999997,
        2.989999999999997,
        2.989999999999997,
        2.989999999999997,
        2.989999999999997,
        2.989999999999997,
        2.989999999999997,
        2.989999999999997,
        2.989999999999997,
        2.989999999999997,
        2.989999999999997,
        2.989999999999997,
        2.989999999999997,
        2.989999999999997,
        2.989999999999997,
        2.989999999999997,
        2.989999999999997
    ],
    "acceleration": [
        0.0,
        0.0,
        0.0,
        0.0,
        0.0,
        0.0,
        0.0,
        0.0,
        0.0,
        2.4,
        2.4,
        2.1999999999999997,
        1.9999999999999996,
        1.7999999999999994,
        1.5000000000000013,
        1.200000000000001,
        1.0000000000000009,
        0.8000000000000007,
        0.6000000000000005,
        0.40000000000000036,
        0.0,
        -0.30000000000000027,
        -0.30000000000000027,
        -0.40000000000000036,
        -0.40000000000000036,
        -0.40000000000000036,
        -0.5000000000000004,
        -0.5000000000000004,
        -0.5000000000000004,
        -0.5000000000000004,
        -0.5000000000000004,
        -0.5000000000000004,
        -0.5000000000000004,
        -0.5000000000000004,
        -0.5000000000000004,
        -0.6000000000000005,
        -0.6000000000000005,
        -0.5000000000000004,
        -0.5000000000000004,
        -0.5000000000000004,
        -0.5000000000000004,
        -0.5000000000000004,
        -0.5000000000000004,
        -0.5000000000000004,
        -0.4999999999999999,
        -0.4999999999999999,
        -0.40000000000000036,
        -0.40000000000000036,
        -0.40000000000000036,
        -0.40000000000000036,
        -0.4000000000000001,
        -0.4000000000000001,
        -0.4000000000000001,
        -0.4000000000000001,
        -0.4000000000000001,
        -0.3,
        -0.3,
        -0.09999999999999204,
        0.0,
        0.0,
        0.0,
        0.0,
        0.0,
        0.0,
        0.0,
        0.0,
        0.0,
        0.0,
        0.0,
        0.0,
        0.0,
        0.0,
        1.2,
        1.2,
        1.0999999999999999,
        1.0999999999999999,
        1.0999999999999999,
        0.9999999999999998,
        0.9999999999999998,
        0.9999999999999998,
        1.0999999999999999,
        1.0999999999999999,
        1.100000000000001,
        1.100000000000001,
        1.200000000000001,
        1.200000000000001,
        1.200000000000001,
        1.299999999999999,
        1.299999999999999,
        1.299999999999999,
        1.299999999999999,
        1.299999999999999,
        1.200000000000001,
        1.0000000000000009,
        0.8999999999999986,
        0.8000000000000007,
        0.8000000000000007,
        0.6999999999999984,
        0.6000000000000005,
        0.4999999999999982,
        0.4999999999999982,
        0.40000000000000036,
        0.0,
        0.0,
        0.0,
        0.0,
        0.0,
        0.0,
        0.0,
        -0.09999999999999787,
        -0.09999999999999787,
        -0.09999999999999787,
        -0.20000000000000018,
        -0.20000000000000018,
        -0.20000000000000018,
        -0.20000000000000018,
        -0.20000000000000018,
        -0.20000000000000018,
        -0.20000000000000018,
        -0.20000000000000018,
        -0.20000000000000018,
        -0.09999999999999787,
        0.0,
        0.0,
        0.09999999999999787,
        0.09999999999999787,
        0.09999999999999787,
        0.09999999999999787,
        0.09999999999999787,
        0.09999999999999787,
        0.09999999999999787,
        0.09999999999999787,
        0.09999999999999787,
        0.0,
        0.0,
        0.0,
        0.0,
        0.0,
        0.0,
        0.0,
        0.09999999999999787,
        0.09999999999999787,
        0.0,
        0.0,
        0.0,
        0.0,
        0.0,
        0.0,
        0.0,
        0.0,
        0.0,
        0.0,
        0.0,
        0.0,
        0.0,
        0.0,
        0.0,
        0.0,
        0.0,
        0.09999999999999787,
        0.09999999999999787,
        0.0,
        0.0,
        0.0,
        0.0,
        0.0,
        0.0,
        0.0,
        0.0,
        0.0,
        0.0,
        0.0,
        0.0,
        0.0,
        0.0,
        0.0,
        0.0,
        0.0,
        0.0,
        0.0,
        0.0,
        0.0,
        0.0,
        0.0,
        0.0,
        0.0,
        0.0,
        0.0,
        0.0,
        0.0,
        0.09999999999999787,
        0.09999999999999787,
        0.0,
        0.0,
        0.0,
        0.0,
        0.0,
        0.0,
        0.0,
        0.0,
        0.0,
        0.0,
        0.0,
        0.0,
        0.0,
        0.0,
        0.0,
        0.0,
        0.0,
        0.0,
        0.0,
        0.0,
        0.0,
        0.0,
        0.0,
        0.0,
        0.0,
        0.0,
        0.0,
        0.0,
        0.0,
        0.0,
        0.0,
        0.0,
        0.0,
        0.0,
        0.0,
        0.0,
        0.0,
        0.0
    ],
    "accelerationCost": 70.67000000000016,
    "accelerationCostWeighted": 70.67000000000016,
    "jerk": [
        0.0,
        0.0,
        0.0,
        0.0,
        0.0,
        0.0,
        0.0,
        0.0,
        23.999999999999996,
        0.0,
        -2.0000000000000018,
        -2.0000000000000018,
        -2.0000000000000018,
        -2.9999999999999805,
        -3.0000000000000027,
        -2.0000000000000018,
        -2.0000000000000018,
        -2.0000000000000018,
        -2.0000000000000018,
        -4.0000000000000036,
        -3.0000000000000027,
        0.0,
        -1.0000000000000009,
        0.0,
        0.0,
        -1.0000000000000009,
        0.0,
        0.0,
        0.0,
        0.0,
        0.0,
        0.0,
        0.0,
        0.0,
        -1.0000000000000009,
        0.0,
        1.0000000000000009,
        0.0,
        0.0,
        0.0,
        0.0,
        0.0,
        0.0,
        5.551115123125783e-15,
        0.0,
        0.9999999999999953,
        0.0,
        0.0,
        0.0,
        2.7755575615628914e-15,
        0.0,
        0.0,
        0.0,
        0.0,
        1.0000000000000009,
        0.0,
        2.0000000000000795,
        0.9999999999999204,
        0.0,
        0.0,
        0.0,
        0.0,
        0.0,
        0.0,
        0.0,
        0.0,
        0.0,
        0.0,
        0.0,
        0.0,
        0.0,
        11.999999999999998,
        0.0,
        -1.0000000000000009,
        0.0,
        0.0,
        -1.0000000000000009,
        0.0,
        0.0,
        1.0000000000000009,
        0.0,
        1.1102230246251565e-14,
        0.0,
        1.0000000000000009,
        0.0,
        0.0,
        0.9999999999999787,
        0.0,
        0.0,
        0.0,
        0.0,
        -0.9999999999999787,
        -2.0000000000000018,
        -1.000000000000023,
        -0.9999999999999787,
        0.0,
        -1.000000000000023,
        -0.9999999999999787,
        -1.000000000000023,
        0.0,
        -0.9999999999999787,
        -4.0000000000000036,
        0.0,
        0.0,
        0.0,
        0.0,
        0.0,
        0.0,
        -0.9999999999999787,
        0.0,
        0.0,
        -1.000000000000023,
        0.0,
        0.0,
        0.0,
        0.0,
        0.0,
        0.0,
        0.0,
        0.0,
        1.000000000000023,
        0.9999999999999787,
        0.0,
        0.9999999999999787,
        0.0,
        0.0,
        0.0,
        0.0,
        0.0,
        0.0,
        0.0,
        0.0,
        -0.9999999999999787,
        0.0,
        0.0,
        0.0,
        0.0,
        0.0,
        0.0,
        0.9999999999999787,
        0.0,
        -0.9999999999999787,
        0.0,
        0.0,
        0.0,
        0.0,
        0.0,
        0.0,
        0.0,
        0.0,
        0.0,
        0.0,
        0.0,
        0.0,
        0.0,
        0.0,
        0.0,
        0.0,
        0.9999999999999787,
        0.0,
        -0.9999999999999787,
        0.0,
        0.0,
        0.0,
        0.0,
        0.0,
        0.0,
        0.0,
        0.0,
        0.0,
        0.0,
        0.0,
        0.0,
        0.0,
        0.0,
        0.0,
        0.0,
        0.0,
        0.0,
        0.0,
        0.0,
        0.0,
        0.0,
        0.0,
        0.0,
        0.0,
        0.0,
        0.0,
        0.0,
        0.9999999999999787,
        0.0,
        -0.9999999999999787,
        0.0,
        0.0,
        0.0,
        0.0,
        0.0,
        0.0,
        0.0,
        0.0,
        0.0,
        0.0,
        0.0,
        0.0,
        0.0,
        0.0,
        0.0,
        0.0,
        0.0,
        0.0,
        0.0,
        0.0,
        0.0,
        0.0,
        0.0,
        0.0,
        0.0,
        0.0,
        0.0,
        0.0,
        0.0,
        0.0,
        0.0,
        0.0,
        0.0,
        0.0,
        0.0,
        0.0,
        0.0
    ],
    "jerkCost": 846.0,
    "jerkCostWeighted": 84.60000000000001,
    "steeringAngle": [
        0.0,
        0.0,
        0.0,
        0.0,
        0.0,
        0.0,
        0.0,
        0.0,
        0.0,
        0.0,
        0.0,
        0.0,
        0.0,
        0.0,
        0.0,
        0.0,
        0.0,
        1.2000000476837158,
        1.2000000476837158,
        1.2000000476837158,
        1.2000000476837158,
        1.2000000476837158,
        1.2000000476837158,
        1.2000000476837158,
        -6.0,
        -6.0,
        -6.0,
        -6.0,
        -6.0,
        -3.0,
        -3.0,
        -1.2000000476837158,
        3.975693398236888e-16,
        3.975693398236888e-16,
        3.975693398236888e-16,
        3.975693398236888e-16,
        3.975693398236888e-16,
        3.975693398236888e-16,
        3.975693398236888e-16,
        3.975693398236888e-16,
        3.975693398236888e-16,
        3.975693398236888e-16,
        3.975693398236888e-16,
        3.975693398236888e-16,
        -3.0,
        -3.0,
        -3.0,
        -3.0,
        -3.0,
        1.2000000476837158,
        4.800000190734863,
        4.800000190734863,
        4.800000190734863,
        4.800000190734863,
        5.400000095367432,
        6.0,
        6.599999904632568,
        7.200000286102295,
        7.800000190734863,
        8.399999618530273,
        9.0,
        9.0,
        9.0,
        9.0,
        9.0,
        9.0,
        9.0,
        9.0,
        9.0,
        9.0,
        9.0,
        9.0,
        9.0,
        9.0,
        9.0,
        9.0,
        9.0,
        9.0,
        9.0,
        9.0,
        9.0,
        9.0,
        9.0,
        8.399999618530273,
        9.0,
        9.0,
        9.0,
        9.0,
        7.800000190734863,
        8.399999618530273,
        7.200000286102295,
        7.800000190734863,
        -0.6000000238418579,
        -1.2000000476837158,
        -1.2000000476837158,
        -1.2000000476837158,
        -1.8000000715255737,
        -6.0,
        -10.800000190734863,
        -1.8000000715255737,
        -1.2000000476837158,
        -2.4000000953674316,
        -14.40000057220459,
        -22.200000762939453,
        -15.600000381469727,
        -13.199999809265137,
        -30.0,
        -30.0,
        -28.200000762939453,
        -27.600000381469727,
        -30.0,
        -30.0,
        -30.0,
        -30.0,
        -30.0,
        -18.600000381469727,
        -19.200000762939453,
        -23.399999618530273,
        -27.0,
        -30.0,
        -30.0,
        -30.0,
        -30.0,
        -30.0,
        -30.0,
        -30.0,
        -30.0,
        -30.0,
        -13.800000190734863,
        -25.200000762939453,
        -30.0,
        -30.0,
        -6.599999904632568,
        -5.400000095367432,
        -10.199999809265137,
        -15.600000381469727,
        -11.399999618530273,
        -3.0,
        -2.4000000953674316,
        -4.199999809265137,
        -5.400000095367432,
        -5.400000095367432,
        -4.199999809265137,
        -4.199999809265137,
        -4.199999809265137,
        1.8000000715255737,
        2.4000000953674316,
        2.4000000953674316,
        1.8000000715255737,
        1.8000000715255737,
        1.8000000715255737,
        1.8000000715255737,
        1.8000000715255737,
        1.8000000715255737,
        1.8000000715255737,
        1.8000000715255737,
        1.8000000715255737,
        1.8000000715255737,
        1.8000000715255737,
        1.8000000715255737,
        1.8000000715255737,
        1.8000000715255737,
        1.8000000715255737,
        1.8000000715255737,
        1.8000000715255737,
        1.8000000715255737,
        1.8000000715255737,
        1.8000000715255737,
        1.8000000715255737,
        1.8000000715255737,
        1.8000000715255737,
        1.8000000715255737,
        1.8000000715255737,
        1.8000000715255737,
        1.8000000715255737,
        1.8000000715255737,
        1.8000000715255737,
        1.8000000715255737,
        1.8000000715255737,
        -4.199999809265137,
        -4.199999809265137,
        -3.6000001430511475,
        -2.4000000953674316,
        -2.4000000953674316,
        -2.4000000953674316,
        -2.4000000953674316,
        -2.4000000953674316,
        0.6000000238418579,
        3.6000001430511475,
        3.6000001430511475,
        -1.2000000476837158,
        -1.2000000476837158,
        -0.6000000238418579,
        2.4000000953674316,
        2.4000000953674316,
        5.168401497117293e-15,
        5.168401497117293e-15,
        5.168401497117293e-15,
        5.400000095367432,
        5.400000095367432,
        5.400000095367432,
        5.400000095367432,
        5.400000095367432,
        5.400000095367432,
        5.400000095367432,
        5.400000095367432,
        6.0,
        -1.8000000715255737,
        -1.8000000715255737,
        -1.2000000476837158,
        6.361109437179021e-15,
        6.361109437179021e-15,
        6.361109437179021e-15,
        6.361109437179021e-15,
        6.361109437179021e-15,
        6.361109437179021e-15,
        6.361109437179021e-15,
        6.361109437179021e-15,
        6.361109437179021e-15,
        6.361109437179021e-15,
        6.361109437179021e-15,
        6.361109437179021e-15,
        6.361109437179021e-15,
        6.361109437179021e-15,
        6.361109437179021e-15,
        6.361109437179021e-15,
        6.361109437179021e-15,
        6.361109437179021e-15,
        6.361109437179021e-15,
        6.361109437179021e-15,
        6.361109437179021e-15
    ],
    "steeringAngleCost": 7.983523066720988,
    "steeringAngleCostWeighted": 7.983523066720988,
    "steeringRate": [
        0.0,
        0.0,
        0.0,
        0.0,
        0.0,
        0.0,
        0.0,
        0.0,
        0.0,
        0.0,
        0.0,
        0.0,
        0.0,
        0.0,
        0.0,
        0.0,
        12.000000476837158,
        0.0,
        0.0,
        0.0,
        0.0,
        0.0,
        0.0,
        -72.00000047683716,
        0.0,
        0.0,
        0.0,
        0.0,
        30.0,
        0.0,
        17.999999523162842,
        12.000000476837162,
        0.0,
        0.0,
        0.0,
        0.0,
        0.0,
        0.0,
        0.0,
        0.0,
        0.0,
        0.0,
        0.0,
        -30.000000000000004,
        0.0,
        0.0,
        0.0,
        0.0,
        42.00000047683716,
        36.000001430511475,
        0.0,
        0.0,
        0.0,
        5.999999046325684,
        5.999999046325684,
        5.999999046325684,
        6.000003814697266,
        5.999999046325684,
        5.999994277954102,
        6.000003814697266,
        0.0,
        0.0,
        0.0,
        0.0,
        0.0,
        0.0,
        0.0,
        0.0,
        0.0,
        0.0,
        0.0,
        0.0,
        0.0,
        0.0,
        0.0,
        0.0,
        0.0,
        0.0,
        0.0,
        0.0,
        0.0,
        0.0,
        -6.000003814697266,
        6.000003814697266,
        0.0,
        0.0,
        0.0,
        -11.999998092651367,
        5.999994277954102,
        -11.999993324279785,
        5.999999046325684,
        -84.00000214576721,
        -6.000000238418579,
        0.0,
        0.0,
        -6.000000238418579,
        -41.99999928474426,
        -48.00000190734863,
        90.0000011920929,
        6.000000238418579,
        -12.000000476837158,
        -120.00000476837158,
        -78.00000190734863,
        66.00000381469727,
        24.0000057220459,
        -168.00000190734863,
        0.0,
        17.99999237060547,
        6.000003814697266,
        -23.999996185302734,
        0.0,
        0.0,
        0.0,
        0.0,
        113.99999618530273,
        -6.000003814697266,
        -41.9999885559082,
        -36.000003814697266,
        -30.0,
        0.0,
        0.0,
        0.0,
        0.0,
        0.0,
        0.0,
        0.0,
        0.0,
        161.99999809265137,
        -114.0000057220459,
        -47.99999237060547,
        0.0,
        234.00000095367432,
        11.999998092651367,
        -47.99999713897705,
        -54.0000057220459,
        42.00000762939453,
        83.99999618530273,
        5.999999046325684,
        -17.99999713897705,
        -12.00000286102295,
        0.0,
        12.00000286102295,
        0.0,
        0.0,
        59.999998807907104,
        6.000000238418579,
        0.0,
        -6.000000238418579,
        0.0,
        0.0,
        0.0,
        0.0,
        0.0,
        0.0,
        0.0,
        0.0,
        0.0,
        0.0,
        0.0,
        0.0,
        0.0,
        0.0,
        0.0,
        0.0,
        0.0,
        0.0,
        0.0,
        0.0,
        0.0,
        0.0,
        0.0,
        0.0,
        0.0,
        0.0,
        0.0,
        0.0,
        0.0,
        0.0,
        -59.999998807907104,
        0.0,
        5.999996662139893,
        12.000000476837158,
        0.0,
        0.0,
        0.0,
        0.0,
        30.000001192092896,
        30.000001192092896,
        0.0,
        -48.00000190734863,
        0.0,
        6.000000238418579,
        30.000001192092896,
        0.0,
        -24.000000953674263,
        0.0,
        0.0,
        54.00000095367426,
        0.0,
        0.0,
        0.0,
        0.0,
        0.0,
        0.0,
        0.0,
        5.999999046325684,
        -78.00000071525574,
        0.0,
        6.000000238418579,
        12.000000476837222,
        0.0,
        0.0,
        0.0,
        0.0,
        0.0,
        0.0,
        0.0,
        0.0,
        0.0,
        0.0,
        0.0,
        0.0,
        0.0,
        0.0,
        0.0,
        0.0,
        0.0,
        0.0,
        0.0,
        0.0
    ],
    "steeringRateCost": 71.82878841800529,
    "steeringRateCostWeighted": 71.82878841800529,
    "yawRate": [
        0.0,
        0.0,
        0.0,
        0.0,
        0.0,
        0.0,
        0.0,
        0.0,
        0.0,
        0.0,
        0.0,
        0.0,
        0.0,
        0.0,
        0.0,
        0.0,
        0.010847557739146358,
        0.01144604368337513,
        0.011894908141546704,
        0.012194151113661079,
        0.012194151113661079,
        0.011969718884575296,
        0.011745286655489538,
        -0.05743155251099074,
        -0.05593007401397139,
        -0.054428595516952026,
        -0.0525517473956778,
        -0.050674899274403634,
        -0.02433214061738225,
        -0.023396289055175254,
        -0.00897728916343151,
        -1.0408340855860843e-16,
        -1.0408340855860843e-16,
        -1.0408340855860843e-16,
        -1.0408340855860843e-16,
        -1.0408340855860843e-16,
        -1.0408340855860843e-16,
        -1.0408340855860843e-16,
        -1.0408340855860843e-16,
        -1.0408340855860843e-16,
        -1.0408340855860843e-16,
        -1.0408340855860843e-16,
        -1.0408340855860843e-16,
        -0.00992002655939437,
        -0.008984174997187303,
        -0.00804832343498034,
        -0.0072996421852146096,
        -0.0065509609354491224,
        0.0023191330338864086,
        0.008097296966861692,
        0.006897697416215452,
        0.005698097865569317,
        0.004498498314923181,
        0.003713572205403942,
        0.0026275873697838292,
        0.0016528994260104138,
        0.0004511717595881426,
        0.0,
        0.0,
        0.0,
        0.0,
        0.0,
        0.0,
        0.0,
        0.0,
        0.0,
        0.0,
        0.0,
        0.0,
        0.0,
        0.0,
        0.0,
        0.006787795991725631,
        0.013575591983451263,
        0.019797738309199724,
        0.026019884634948184,
        0.032242030960696715,
        0.037898527620468074,
        0.043555024280239434,
        0.04921152094001077,
        0.05543366726575927,
        0.06165581359150773,
        0.06328504247100704,
        0.0741001062430047,
        0.0808879022347304,
        0.08767569822645614,
        0.09446349421818157,
        0.08805942089136543,
        0.10178344330753632,
        0.09294138247516542,
        0.10713896208449411,
        -0.008677096288717406,
        -0.01825382129897732,
        -0.019001928729263234,
        -0.01967522541652042,
        -0.030416116905696428,
        -0.10472812516710062,
        -0.19484339905004802,
        -0.03277308537440335,
        -0.02221879067949288,
        -0.04520548595687145,
        -0.280586225890755,
        -0.4459393775517967,
        -0.30511602798098564,
        -0.2563183360488631,
        -0.6308272754278423,
        -0.6308272754278423,
        -0.5858774431204197,
        -0.5712323487039866,
        -0.6287657483839609,
        -0.6267042213400781,
        -0.6246426942961969,
        -0.6205196402084323,
        -0.6163965861206688,
        -0.35694401467578074,
        -0.3668640171209825,
        -0.4527760084116417,
        -0.5294548653201492,
        -0.5957813156818503,
        -0.5916582615940869,
        -0.5875352075063234,
        -0.5854736804624427,
        -0.5854736804624427,
        -0.5854736804624427,
        -0.5875352075063223,
        -0.5895967345502062,
        -0.591658261594088,
        -0.2526316542614815,
        -0.4856209878121964,
        -0.5978428427257332,
        -0.5999043697696149,
        -0.12066165809876628,
        -0.09891605965303363,
        -0.18827833050674148,
        -0.2921535823478072,
        -0.21099154077198978,
        -0.054840901545329945,
        -0.04385830260053902,
        -0.07684464646403155,
        -0.09891605965303363,
        -0.09925365712625478,
        -0.07736918329996456,
        -0.07736918329996456,
        -0.07736918329996456,
        0.03310979515564583,
        0.04415767667972581,
        0.04415767667972803,
        0.03310979515564805,
        0.03310979515564805,
        0.03310979515564805,
        0.03310979515564805,
        0.03310979515565027,
        0.03310979515564805,
        0.03310979515564583,
        0.03310979515564805,
        0.03310979515564805,
        0.03310979515564583,
        0.03310979515564805,
        0.03310979515564805,
        0.033222031749398084,
        0.03333426834314146,
        0.0333342683431459,
        0.03333426834314146,
        0.03333426834314368,
        0.03333426834314368,
        0.0333342683431459,
        0.03333426834314368,
        0.03333426834314146,
        0.03333426834314368,
        0.03333426834314146,
        0.03333426834314368,
        0.0333342683431459,
        0.03333426834314146,
        0.03333426834314368,
        0.0333342683431459,
        0.03333426834314368,
        0.03333426834314368,
        0.03333426834314368,
        -0.07789372013589535,
        -0.07789372013589757,
        -0.06673431787317163,
        -0.04445705075891038,
        -0.04445705075891038,
        -0.0444570507589126,
        -0.0444570507589126,
        -0.044457050758908156,
        0.011108179300640675,
        0.06673431787317385,
        0.06673431787317163,
        -0.022218790679493505,
        -0.02229360142252057,
        -0.01118298185485811,
        0.044756424838097164,
        0.04475642483809272,
        0.0,
        0.0,
        0.0,
        0.100941644492345,
        0.10094164449234722,
        0.10094164449234277,
        0.100941644492345,
        0.100941644492345,
        0.100941644492345,
        0.100941644492345,
        0.100941644492345,
        0.11223551765219719,
        -0.03355874153063931,
        -0.03355874153063931,
        -0.022368412165549856,
        0.0,
        0.0,
        0.0,
        0.0,
        0.0,
        0.0,
        0.0,
        0.0,
        0.0,
        0.0,
        0.0,
        0.0,
        0.0,
        0.0,
        0.0,
        0.0,
        0.0,
        0.0,
        0.0,
        0.0,
        0.0
    ],
    "yawRateCost": 9.303565024370153,
    "yawRateCostWeighted": 9.303565024370153,
    "distanceToObstaclesCost": 0.0,
    "distanceToObstaclesCostWeighted": 0.0,
    "distanceToCenterLinesCost": 120.78035362124261,
    "distanceToCenterLinesCostWeighted": 120.78035362124261,
    "obstacles": [
        [],
        [],
        [],
        [],
        [],
        [],
        [],
        [],
        [],
        [],
        [],
        [],
        [],
        [],
        [],
        [],
        [],
        [],
        [],
        [],
        [],
        [],
        [],
        [],
        [],
        [],
        [],
        [],
        [],
        [],
        [],
        [],
        [],
        [],
        [],
        [],
        [],
        [],
        [],
        [],
        [],
        [],
        [],
        [],
        [],
        [],
        [],
        [],
        [],
        [],
        [],
        [],
        [],
        [],
        [],
        [],
        [],
        [],
        [],
        [],
        [],
        [],
        [],
        [],
        [],
        [],
        [],
        [],
        [],
        [],
        [],
        [],
        [],
        [],
        [],
        [],
        [],
        [],
        [],
        [],
        [],
        [],
        [],
        [],
        [],
        [],
        [],
        [],
        [],
        [],
        [],
        [],
        [],
        [],
        [],
        [],
        [],
        [],
        [],
        [],
        [],
        [],
        [],
        [],
        [],
        [],
        [],
        [],
        [],
        [],
        [],
        [],
        [],
        [],
        [],
        [],
        [],
        [],
        [],
        [],
        [],
        [],
        [],
        [],
        [],
        [],
        [],
        [],
        [],
        [],
        [],
        [],
        [],
        [],
        [],
        [],
        [],
        [],
        [],
        [],
        [],
        [],
        [],
        [],
        [],
        [],
        [],
        [],
        [],
        [],
        [],
        [],
        [],
        [],
        [],
        [],
        [],
        [],
        [],
        [],
        [],
        [],
        [],
        [],
        [],
        [],
        [],
        [],
        [],
        [],
        [],
        [],
        [],
        [],
        [],
        [],
        [],
        [],
        [],
        [],
        [],
        [],
        [],
        [],
        [],
        [],
        [],
        [],
        [],
        [],
        [],
        [],
        [],
        [],
        [],
        [],
        [],
        [],
        [],
        [],
        [],
        [],
        [],
        [],
        [],
        [],
        [],
        [],
        [],
        [],
        [],
        [],
        [],
        [],
        [],
        [],
        [],
        [],
        [],
        [],
        [],
        [],
        [],
        [],
        [],
        [],
        [],
        [],
        [],
        [],
        []
    ],
    "costSum": 1196.968230130339,
    "costSumWeighted": 435.56823013033915
}