{
    "name": "",
    "pathLength": 39.599,
    "pathLengthWeighted": 39.599,
    "time": 16.09999999999996,
    "timeWeighted": 16.09999999999996,
    "collision": 0.0,
    "collisionWeighted": 0.0,
    "stopTrigger": 0.0,
    "stopTriggerWeighted": 0.0,
    "dimension": [
        5.0,
        2.0
    ],
    "timeSteps": [
        0.0,
        0.1,
        0.2,
        0.30000000000000004,
        0.4,
        0.5,
        0.6000000000000001,
        0.7000000000000001,
        0.8,
        0.9,
        1.0,
        1.1,
        1.2000000000000002,
        1.3,
        1.4000000000000001,
        1.5,
        1.6,
        1.7000000000000002,
        1.8,
        1.9000000000000001,
        2.0,
        2.1,
        2.2,
        2.3000000000000003,
        2.4000000000000004,
        2.5,
        2.6,
        2.7,
        2.8000000000000003,
        2.9000000000000004,
        3.0,
        3.1,
        3.2,
        3.3000000000000003,
        3.4000000000000004,
        3.5,
        3.6,
        3.7,
        3.8000000000000003,
        3.9000000000000004,
        4.0,
        4.1000000000000005,
        4.2,
        4.3,
        4.4,
        4.5,
        4.6000000000000005,
        4.7,
        4.800000000000001,
        4.9,
        5.0,
        5.1000000000000005,
        5.2,
        5.300000000000001,
        5.4,
        5.5,
        5.6000000000000005,
        5.7,
        5.800000000000001,
        5.9,
        6.0,
        6.1000000000000005,
        6.2,
        6.300000000000001,
        6.4,
        6.5,
        6.6000000000000005,
        6.7,
        6.800000000000001,
        6.9,
        7.0,
        7.1000000000000005,
        7.2,
        7.300000000000001,
        7.4,
        7.5,
        7.6000000000000005,
        7.7,
        7.800000000000001,
        7.9,
        8.0,
        8.1,
        8.200000000000001,
        8.3,
        8.4,
        8.5,
        8.6,
        8.700000000000001,
        8.8,
        8.9,
        9.0,
        9.1,
        9.200000000000001,
        9.3,
        9.4,
        9.5,
        9.600000000000001,
        9.700000000000001,
        9.8,
        9.9,
        10.0,
        10.100000000000001,
        10.200000000000001,
        10.3,
        10.4,
        10.5,
        10.600000000000001,
        10.700000000000001,
        10.8,
        10.9,
        11.0,
        11.100000000000001,
        11.200000000000001,
        11.3,
        11.4,
        11.5,
        11.600000000000001,
        11.700000000000001,
        11.8,
        11.9,
        12.0,
        12.100000000000001,
        12.200000000000001,
        12.3,
        12.4,
        12.5,
        12.600000000000001,
        12.700000000000001,
        12.8,
        12.9,
        13.0,
        13.100000000000001,
        13.200000000000001,
        13.3,
        13.4,
        13.5,
        13.600000000000001,
        13.700000000000001,
        13.8,
        13.9,
        14.0,
        14.100000000000001,
        14.200000000000001,
        14.3,
        14.4,
        14.5,
        14.600000000000001,
        14.700000000000001,
        14.8,
        14.9,
        15.0,
        15.100000000000001,
        15.200000000000001,
        15.3,
        15.4,
        15.5,
        15.600000000000001,
        15.700000000000001,
        15.8,
        15.9,
        16.0
    ],
    "position": [
        [
            0.0,
            -5.0
        ],
        [
            0.0,
            -5.0
        ],
        [
            0.0,
            -5.0
        ],
        [
            0.0,
            -5.0
        ],
        [
            0.0,
            -5.0
        ],
        [
            0.0,
            -5.0
        ],
        [
            0.0,
            -5.0
        ],
        [
            0.0,
            -5.0
        ],
        [
            0.0,
            -5.0
        ],
        [
            0.008000000000000002,
            -5.0
        ],
        [
            0.028000000000000004,
            -5.0
        ],
        [
            0.061000000000000006,
            -5.0
        ],
        [
            0.10800000000000001,
            -5.0
        ],
        [
            0.169,
            -5.0
        ],
        [
            0.24500000000000002,
            -5.0
        ],
        [
            0.336,
            -5.0
        ],
        [
            0.44200000000000006,
            -5.0
        ],
        [
            0.5630000000000001,
            -5.0
        ],
        [
            0.7000000000000001,
            -5.0
        ],
        [
            0.8530000000000001,
            -5.0
        ],
        [
            1.0220000000000002,
            -5.0
        ],
        [
            1.2070000000000003,
            -5.0
        ],
        [
            1.4080000000000004,
            -5.0
        ],
        [
            1.6240000000000006,
            -5.0
        ],
        [
            1.8550000000000006,
            -5.0
        ],
        [
            2.101000000000001,
            -5.0
        ],
        [
            2.3560000000000008,
            -5.0
        ],
        [
            2.6140000000000008,
            -5.0
        ],
        [
            2.8720000000000008,
            -5.0
        ],
        [
            3.129000000000001,
            -5.0
        ],
        [
            3.384000000000001,
            -5.0
        ],
        [
            3.636000000000001,
            -5.0
        ],
        [
            3.8840000000000012,
            -5.0
        ],
        [
            4.127000000000002,
            -5.0
        ],
        [
            4.364000000000002,
            -5.0
        ],
        [
            4.5950000000000015,
            -5.0
        ],
        [
            4.819000000000002,
            -5.0
        ],
        [
            5.035000000000002,
            -5.0
        ],
        [
            5.242000000000002,
            -5.0
        ],
        [
            5.439000000000002,
            -5.0
        ],
        [
            5.626000000000002,
            -5.0
        ],
        [
            5.801000000000002,
            -5.0
        ],
        [
            5.964000000000002,
            -5.0
        ],
        [
            6.115000000000002,
            -5.0
        ],
        [
            6.254000000000002,
            -5.0
        ],
        [
            6.382000000000002,
            -5.0
        ],
        [
            6.499000000000002,
            -5.0
        ],
        [
            6.607000000000002,
            -5.0
        ],
        [
            6.707000000000002,
            -5.0
        ],
        [
            6.801000000000002,
            -5.0
        ],
        [
            6.890000000000002,
            -5.0
        ],
        [
            6.9810000000000025,
            -5.0
        ],
        [
            7.078000000000003,
            -5.0
        ],
        [
            7.184000000000003,
            -5.0
        ],
        [
            7.302000000000003,
            -5.0
        ],
        [
            7.433000000000003,
            -5.0
        ],
        [
            7.578000000000003,
            -5.0
        ],
        [
            7.738000000000003,
            -5.0
        ],
        [
            7.913000000000003,
            -5.0
        ],
        [
            8.103000000000003,
            -5.0
        ],
        [
            8.308000000000003,
            -5.0
        ],
        [
            8.529000000000003,
            -5.0
        ],
        [
            8.766000000000004,
            -5.0
        ],
        [
            9.018000000000004,
            -5.0
        ],
        [
            9.279000000000003,
            -5.0
        ],
        [
            9.543000000000003,
            -5.0
        ],
        [
            9.807000000000002,
            -5.0
        ],
        [
            10.070000000000002,
            -5.0
        ],
        [
            10.331000000000001,
            -5.0
        ],
        [
            10.589,
            -5.0
        ],
        [
            10.843,
            -5.0
        ],
        [
            11.092,
            -5.0
        ],
        [
            11.335,
            -5.0
        ],
        [
            11.572000000000001,
            -5.0
        ],
        [
            11.802000000000001,
            -5.0
        ],
        [
            12.024000000000001,
            -5.0
        ],
        [
            12.237,
            -5.0
        ],
        [
            12.44,
            -5.0
        ],
        [
            12.632,
            -5.0
        ],
        [
            12.812999999999999,
            -5.0
        ],
        [
            12.983999999999998,
            -5.0
        ],
        [
            13.146999999999998,
            -5.0
        ],
        [
            13.302999999999999,
            -5.0
        ],
        [
            13.453,
            -5.0
        ],
        [
            13.597999999999999,
            -5.0
        ],
        [
            13.738999999999999,
            -5.0
        ],
        [
            13.882,
            -5.0
        ],
        [
            14.030999999999999,
            -5.0
        ],
        [
            14.187999999999999,
            -5.0
        ],
        [
            14.355999999999998,
            -5.0
        ],
        [
            14.535999999999998,
            -5.0
        ],
        [
            14.728999999999997,
            -5.0
        ],
        [
            14.935999999999998,
            -5.0
        ],
        [
            15.157999999999998,
            -5.0
        ],
        [
            15.394999999999998,
            -5.0
        ],
        [
            15.646999999999998,
            -5.0
        ],
        [
            15.913999999999998,
            -5.0
        ],
        [
            16.195999999999998,
            -5.0
        ],
        [
            16.493,
            -5.0
        ],
        [
            16.805,
            -5.0
        ],
        [
            17.131999999999998,
            -5.0
        ],
        [
            17.467999999999996,
            -5.0
        ],
        [
            17.806999999999995,
            -5.0
        ],
        [
            18.145999999999994,
            -5.0
        ],
        [
            18.483999999999995,
            -5.0
        ],
        [
            18.819999999999993,
            -5.0
        ],
        [
            19.15299999999999,
            -5.0
        ],
        [
            19.481999999999992,
            -5.0
        ],
        [
            19.805999999999994,
            -5.0
        ],
        [
            20.123999999999995,
            -5.0
        ],
        [
            20.435999999999996,
            -5.0
        ],
        [
            20.740999999999996,
            -5.0
        ],
        [
            21.037999999999997,
            -5.0
        ],
        [
            21.325999999999997,
            -5.0
        ],
        [
            21.603999999999996,
            -5.0
        ],
        [
            21.871999999999996,
            -5.0
        ],
        [
            22.128999999999998,
            -5.0
        ],
        [
            22.374,
            -5.0
        ],
        [
            22.608999999999998,
            -5.0
        ],
        [
            22.834999999999997,
            -5.0
        ],
        [
            23.052999999999997,
            -5.0
        ],
        [
            23.263999999999996,
            -5.0
        ],
        [
            23.468999999999994,
            -5.0
        ],
        [
            23.669999999999995,
            -5.0
        ],
        [
            23.871999999999993,
            -5.0
        ],
        [
            24.078999999999994,
            -5.0
        ],
        [
            24.293999999999993,
            -5.0
        ],
        [
            24.518999999999995,
            -5.0
        ],
        [
            24.755999999999993,
            -5.0
        ],
        [
            25.005999999999993,
            -5.0
        ],
        [
            25.269999999999992,
            -5.0
        ],
        [
            25.548999999999992,
            -5.0
        ],
        [
            25.842999999999993,
            -5.0
        ],
        [
            26.151999999999994,
            -5.0
        ],
        [
            26.475999999999992,
            -5.0
        ],
        [
            26.81499999999999,
            -5.0
        ],
        [
            27.16899999999999,
            -5.0
        ],
        [
            27.53799999999999,
            -5.0
        ],
        [
            27.92199999999999,
            -5.0
        ],
        [
            28.32099999999999,
            -5.0
        ],
        [
            28.734999999999992,
            -5.0
        ],
        [
            29.16399999999999,
            -5.0
        ],
        [
            29.607999080983102,
            -4.999096625132694
        ],
        [
            30.0669958513223,
            -4.997374760392173
        ],
        [
            30.540988618944617,
            -4.994756317775704
        ],
        [
            31.02997539939076,
            -4.991160688635324
        ],
        [
            31.533953893163872,
            -4.986504744672347
        ],
        [
            32.05293350378132,
            -4.981904335629096
        ],
        [
            32.58691252511025,
            -4.9771709667869075
        ],
        [
            33.13689091786477,
            -4.972295774159185
        ],
        [
            33.70286868204487,
            -4.967278757745928
        ],
        [
            34.283845856936466,
            -4.962128781533733
        ],
        [
            34.87582259968315,
            -4.956881301468984
        ],
        [
            35.473799106714424,
            -4.95158063748466
        ],
        [
            36.071759738111965,
            -4.944718910395089
        ],
        [
            36.66874939523939,
            -4.941204755747925
        ],
        [
            37.26272409232547,
            -4.935722126680173
        ],
        [
            37.85371246908169,
            -4.9320155731531425
        ],
        [
            38.440699506535,
            -4.928114565361505
        ],
        [
            39.02259496121135,
            -4.939145423306551
        ],
        [
            39.59857826682297,
            -4.943530814589647
        ]
    ],
    "orientation": [
        0.0,
        0.0,
        0.0,
        0.0,
        0.0,
        0.0,
        0.0,
        0.0,
        0.0,
        0.0,
        0.0,
        0.0,
        0.0,
        0.0,
        0.0,
        0.0,
        0.0,
        0.0,
        0.0,
        0.0,
        0.0,
        0.0,
        0.0,
        0.0,
        0.0,
        0.0,
        0.0,
        0.0,
        0.0,
        0.0,
        0.0,
        0.0,
        0.0,
        0.0,
        0.0,
        0.0,
        0.0,
        0.0,
        0.0,
        0.0,
        0.0,
        0.0,
        0.0,
        0.0,
        0.0,
        0.0,
        0.0,
        0.0,
        0.0,
        0.0,
        0.0,
        0.0,
        0.0,
        0.0,
        0.0,
        0.0,
        0.0,
        0.0,
        0.0,
        0.0,
        0.0,
        0.0,
        0.0,
        0.0,
        0.0,
        0.0,
        0.0,
        0.0,
        0.0,
        0.0,
        0.0,
        0.0,
        0.0,
        0.0,
        0.0,
        0.0,
        0.0,
        0.0,
        0.0,
        0.0,
        0.0,
        0.0,
        0.0,
        0.0,
        0.0,
        0.0,
        0.0,
        0.0,
        0.0,
        0.0,
        0.0,
        0.0,
        0.0,
        0.0,
        0.0,
        0.0,
        0.0,
        0.0,
        0.0,
        0.0,
        0.0,
        0.0,
        0.0,
        0.0,
        0.0,
        0.0,
        0.0,
        0.0,
        0.0,
        0.0,
        0.0,
        0.0,
        0.0,
        0.0,
        0.0,
        0.0,
        0.0,
        0.0,
        0.0,
        0.0,
        0.0,
        0.0,
        0.0,
        0.0,
        0.0,
        0.0,
        0.0,
        0.0,
        0.0,
        0.0,
        0.0,
        0.0,
        0.0,
        0.0,
        0.0,
        0.0,
        0.0,
        0.0,
        0.0,
        0.0,
        0.0,
        0.0,
        0.0016606167035303993,
        0.003377335322720609,
        0.005150155857570628,
        0.006979078308080459,
        0.0088641026742501,
        0.0088641026742501,
        0.0088641026742501,
        0.0088641026742501,
        0.0088641026742501,
        0.0088641026742501,
        0.0088641026742501,
        0.0088641026742501,
        0.011100699045221226,
        0.006634497686414069,
        0.008856133546542577,
        0.006645718069546033,
        0.006645718069546033,
        -0.01520079406208575,
        -0.00873596626220342
    ],
    "velocity": [
        0.0,
        0.0,
        0.0,
        0.0,
        0.0,
        0.0,
        0.0,
        0.0,
        0.0,
        0.08000000000000002,
        0.2,
        0.33,
        0.47,
        0.61,
        0.76,
        0.91,
        1.06,
        1.21,
        1.37,
        1.5300000000000002,
        1.6900000000000004,
        1.8500000000000005,
        2.0100000000000007,
        2.1600000000000006,
        2.3100000000000005,
        2.4600000000000004,
        2.5500000000000003,
        2.58,
        2.58,
        2.5700000000000003,
        2.5500000000000003,
        2.5200000000000005,
        2.4800000000000004,
        2.4300000000000006,
        2.3700000000000006,
        2.3100000000000005,
        2.2400000000000007,
        2.1600000000000006,
        2.0700000000000007,
        1.9700000000000006,
        1.8700000000000006,
        1.7500000000000004,
        1.6300000000000003,
        1.5100000000000002,
        1.3900000000000001,
        1.28,
        1.17,
        1.0799999999999998,
        0.9999999999999998,
        0.9399999999999997,
        0.8899999999999997,
        0.9099999999999997,
        0.9699999999999998,
        1.0599999999999998,
        1.1799999999999997,
        1.3099999999999996,
        1.4499999999999995,
        1.5999999999999996,
        1.7499999999999996,
        1.8999999999999995,
        2.0499999999999994,
        2.2099999999999995,
        2.3699999999999997,
        2.5199999999999996,
        2.6099999999999994,
        2.6399999999999992,
        2.6399999999999992,
        2.6299999999999994,
        2.6099999999999994,
        2.5799999999999996,
        2.5399999999999996,
        2.4899999999999998,
        2.4299999999999997,
        2.3699999999999997,
        2.3,
        2.2199999999999998,
        2.13,
        2.03,
        1.9199999999999997,
        1.8099999999999996,
        1.7099999999999995,
        1.6299999999999994,
        1.5599999999999994,
        1.4999999999999993,
        1.4499999999999993,
        1.4099999999999993,
        1.4299999999999993,
        1.4899999999999993,
        1.5699999999999994,
        1.6799999999999995,
        1.7999999999999994,
        1.9299999999999993,
        2.0699999999999994,
        2.2199999999999993,
        2.369999999999999,
        2.519999999999999,
        2.669999999999999,
        2.819999999999999,
        2.969999999999999,
        3.1199999999999988,
        3.2699999999999987,
        3.3599999999999985,
        3.3899999999999983,
        3.3899999999999983,
        3.3799999999999986,
        3.3599999999999985,
        3.3299999999999987,
        3.2899999999999987,
        3.239999999999999,
        3.179999999999999,
        3.1199999999999988,
        3.049999999999999,
        2.969999999999999,
        2.879999999999999,
        2.779999999999999,
        2.679999999999999,
        2.569999999999999,
        2.449999999999999,
        2.3499999999999988,
        2.259999999999999,
        2.179999999999999,
        2.109999999999999,
        2.049999999999999,
        2.009999999999999,
        2.0199999999999987,
        2.0699999999999985,
        2.1499999999999986,
        2.2499999999999987,
        2.3699999999999988,
        2.4999999999999987,
        2.639999999999999,
        2.7899999999999987,
        2.9399999999999986,
        3.0899999999999985,
        3.2399999999999984,
        3.3899999999999983,
        3.5399999999999983,
        3.689999999999998,
        3.839999999999998,
        3.989999999999998,
        4.139999999999998,
        4.289999999999998,
        4.439999999999999,
        4.589999999999999,
        4.739999999999999,
        4.89,
        5.04,
        5.19,
        5.340000000000001,
        5.500000000000001,
        5.660000000000001,
        5.810000000000001,
        5.920000000000002,
        5.980000000000001,
        5.980000000000001,
        5.9700000000000015,
        5.940000000000001,
        5.910000000000001,
        5.870000000000001,
        5.820000000000001,
        5.760000000000002
    ],
    "acceleration": [
        0.0,
        0.0,
        0.0,
        0.0,
        0.0,
        0.0,
        0.0,
        0.0,
        0.8000000000000002,
        1.2,
        1.3,
        1.3999999999999995,
        1.4000000000000001,
        1.5000000000000002,
        1.5000000000000002,
        1.5000000000000002,
        1.4999999999999991,
        1.6000000000000014,
        1.6000000000000014,
        1.6000000000000014,
        1.6000000000000014,
        1.6000000000000014,
        1.4999999999999991,
        1.4999999999999991,
        1.4999999999999991,
        0.8999999999999986,
        0.29999999999999805,
        0.0,
        -0.09999999999999787,
        -0.20000000000000018,
        -0.29999999999999805,
        -0.40000000000000036,
        -0.4999999999999982,
        -0.6000000000000005,
        -0.6000000000000005,
        -0.6999999999999984,
        -0.8000000000000007,
        -0.8999999999999986,
        -1.0000000000000009,
        -1.0000000000000009,
        -1.200000000000001,
        -1.200000000000001,
        -1.200000000000001,
        -1.200000000000001,
        -1.100000000000001,
        -1.100000000000001,
        -0.9000000000000008,
        -0.8000000000000007,
        -0.6000000000000005,
        -0.5000000000000004,
        0.20000000000000018,
        0.6000000000000005,
        0.9000000000000008,
        1.1999999999999988,
        1.299999999999999,
        1.399999999999999,
        1.5000000000000013,
        1.4999999999999991,
        1.4999999999999991,
        1.4999999999999991,
        1.6000000000000014,
        1.6000000000000014,
        1.4999999999999991,
        0.8999999999999986,
        0.29999999999999805,
        0.0,
        -0.09999999999999787,
        -0.20000000000000018,
        -0.29999999999999805,
        -0.40000000000000036,
        -0.4999999999999982,
        -0.6000000000000005,
        -0.6000000000000005,
        -0.6999999999999984,
        -0.8000000000000007,
        -0.8999999999999986,
        -1.0000000000000009,
        -1.100000000000001,
        -1.100000000000001,
        -1.0000000000000009,
        -0.8000000000000007,
        -0.7000000000000006,
        -0.6000000000000005,
        -0.5000000000000004,
        -0.40000000000000036,
        0.20000000000000018,
        0.6000000000000005,
        0.8000000000000007,
        1.100000000000001,
        1.1999999999999988,
        1.299999999999999,
        1.4000000000000012,
        1.4999999999999991,
        1.4999999999999991,
        1.4999999999999991,
        1.4999999999999991,
        1.4999999999999991,
        1.4999999999999991,
        1.4999999999999991,
        1.4999999999999991,
        0.8999999999999986,
        0.29999999999999805,
        0.0,
        -0.09999999999999787,
        -0.20000000000000018,
        -0.29999999999999805,
        -0.40000000000000036,
        -0.4999999999999982,
        -0.6000000000000005,
        -0.6000000000000005,
        -0.6999999999999984,
        -0.8000000000000007,
        -0.8999999999999986,
        -1.0000000000000009,
        -1.0000000000000009,
        -1.0999999999999988,
        -1.200000000000001,
        -1.0000000000000009,
        -0.8999999999999986,
        -0.8000000000000007,
        -0.6999999999999984,
        -0.6000000000000005,
        -0.40000000000000036,
        0.09999999999999787,
        0.4999999999999982,
        0.8000000000000007,
        1.0000000000000009,
        1.200000000000001,
        1.299999999999999,
        1.4000000000000012,
        1.4999999999999991,
        1.4999999999999991,
        1.4999999999999991,
        1.4999999999999991,
        1.4999999999999991,
        1.4999999999999991,
        1.4999999999999991,
        1.4999999999999991,
        1.4999999999999991,
        1.4999999999999991,
        1.5000000000000036,
        1.5000000000000036,
        1.5000000000000036,
        1.5000000000000036,
        1.5000000000000036,
        1.5000000000000036,
        1.5000000000000036,
        1.5000000000000036,
        1.6000000000000014,
        1.6000000000000014,
        1.5000000000000036,
        1.1000000000000032,
        0.5999999999999961,
        0.0,
        -0.09999999999999787,
        -0.3000000000000025,
        -0.3000000000000025,
        -0.40000000000000036,
        -0.4999999999999982,
        -0.5999999999999961
    ],
    "accelerationCost": 180.64000000000004,
    "accelerationCostWeighted": 180.64000000000004,
    "jerk": [
        0.0,
        0.0,
        0.0,
        0.0,
        0.0,
        0.0,
        0.0,
        8.000000000000002,
        3.999999999999998,
        1.0000000000000009,
        0.9999999999999942,
        6.661338147750939e-15,
        1.0000000000000009,
        0.0,
        0.0,
        -1.1102230246251565e-14,
        1.000000000000023,
        0.0,
        0.0,
        0.0,
        0.0,
        -1.000000000000023,
        0.0,
        0.0,
        -6.000000000000005,
        -6.000000000000005,
        -2.9999999999999805,
        -0.9999999999999787,
        -1.000000000000023,
        -0.9999999999999787,
        -1.000000000000023,
        -0.9999999999999787,
        -1.000000000000023,
        0.0,
        -0.9999999999999787,
        -1.000000000000023,
        -0.9999999999999787,
        -1.000000000000023,
        0.0,
        -2.0000000000000018,
        0.0,
        0.0,
        0.0,
        1.0000000000000009,
        0.0,
        2.0000000000000018,
        1.0000000000000009,
        2.0000000000000018,
        1.0000000000000009,
        7.000000000000006,
        4.0000000000000036,
        3.0000000000000027,
        2.9999999999999805,
        1.0000000000000009,
        1.0000000000000009,
        1.000000000000023,
        -2.220446049250313e-14,
        0.0,
        0.0,
        1.000000000000023,
        0.0,
        -1.000000000000023,
        -6.000000000000005,
        -6.000000000000005,
        -2.9999999999999805,
        -0.9999999999999787,
        -1.000000000000023,
        -0.9999999999999787,
        -1.000000000000023,
        -0.9999999999999787,
        -1.000000000000023,
        0.0,
        -0.9999999999999787,
        -1.000000000000023,
        -0.9999999999999787,
        -1.000000000000023,
        -1.0000000000000009,
        0.0,
        1.0000000000000009,
        2.0000000000000018,
        1.0000000000000009,
        1.0000000000000009,
        1.0000000000000009,
        1.0000000000000009,
        6.000000000000005,
        4.0000000000000036,
        2.0000000000000018,
        3.0000000000000027,
        0.9999999999999787,
        1.0000000000000009,
        1.000000000000023,
        0.9999999999999787,
        0.0,
        0.0,
        0.0,
        0.0,
        0.0,
        0.0,
        0.0,
        -6.000000000000005,
        -6.000000000000005,
        -2.9999999999999805,
        -0.9999999999999787,
        -1.000000000000023,
        -0.9999999999999787,
        -1.000000000000023,
        -0.9999999999999787,
        -1.000000000000023,
        0.0,
        -0.9999999999999787,
        -1.000000000000023,
        -0.9999999999999787,
        -1.000000000000023,
        0.0,
        -0.9999999999999787,
        -1.000000000000023,
        2.0000000000000018,
        1.000000000000023,
        0.9999999999999787,
        1.000000000000023,
        0.9999999999999787,
        2.0000000000000018,
        4.999999999999982,
        4.0000000000000036,
        3.000000000000025,
        2.0000000000000018,
        2.0000000000000018,
        0.9999999999999787,
        1.000000000000023,
        0.9999999999999787,
        0.0,
        0.0,
        0.0,
        0.0,
        0.0,
        0.0,
        0.0,
        0.0,
        0.0,
        4.440892098500626e-14,
        0.0,
        0.0,
        0.0,
        0.0,
        0.0,
        0.0,
        0.0,
        0.9999999999999787,
        0.0,
        -0.9999999999999787,
        -4.0000000000000036,
        -5.000000000000071,
        -5.999999999999961,
        -0.9999999999999787,
        -2.000000000000046,
        0.0,
        -0.9999999999999787,
        -0.9999999999999787,
        -0.9999999999999787
    ],
    "jerkCost": 702.0000000000007,
    "jerkCostWeighted": 70.20000000000007,
    "steeringAngle": [
        0.0,
        0.0,
        0.0,
        0.0,
        0.0,
        0.0,
        0.0,
        0.0,
        0.0,
        0.0,
        0.0,
        0.0,
        0.0,
        0.0,
        0.0,
        0.0,
        0.0,
        0.0,
        0.0,
        0.0,
        0.0,
        0.0,
        0.0,
        0.0,
        0.0,
        0.0,
        0.0,
        0.0,
        0.0,
        0.0,
        0.0,
        0.0,
        0.0,
        0.0,
        0.0,
        0.0,
        0.0,
        0.0,
        0.0,
        0.0,
        0.0,
        0.0,
        0.0,
        0.0,
        0.0,
        0.0,
        0.0,
        0.0,
        0.0,
        0.0,
        0.0,
        0.0,
        0.0,
        0.0,
        0.0,
        0.0,
        0.0,
        0.0,
        0.0,
        0.0,
        0.0,
        0.0,
        0.0,
        0.0,
        0.0,
        0.0,
        0.0,
        0.0,
        0.0,
        0.0,
        0.0,
        0.0,
        0.0,
        0.0,
        0.0,
        0.0,
        0.0,
        0.0,
        0.0,
        0.0,
        0.0,
        0.0,
        0.0,
        0.0,
        0.0,
        0.0,
        0.0,
        0.0,
        0.0,
        0.0,
        0.0,
        0.0,
        0.0,
        0.0,
        0.0,
        0.0,
        0.0,
        0.0,
        0.0,
        0.0,
        0.0,
        0.0,
        0.0,
        0.0,
        0.0,
        0.0,
        0.0,
        0.0,
        0.0,
        0.0,
        0.0,
        0.0,
        0.0,
        0.0,
        0.0,
        0.0,
        0.0,
        0.0,
        0.0,
        0.0,
        0.0,
        0.0,
        0.0,
        0.0,
        0.0,
        0.0,
        0.0,
        0.0,
        0.0,
        0.0,
        0.0,
        0.0,
        0.0,
        0.0,
        0.0,
        0.0,
        0.0,
        0.0,
        0.0,
        0.0,
        0.0,
        0.0,
        0.6000000238418579,
        0.6000000238418579,
        0.6000000238418579,
        0.6000000238418579,
        0.6000000238418579,
        0.0,
        0.0,
        0.0,
        0.0,
        0.0,
        0.0,
        0.0,
        0.6000000238418579,
        -1.2000000476837158,
        0.6000000238418579,
        -0.6000000238418579,
        0.0,
        -6.0,
        1.8000000715255737
    ],
    "steeringAngleCost": 0.013269134988927688,
    "steeringAngleCostWeighted": 0.013269134988927688,
    "steeringRate": [
        0.0,
        0.0,
        0.0,
        0.0,
        0.0,
        0.0,
        0.0,
        0.0,
        0.0,
        0.0,
        0.0,
        0.0,
        0.0,
        0.0,
        0.0,
        0.0,
        0.0,
        0.0,
        0.0,
        0.0,
        0.0,
        0.0,
        0.0,
        0.0,
        0.0,
        0.0,
        0.0,
        0.0,
        0.0,
        0.0,
        0.0,
        0.0,
        0.0,
        0.0,
        0.0,
        0.0,
        0.0,
        0.0,
        0.0,
        0.0,
        0.0,
        0.0,
        0.0,
        0.0,
        0.0,
        0.0,
        0.0,
        0.0,
        0.0,
        0.0,
        0.0,
        0.0,
        0.0,
        0.0,
        0.0,
        0.0,
        0.0,
        0.0,
        0.0,
        0.0,
        0.0,
        0.0,
        0.0,
        0.0,
        0.0,
        0.0,
        0.0,
        0.0,
        0.0,
        0.0,
        0.0,
        0.0,
        0.0,
        0.0,
        0.0,
        0.0,
        0.0,
        0.0,
        0.0,
        0.0,
        0.0,
        0.0,
        0.0,
        0.0,
        0.0,
        0.0,
        0.0,
        0.0,
        0.0,
        0.0,
        0.0,
        0.0,
        0.0,
        0.0,
        0.0,
        0.0,
        0.0,
        0.0,
        0.0,
        0.0,
        0.0,
        0.0,
        0.0,
        0.0,
        0.0,
        0.0,
        0.0,
        0.0,
        0.0,
        0.0,
        0.0,
        0.0,
        0.0,
        0.0,
        0.0,
        0.0,
        0.0,
        0.0,
        0.0,
        0.0,
        0.0,
        0.0,
        0.0,
        0.0,
        0.0,
        0.0,
        0.0,
        0.0,
        0.0,
        0.0,
        0.0,
        0.0,
        0.0,
        0.0,
        0.0,
        0.0,
        0.0,
        0.0,
        0.0,
        0.0,
        0.0,
        6.000000238418579,
        0.0,
        0.0,
        0.0,
        0.0,
        -6.000000238418579,
        0.0,
        0.0,
        0.0,
        0.0,
        0.0,
        0.0,
        6.000000238418579,
        -18.000000715255737,
        18.000000715255737,
        -12.000000476837158,
        6.000000238418579,
        -60.0,
        78.00000071525574
    ],
    "steeringRateCost": 3.2350370547834775,
    "steeringRateCostWeighted": 3.2350370547834775,
    "yawRate": [
        0.0,
        0.0,
        0.0,
        0.0,
        0.0,
        0.0,
        0.0,
        0.0,
        0.0,
        0.0,
        0.0,
        0.0,
        0.0,
        0.0,
        0.0,
        0.0,
        0.0,
        0.0,
        0.0,
        0.0,
        0.0,
        0.0,
        0.0,
        0.0,
        0.0,
        0.0,
        0.0,
        0.0,
        0.0,
        0.0,
        0.0,
        0.0,
        0.0,
        0.0,
        0.0,
        0.0,
        0.0,
        0.0,
        0.0,
        0.0,
        0.0,
        0.0,
        0.0,
        0.0,
        0.0,
        0.0,
        0.0,
        0.0,
        0.0,
        0.0,
        0.0,
        0.0,
        0.0,
        0.0,
        0.0,
        0.0,
        0.0,
        0.0,
        0.0,
        0.0,
        0.0,
        0.0,
        0.0,
        0.0,
        0.0,
        0.0,
        0.0,
        0.0,
        0.0,
        0.0,
        0.0,
        0.0,
        0.0,
        0.0,
        0.0,
        0.0,
        0.0,
        0.0,
        0.0,
        0.0,
        0.0,
        0.0,
        0.0,
        0.0,
        0.0,
        0.0,
        0.0,
        0.0,
        0.0,
        0.0,
        0.0,
        0.0,
        0.0,
        0.0,
        0.0,
        0.0,
        0.0,
        0.0,
        0.0,
        0.0,
        0.0,
        0.0,
        0.0,
        0.0,
        0.0,
        0.0,
        0.0,
        0.0,
        0.0,
        0.0,
        0.0,
        0.0,
        0.0,
        0.0,
        0.0,
        0.0,
        0.0,
        0.0,
        0.0,
        0.0,
        0.0,
        0.0,
        0.0,
        0.0,
        0.0,
        0.0,
        0.0,
        0.0,
        0.0,
        0.0,
        0.0,
        0.0,
        0.0,
        0.0,
        0.0,
        0.0,
        0.0,
        0.0,
        0.0,
        0.0,
        0.0,
        0.01660616703530399,
        0.017167186191902096,
        0.01772820534850019,
        0.01828922450509831,
        0.018850243661696412,
        0.0,
        0.0,
        0.0,
        0.0,
        0.0,
        0.0,
        0.0,
        0.022365963709711258,
        -0.04466201358807157,
        0.02221635860128508,
        -0.02210415476996544,
        0.0,
        -0.21846512131631782,
        0.06464827799882329
    ],
    "yawRateCost": 0.05695809486730095,
    "yawRateCostWeighted": 0.05695809486730095,
    "distanceToObstaclesCost": 48.5206884412853,
    "distanceToObstaclesCostWeighted": 485.206884412853,
    "distanceToCenterLinesCost": 58.55319885448647,
    "distanceToCenterLinesCostWeighted": 58.55319885448647,
    "obstacles": [
        [
            {
                "position": [
                    10.0,
                    -5.0
                ],
                "dimension": [
                    3.75,
                    2.1
                ],
                "orientation": 0.0
            }
        ],
        [
            {
                "position": [
                    10.0,
                    -5.0
                ],
                "dimension": [
                    3.75,
                    2.1
                ],
                "orientation": 0.0
            }
        ],
        [
            {
                "position": [
                    10.0,
                    -5.0
                ],
                "dimension": [
                    3.75,
                    2.1
                ],
                "orientation": 0.0
            }
        ],
        [
            {
                "position": [
                    10.0,
                    -5.0
                ],
                "dimension": [
                    3.75,
                    2.1
                ],
                "orientation": 0.0
            }
        ],
        [
            {
                "position": [
                    10.0,
                    -5.0
                ],
                "dimension": [
                    3.75,
                    2.1
                ],
                "orientation": 0.0
            }
        ],
        [
            {
                "position": [
                    10.0,
                    -5.0
                ],
                "dimension": [
                    3.75,
                    2.1
                ],
                "orientation": 0.0
            }
        ],
        [
            {
                "position": [
                    10.0,
                    -5.0
                ],
                "dimension": [
                    3.75,
                    2.1
                ],
                "orientation": 0.0
            }
        ],
        [
            {
                "position": [
                    10.0,
                    -5.0
                ],
                "dimension": [
                    3.75,
                    2.1
                ],
                "orientation": 0.0
            }
        ],
        [
            {
                "position": [
                    10.0,
                    -5.0
                ],
                "dimension": [
                    3.75,
                    2.1
                ],
                "orientation": 0.0
            }
        ],
        [
            {
                "position": [
                    10.0,
                    -5.0
                ],
                "dimension": [
                    3.75,
                    2.1
                ],
                "orientation": 0.0
            }
        ],
        [
            {
                "position": [
                    10.0,
                    -5.0
                ],
                "dimension": [
                    3.75,
                    2.1
                ],
                "orientation": 0.0
            }
        ],
        [
            {
                "position": [
                    10.1875,
                    -5.0
                ],
                "dimension": [
                    3.75,
                    2.1
                ],
                "orientation": 0.0
            }
        ],
        [
            {
                "position": [
                    10.375,
                    -5.0
                ],
                "dimension": [
                    3.75,
                    2.1
                ],
                "orientation": 0.0
            }
        ],
        [
            {
                "position": [
                    10.5625,
                    -5.0
                ],
                "dimension": [
                    3.75,
                    2.1
                ],
                "orientation": 0.0
            }
        ],
        [
            {
                "position": [
                    10.75,
                    -5.0
                ],
                "dimension": [
                    3.75,
                    2.1
                ],
                "orientation": 0.0
            }
        ],
        [
            {
                "position": [
                    10.9375,
                    -5.0
                ],
                "dimension": [
                    3.75,
                    2.1
                ],
                "orientation": 0.0
            }
        ],
        [
            {
                "position": [
                    11.125,
                    -5.0
                ],
                "dimension": [
                    3.75,
                    2.1
                ],
                "orientation": 0.0
            }
        ],
        [
            {
                "position": [
                    11.3125,
                    -5.0
                ],
                "dimension": [
                    3.75,
                    2.1
                ],
                "orientation": 0.0
            }
        ],
        [
            {
                "position": [
                    11.5,
                    -5.0
                ],
                "dimension": [
                    3.75,
                    2.1
                ],
                "orientation": 0.0
            }
        ],
        [
            {
                "position": [
                    11.6875,
                    -5.0
                ],
                "dimension": [
                    3.75,
                    2.1
                ],
                "orientation": 0.0
            }
        ],
        [
            {
                "position": [
                    11.875,
                    -5.0
                ],
                "dimension": [
                    3.75,
                    2.1
                ],
                "orientation": 0.0
            }
        ],
        [
            {
                "position": [
                    12.0625,
                    -5.0
                ],
                "dimension": [
                    3.75,
                    2.1
                ],
                "orientation": 0.0
            }
        ],
        [
            {
                "position": [
                    12.25,
                    -5.0
                ],
                "dimension": [
                    3.75,
                    2.1
                ],
                "orientation": 0.0
            }
        ],
        [
            {
                "position": [
                    12.4375,
                    -5.0
                ],
                "dimension": [
                    3.75,
                    2.1
                ],
                "orientation": 0.0
            }
        ],
        [
            {
                "position": [
                    12.625,
                    -5.0
                ],
                "dimension": [
                    3.75,
                    2.1
                ],
                "orientation": 0.0
            }
        ],
        [
            {
                "position": [
                    12.8125,
                    -5.0
                ],
                "dimension": [
                    3.75,
                    2.1
                ],
                "orientation": 0.0
            }
        ],
        [
            {
                "position": [
                    13.0,
                    -5.0
                ],
                "dimension": [
                    3.75,
                    2.1
                ],
                "orientation": 0.0
            }
        ],
        [
            {
                "position": [
                    13.1875,
                    -5.0
                ],
                "dimension": [
                    3.75,
                    2.1
                ],
                "orientation": 0.0
            }
        ],
        [
            {
                "position": [
                    13.375,
                    -5.0
                ],
                "dimension": [
                    3.75,
                    2.1
                ],
                "orientation": 0.0
            }
        ],
        [
            {
                "position": [
                    13.5625,
                    -5.0
                ],
                "dimension": [
                    3.75,
                    2.1
                ],
                "orientation": 0.0
            }
        ],
        [
            {
                "position": [
                    13.75,
                    -5.0
                ],
                "dimension": [
                    3.75,
                    2.1
                ],
                "orientation": 0.0
            }
        ],
        [
            {
                "position": [
                    13.9375,
                    -5.0
                ],
                "dimension": [
                    3.75,
                    2.1
                ],
                "orientation": 0.0
            }
        ],
        [
            {
                "position": [
                    14.125,
                    -5.0
                ],
                "dimension": [
                    3.75,
                    2.1
                ],
                "orientation": 0.0
            }
        ],
        [
            {
                "position": [
                    14.3125,
                    -5.0
                ],
                "dimension": [
                    3.75,
                    2.1
                ],
                "orientation": 0.0
            }
        ],
        [
            {
                "position": [
                    14.5,
                    -5.0
                ],
                "dimension": [
                    3.75,
                    2.1
                ],
                "orientation": 0.0
            }
        ],
        [
            {
                "position": [
                    14.6875,
                    -5.0
                ],
                "dimension": [
                    3.75,
                    2.1
                ],
                "orientation": 0.0
            }
        ],
        [
            {
                "position": [
                    14.875,
                    -5.0
                ],
                "dimension": [
                    3.75,
                    2.1
                ],
                "orientation": 0.0
            }
        ],
        [
            {
                "position": [
                    15.0,
                    -5.0
                ],
                "dimension": [
                    3.75,
                    2.1
                ],
                "orientation": 0.0
            }
        ],
        [
            {
                "position": [
                    15.1875,
                    -5.0
                ],
                "dimension": [
                    3.75,
                    2.1
                ],
                "orientation": 0.0
            }
        ],
        [
            {
                "position": [
                    15.375,
                    -5.0
                ],
                "dimension": [
                    3.75,
                    2.1
                ],
                "orientation": 0.0
            }
        ],
        [
            {
                "position": [
                    15.5625,
                    -5.0
                ],
                "dimension": [
                    3.75,
                    2.1
                ],
                "orientation": 0.0
            }
        ],
        [
            {
                "position": [
                    15.75,
                    -5.0
                ],
                "dimension": [
                    3.75,
                    2.1
                ],
                "orientation": 0.0
            }
        ],
        [
            {
                "position": [
                    15.9375,
                    -5.0
                ],
                "dimension": [
                    3.75,
                    2.1
                ],
                "orientation": 0.0
            }
        ],
        [
            {
                "position": [
                    16.125,
                    -5.0
                ],
                "dimension": [
                    3.75,
                    2.1
                ],
                "orientation": 0.0
            }
        ],
        [
            {
                "position": [
                    16.3125,
                    -5.0
                ],
                "dimension": [
                    3.75,
                    2.1
                ],
                "orientation": 0.0
            }
        ],
        [
            {
                "position": [
                    16.5,
                    -5.0
                ],
                "dimension": [
                    3.75,
                    2.1
                ],
                "orientation": 0.0
            }
        ],
        [
            {
                "position": [
                    16.6875,
                    -5.0
                ],
                "dimension": [
                    3.75,
                    2.1
                ],
                "orientation": 0.0
            }
        ],
        [
            {
                "position": [
                    16.875,
                    -5.0
                ],
                "dimension": [
                    3.75,
                    2.1
                ],
                "orientation": 0.0
            }
        ],
        [
            {
                "position": [
                    17.0625,
                    -5.0
                ],
                "dimension": [
                    3.75,
                    2.1
                ],
                "orientation": 0.0
            }
        ],
        [
            {
                "position": [
                    17.25,
                    -5.0
                ],
                "dimension": [
                    3.75,
                    2.1
                ],
                "orientation": 0.0
            }
        ],
        [
            {
                "position": [
                    17.4375,
                    -5.0
                ],
                "dimension": [
                    3.75,
                    2.1
                ],
                "orientation": 0.0
            }
        ],
        [
            {
                "position": [
                    17.625,
                    -5.0
                ],
                "dimension": [
                    3.75,
                    2.1
                ],
                "orientation": 0.0
            }
        ],
        [
            {
                "position": [
                    17.8125,
                    -5.0
                ],
                "dimension": [
                    3.75,
                    2.1
                ],
                "orientation": 0.0
            }
        ],
        [
            {
                "position": [
                    18.0,
                    -5.0
                ],
                "dimension": [
                    3.75,
                    2.1
                ],
                "orientation": 0.0
            }
        ],
        [
            {
                "position": [
                    18.1875,
                    -5.0
                ],
                "dimension": [
                    3.75,
                    2.1
                ],
                "orientation": 0.0
            }
        ],
        [
            {
                "position": [
                    18.375,
                    -5.0
                ],
                "dimension": [
                    3.75,
                    2.1
                ],
                "orientation": 0.0
            }
        ],
        [
            {
                "position": [
                    18.5625,
                    -5.0
                ],
                "dimension": [
                    3.75,
                    2.1
                ],
                "orientation": 0.0
            }
        ],
        [
            {
                "position": [
                    18.75,
                    -5.0
                ],
                "dimension": [
                    3.75,
                    2.1
                ],
                "orientation": 0.0
            }
        ],
        [
            {
                "position": [
                    18.9375,
                    -5.0
                ],
                "dimension": [
                    3.75,
                    2.1
                ],
                "orientation": 0.0
            }
        ],
        [
            {
                "position": [
                    19.125,
                    -5.0
                ],
                "dimension": [
                    3.75,
                    2.1
                ],
                "orientation": 0.0
            }
        ],
        [
            {
                "position": [
                    19.3125,
                    -5.0
                ],
                "dimension": [
                    3.75,
                    2.1
                ],
                "orientation": 0.0
            }
        ],
        [
            {
                "position": [
                    19.5,
                    -5.0
                ],
                "dimension": [
                    3.75,
                    2.1
                ],
                "orientation": 0.0
            }
        ],
        [
            {
                "position": [
                    19.6875,
                    -5.0
                ],
                "dimension": [
                    3.75,
                    2.1
                ],
                "orientation": 0.0
            }
        ],
        [
            {
                "position": [
                    19.875,
                    -5.0
                ],
                "dimension": [
                    3.75,
                    2.1
                ],
                "orientation": 0.0
            }
        ],
        [
            {
                "position": [
                    20.0,
                    -5.0
                ],
                "dimension": [
                    3.75,
                    2.1
                ],
                "orientation": 0.0
            }
        ],
        [
            {
                "position": [
                    20.2625,
                    -5.0
                ],
                "dimension": [
                    3.75,
                    2.1
                ],
                "orientation": 0.0
            }
        ],
        [
            {
                "position": [
                    20.525,
                    -5.0
                ],
                "dimension": [
                    3.75,
                    2.1
                ],
                "orientation": 0.0
            }
        ],
        [
            {
                "position": [
                    20.7875,
                    -5.0
                ],
                "dimension": [
                    3.75,
                    2.1
                ],
                "orientation": 0.0
            }
        ],
        [
            {
                "position": [
                    21.05,
                    -5.0
                ],
                "dimension": [
                    3.75,
                    2.1
                ],
                "orientation": 0.0
            }
        ],
        [
            {
                "position": [
                    21.3125,
                    -5.0
                ],
                "dimension": [
                    3.75,
                    2.1
                ],
                "orientation": 0.0
            }
        ],
        [
            {
                "position": [
                    21.575,
                    -5.0
                ],
                "dimension": [
                    3.75,
                    2.1
                ],
                "orientation": 0.0
            }
        ],
        [
            {
                "position": [
                    21.8375,
                    -5.0
                ],
                "dimension": [
                    3.75,
                    2.1
                ],
                "orientation": 0.0
            }
        ],
        [
            {
                "position": [
                    22.1,
                    -5.0
                ],
                "dimension": [
                    3.75,
                    2.1
                ],
                "orientation": 0.0
            }
        ],
        [
            {
                "position": [
                    22.3625,
                    -5.0
                ],
                "dimension": [
                    3.75,
                    2.1
                ],
                "orientation": 0.0
            }
        ],
        [
            {
                "position": [
                    22.625,
                    -5.0
                ],
                "dimension": [
                    3.75,
                    2.1
                ],
                "orientation": 0.0
            }
        ],
        [
            {
                "position": [
                    22.8875,
                    -5.0
                ],
                "dimension": [
                    3.75,
                    2.1
                ],
                "orientation": 0.0
            }
        ],
        [
            {
                "position": [
                    23.15,
                    -5.0
                ],
                "dimension": [
                    3.75,
                    2.1
                ],
                "orientation": 0.0
            }
        ],
        [
            {
                "position": [
                    23.4125,
                    -5.0
                ],
                "dimension": [
                    3.75,
                    2.1
                ],
                "orientation": 0.0
            }
        ],
        [
            {
                "position": [
                    23.675,
                    -5.0
                ],
                "dimension": [
                    3.75,
                    2.1
                ],
                "orientation": 0.0
            }
        ],
        [
            {
                "position": [
                    23.9375,
                    -5.0
                ],
                "dimension": [
                    3.75,
                    2.1
                ],
                "orientation": 0.0
            }
        ],
        [
            {
                "position": [
                    24.2,
                    -5.0
                ],
                "dimension": [
                    3.75,
                    2.1
                ],
                "orientation": 0.0
            }
        ],
        [
            {
                "position": [
                    24.4625,
                    -5.0
                ],
                "dimension": [
                    3.75,
                    2.1
                ],
                "orientation": 0.0
            }
        ],
        [
            {
                "position": [
                    24.725,
                    -5.0
                ],
                "dimension": [
                    3.75,
                    2.1
                ],
                "orientation": 0.0
            }
        ],
        [
            {
                "position": [
                    24.9875,
                    -5.0
                ],
                "dimension": [
                    3.75,
                    2.1
                ],
                "orientation": 0.0
            }
        ],
        [
            {
                "position": [
                    25.25,
                    -5.0
                ],
                "dimension": [
                    3.75,
                    2.1
                ],
                "orientation": 0.0
            }
        ],
        [
            {
                "position": [
                    25.5125,
                    -5.0
                ],
                "dimension": [
                    3.75,
                    2.1
                ],
                "orientation": 0.0
            }
        ],
        [
            {
                "position": [
                    25.775,
                    -5.0
                ],
                "dimension": [
                    3.75,
                    2.1
                ],
                "orientation": 0.0
            }
        ],
        [
            {
                "position": [
                    26.0375,
                    -5.0
                ],
                "dimension": [
                    3.75,
                    2.1
                ],
                "orientation": 0.0
            }
        ],
        [
            {
                "position": [
                    26.3,
                    -5.0
                ],
                "dimension": [
                    3.75,
                    2.1
                ],
                "orientation": 0.0
            }
        ],
        [
            {
                "position": [
                    26.5625,
                    -5.0
                ],
                "dimension": [
                    3.75,
                    2.1
                ],
                "orientation": 0.0
            }
        ],
        [
            {
                "position": [
                    26.825,
                    -5.0
                ],
                "dimension": [
                    3.75,
                    2.1
                ],
                "orientation": 0.0
            }
        ],
        [
            {
                "position": [
                    27.0,
                    -5.0
                ],
                "dimension": [
                    3.75,
                    2.1
                ],
                "orientation": 0.0
            }
        ],
        [
            {
                "position": [
                    27.3,
                    -5.0
                ],
                "dimension": [
                    3.75,
                    2.1
                ],
                "orientation": 0.0
            }
        ],
        [
            {
                "position": [
                    27.6,
                    -5.0
                ],
                "dimension": [
                    3.75,
                    2.1
                ],
                "orientation": 0.0
            }
        ],
        [
            {
                "position": [
                    27.9,
                    -5.0
                ],
                "dimension": [
                    3.75,
                    2.1
                ],
                "orientation": 0.0
            }
        ],
        [
            {
                "position": [
                    28.2,
                    -5.0
                ],
                "dimension": [
                    3.75,
                    2.1
                ],
                "orientation": 0.0
            }
        ],
        [
            {
                "position": [
                    28.5,
                    -5.0
                ],
                "dimension": [
                    3.75,
                    2.1
                ],
                "orientation": 0.0
            }
        ],
        [
            {
                "position": [
                    28.8,
                    -5.0
                ],
                "dimension": [
                    3.75,
                    2.1
                ],
                "orientation": 0.0
            }
        ],
        [
            {
                "position": [
                    29.1,
                    -5.0
                ],
                "dimension": [
                    3.75,
                    2.1
                ],
                "orientation": 0.0
            }
        ],
        [
            {
                "position": [
                    29.4,
                    -5.0
                ],
                "dimension": [
                    3.75,
                    2.1
                ],
                "orientation": 0.0
            }
        ],
        [
            {
                "position": [
                    29.7,
                    -5.0
                ],
                "dimension": [
                    3.75,
                    2.1
                ],
                "orientation": 0.0
            }
        ],
        [
            {
                "position": [
                    30.0,
                    -5.0
                ],
                "dimension": [
                    3.75,
                    2.1
                ],
                "orientation": 0.0
            }
        ],
        [
            {
                "position": [
                    30.3,
                    -5.0
                ],
                "dimension": [
                    3.75,
                    2.1
                ],
                "orientation": 0.0
            }
        ],
        [
            {
                "position": [
                    30.6,
                    -5.0
                ],
                "dimension": [
                    3.75,
                    2.1
                ],
                "orientation": 0.0
            }
        ],
        [
            {
                "position": [
                    30.9,
                    -5.0
                ],
                "dimension": [
                    3.75,
                    2.1
                ],
                "orientation": 0.0
            }
        ],
        [
            {
                "position": [
                    31.2,
                    -5.0
                ],
                "dimension": [
                    3.75,
                    2.1
                ],
                "orientation": 0.0
            }
        ],
        [
            {
                "position": [
                    31.5,
                    -5.0
                ],
                "dimension": [
                    3.75,
                    2.1
                ],
                "orientation": 0.0
            }
        ],
        [
            {
                "position": [
                    31.8,
                    -5.0
                ],
                "dimension": [
                    3.75,
                    2.1
                ],
                "orientation": 0.0
            }
        ],
        [
            {
                "position": [
                    32.1,
                    -5.0
                ],
                "dimension": [
                    3.75,
                    2.1
                ],
                "orientation": 0.0
            }
        ],
        [
            {
                "position": [
                    32.4,
                    -5.0
                ],
                "dimension": [
                    3.75,
                    2.1
                ],
                "orientation": 0.0
            }
        ],
        [
            {
                "position": [
                    32.7,
                    -5.0
                ],
                "dimension": [
                    3.75,
                    2.1
                ],
                "orientation": 0.0
            }
        ],
        [
            {
                "position": [
                    33.0,
                    -5.0
                ],
                "dimension": [
                    3.75,
                    2.1
                ],
                "orientation": 0.0
            }
        ],
        [
            {
                "position": [
                    33.3,
                    -5.0
                ],
                "dimension": [
                    3.75,
                    2.1
                ],
                "orientation": 0.0
            }
        ],
        [
            {
                "position": [
                    33.6,
                    -5.0
                ],
                "dimension": [
                    3.75,
                    2.1
                ],
                "orientation": 0.0
            }
        ],
        [
            {
                "position": [
                    33.9,
                    -5.0
                ],
                "dimension": [
                    3.75,
                    2.1
                ],
                "orientation": 0.0
            }
        ],
        [
            {
                "position": [
                    34.2,
                    -5.0
                ],
                "dimension": [
                    3.75,
                    2.1
                ],
                "orientation": 0.0
            }
        ],
        [
            {
                "position": [
                    34.5,
                    -5.0
                ],
                "dimension": [
                    3.75,
                    2.1
                ],
                "orientation": 0.0
            }
        ],
        [
            {
                "position": [
                    34.8,
                    -5.0
                ],
                "dimension": [
                    3.75,
                    2.1
                ],
                "orientation": 0.0
            }
        ],
        [
            {
                "position": [
                    35.0,
                    -5.0
                ],
                "dimension": [
                    3.75,
                    2.1
                ],
                "orientation": 0.0
            }
        ],
        [
            {
                "position": [
                    35.5625,
                    -5.0
                ],
                "dimension": [
                    3.75,
                    2.1
                ],
                "orientation": 0.0
            }
        ],
        [
            {
                "position": [
                    36.125,
                    -5.0
                ],
                "dimension": [
                    3.75,
                    2.1
                ],
                "orientation": 0.0
            }
        ],
        [
            {
                "position": [
                    36.6875,
                    -5.0
                ],
                "dimension": [
                    3.75,
                    2.1
                ],
                "orientation": 0.0
            }
        ],
        [
            {
                "position": [
                    37.25,
                    -5.0
                ],
                "dimension": [
                    3.75,
                    2.1
                ],
                "orientation": 0.0
            }
        ],
        [
            {
                "position": [
                    37.8125,
                    -5.0
                ],
                "dimension": [
                    3.75,
                    2.1
                ],
                "orientation": 0.0
            }
        ],
        [
            {
                "position": [
                    38.375,
                    -5.0
                ],
                "dimension": [
                    3.75,
                    2.1
                ],
                "orientation": 0.0
            }
        ],
        [
            {
                "position": [
                    38.9375,
                    -5.0
                ],
                "dimension": [
                    3.75,
                    2.1
                ],
                "orientation": 0.0
            }
        ],
        [
            {
                "position": [
                    39.5,
                    -5.0
                ],
                "dimension": [
                    3.75,
                    2.1
                ],
                "orientation": 0.0
            }
        ],
        [
            {
                "position": [
                    40.0625,
                    -5.0
                ],
                "dimension": [
                    3.75,
                    2.1
                ],
                "orientation": 0.0
            }
        ],
        [
            {
                "position": [
                    40.625,
                    -5.0
                ],
                "dimension": [
                    3.75,
                    2.1
                ],
                "orientation": 0.0
            }
        ],
        [
            {
                "position": [
                    41.1875,
                    -5.0
                ],
                "dimension": [
                    3.75,
                    2.1
                ],
                "orientation": 0.0
            }
        ],
        [
            {
                "position": [
                    41.75,
                    -5.0
                ],
                "dimension": [
                    3.75,
                    2.1
                ],
                "orientation": 0.0
            }
        ],
        [
            {
                "position": [
                    42.3125,
                    -5.0
                ],
                "dimension": [
                    3.75,
                    2.1
                ],
                "orientation": 0.0
            }
        ],
        [
            {
                "position": [
                    42.875,
                    -5.0
                ],
                "dimension": [
                    3.75,
                    2.1
                ],
                "orientation": 0.0
            }
        ],
        [
            {
                "position": [
                    43.4375,
                    -5.0
                ],
                "dimension": [
                    3.75,
                    2.1
                ],
                "orientation": 0.0
            }
        ],
        [
            {
                "position": [
                    44.0,
                    -5.0
                ],
                "dimension": [
                    3.75,
                    2.1
                ],
                "orientation": 0.0
            }
        ],
        [
            {
                "position": [
                    44.5625,
                    -5.0
                ],
                "dimension": [
                    3.75,
                    2.1
                ],
                "orientation": 0.0
            }
        ],
        [
            {
                "position": [
                    45.125,
                    -5.0
                ],
                "dimension": [
                    3.75,
                    2.1
                ],
                "orientation": 0.0
            }
        ],
        [
            {
                "position": [
                    45.6875,
                    -5.0
                ],
                "dimension": [
                    3.75,
                    2.1
                ],
                "orientation": 0.0
            }
        ],
        [
            {
                "position": [
                    46.25,
                    -5.0
                ],
                "dimension": [
                    3.75,
                    2.1
                ],
                "orientation": 0.0
            }
        ],
        [
            {
                "position": [
                    46.8125,
                    -5.0
                ],
                "dimension": [
                    3.75,
                    2.1
                ],
                "orientation": 0.0
            }
        ],
        [
            {
                "position": [
                    47.375,
                    -5.0
                ],
                "dimension": [
                    3.75,
                    2.1
                ],
                "orientation": 0.0
            }
        ],
        [
            {
                "position": [
                    47.9375,
                    -5.0
                ],
                "dimension": [
                    3.75,
                    2.1
                ],
                "orientation": 0.0
            }
        ],
        [
            {
                "position": [
                    48.5,
                    -5.0
                ],
                "dimension": [
                    3.75,
                    2.1
                ],
                "orientation": 0.0
            }
        ],
        [
            {
                "position": [
                    49.0625,
                    -5.0
                ],
                "dimension": [
                    3.75,
                    2.1
                ],
                "orientation": 0.0
            }
        ],
        [
            {
                "position": [
                    49.625,
                    -5.0
                ],
                "dimension": [
                    3.75,
                    2.1
                ],
                "orientation": 0.0
            }
        ],
        [
            {
                "position": [
                    49.625,
                    -5.0
                ],
                "dimension": [
                    3.75,
                    2.1
                ],
                "orientation": 0.0
            }
        ],
        [
            {
                "position": [
                    49.625,
                    -5.0
                ],
                "dimension": [
                    3.75,
                    2.1
                ],
                "orientation": 0.0
            }
        ],
        [
            {
                "position": [
                    49.625,
                    -5.0
                ],
                "dimension": [
                    3.75,
                    2.1
                ],
                "orientation": 0.0
            }
        ],
        [
            {
                "position": [
                    49.625,
                    -5.0
                ],
                "dimension": [
                    3.75,
                    2.1
                ],
                "orientation": 0.0
            }
        ],
        [
            {
                "position": [
                    49.625,
                    -5.0
                ],
                "dimension": [
                    3.75,
                    2.1
                ],
                "orientation": 0.0
            }
        ],
        [
            {
                "position": [
                    49.625,
                    -5.0
                ],
                "dimension": [
                    3.75,
                    2.1
                ],
                "orientation": 0.0
            }
        ],
        [
            {
                "position": [
                    49.625,
                    -5.0
                ],
                "dimension": [
                    3.75,
                    2.1
                ],
                "orientation": 0.0
            }
        ],
        [
            {
                "position": [
                    49.625,
                    -5.0
                ],
                "dimension": [
                    3.75,
                    2.1
                ],
                "orientation": 0.0
            }
        ],
        [
            {
                "position": [
                    49.625,
                    -5.0
                ],
                "dimension": [
                    3.75,
                    2.1
                ],
                "orientation": 0.0
            }
        ],
        [
            {
                "position": [
                    49.625,
                    -5.0
                ],
                "dimension": [
                    3.75,
                    2.1
                ],
                "orientation": 0.0
            }
        ],
        [
            {
                "position": [
                    49.625,
                    -5.0
                ],
                "dimension": [
                    3.75,
                    2.1
                ],
                "orientation": 0.0
            }
        ],
        [
            {
                "position": [
                    49.625,
                    -5.0
                ],
                "dimension": [
                    3.75,
                    2.1
                ],
                "orientation": 0.0
            }
        ],
        [
            {
                "position": [
                    49.625,
                    -5.0
                ],
                "dimension": [
                    3.75,
                    2.1
                ],
                "orientation": 0.0
            }
        ],
        [
            {
                "position": [
                    49.625,
                    -5.0
                ],
                "dimension": [
                    3.75,
                    2.1
                ],
                "orientation": 0.0
            }
        ],
        [
            {
                "position": [
                    49.625,
                    -5.0
                ],
                "dimension": [
                    3.75,
                    2.1
                ],
                "orientation": 0.0
            }
        ],
        [
            {
                "position": [
                    49.625,
                    -5.0
                ],
                "dimension": [
                    3.75,
                    2.1
                ],
                "orientation": 0.0
            }
        ]
    ],
    "costSum": 1048.7181515804123,
    "costSumWeighted": 853.6043475519793
}