{
    "name": "",
    "pathLength": 65.66200000000006,
    "pathLengthWeighted": 65.66200000000006,
    "time": 24.200000000000074,
    "timeWeighted": 24.200000000000074,
    "collision": 0.0,
    "collisionWeighted": 0.0,
    "stopTrigger": 0.0,
    "stopTriggerWeighted": 0.0,
    "dimension": [
        5.0,
        2.0
    ],
    "timeSteps": [
        0.0,
        0.1,
        0.2,
        0.30000000000000004,
        0.4,
        0.5,
        0.6000000000000001,
        0.7000000000000001,
        0.8,
        0.9,
        1.0,
        1.1,
        1.2000000000000002,
        1.3,
        1.4000000000000001,
        1.5,
        1.6,
        1.7000000000000002,
        1.8,
        1.9000000000000001,
        2.0,
        2.1,
        2.2,
        2.3000000000000003,
        2.4000000000000004,
        2.5,
        2.6,
        2.7,
        2.8000000000000003,
        2.9000000000000004,
        3.0,
        3.1,
        3.2,
        3.3000000000000003,
        3.4000000000000004,
        3.5,
        3.6,
        3.7,
        3.8000000000000003,
        3.9000000000000004,
        4.0,
        4.1000000000000005,
        4.2,
        4.3,
        4.4,
        4.5,
        4.6000000000000005,
        4.7,
        4.800000000000001,
        4.9,
        5.0,
        5.1000000000000005,
        5.2,
        5.300000000000001,
        5.4,
        5.5,
        5.6000000000000005,
        5.7,
        5.800000000000001,
        5.9,
        6.0,
        6.1000000000000005,
        6.2,
        6.300000000000001,
        6.4,
        6.5,
        6.6000000000000005,
        6.7,
        6.800000000000001,
        6.9,
        7.0,
        7.1000000000000005,
        7.2,
        7.300000000000001,
        7.4,
        7.5,
        7.6000000000000005,
        7.7,
        7.800000000000001,
        7.9,
        8.0,
        8.1,
        8.200000000000001,
        8.3,
        8.4,
        8.5,
        8.6,
        8.700000000000001,
        8.8,
        8.9,
        9.0,
        9.1,
        9.200000000000001,
        9.3,
        9.4,
        9.5,
        9.600000000000001,
        9.700000000000001,
        9.8,
        9.9,
        10.0,
        10.100000000000001,
        10.200000000000001,
        10.3,
        10.4,
        10.5,
        10.600000000000001,
        10.700000000000001,
        10.8,
        10.9,
        11.0,
        11.100000000000001,
        11.200000000000001,
        11.3,
        11.4,
        11.5,
        11.600000000000001,
        11.700000000000001,
        11.8,
        11.9,
        12.0,
        12.100000000000001,
        12.200000000000001,
        12.3,
        12.4,
        12.5,
        12.600000000000001,
        12.700000000000001,
        12.8,
        12.9,
        13.0,
        13.100000000000001,
        13.200000000000001,
        13.3,
        13.4,
        13.5,
        13.600000000000001,
        13.700000000000001,
        13.8,
        13.9,
        14.0,
        14.100000000000001,
        14.200000000000001,
        14.3,
        14.4,
        14.5,
        14.600000000000001,
        14.700000000000001,
        14.8,
        14.9,
        15.0,
        15.100000000000001,
        15.200000000000001,
        15.3,
        15.4,
        15.5,
        15.600000000000001,
        15.700000000000001,
        15.8,
        15.9,
        16.0,
        16.1,
        16.2,
        16.3,
        16.400000000000002,
        16.5,
        16.6,
        16.7,
        16.8,
        16.900000000000002,
        17.0,
        17.1,
        17.2,
        17.3,
        17.400000000000002,
        17.5,
        17.6,
        17.7,
        17.8,
        17.900000000000002,
        18.0,
        18.1,
        18.2,
        18.3,
        18.400000000000002,
        18.5,
        18.6,
        18.7,
        18.8,
        18.900000000000002,
        19.0,
        19.1,
        19.200000000000003,
        19.3,
        19.400000000000002,
        19.5,
        19.6,
        19.700000000000003,
        19.8,
        19.900000000000002,
        20.0,
        20.1,
        20.200000000000003,
        20.3,
        20.400000000000002,
        20.5,
        20.6,
        20.700000000000003,
        20.8,
        20.900000000000002,
        21.0,
        21.1,
        21.200000000000003,
        21.3,
        21.400000000000002,
        21.5,
        21.6,
        21.700000000000003,
        21.8,
        21.900000000000002,
        22.0,
        22.1,
        22.200000000000003,
        22.3,
        22.400000000000002,
        22.5,
        22.6,
        22.700000000000003,
        22.8,
        22.900000000000002,
        23.0,
        23.1,
        23.200000000000003,
        23.3,
        23.400000000000002,
        23.5,
        23.6,
        23.700000000000003,
        23.8,
        23.900000000000002,
        24.0,
        24.1
    ],
    "position": [
        [
            -45.0,
            -1.5
        ],
        [
            -45.0,
            -1.5
        ],
        [
            -45.0,
            -1.5
        ],
        [
            -45.0,
            -1.5
        ],
        [
            -45.0,
            -1.5
        ],
        [
            -45.0,
            -1.5
        ],
        [
            -45.0,
            -1.5
        ],
        [
            -45.0,
            -1.5
        ],
        [
            -45.0,
            -1.5
        ],
        [
            -45.0,
            -1.5
        ],
        [
            -44.99,
            -1.5
        ],
        [
            -44.965,
            -1.5
        ],
        [
            -44.92400000000001,
            -1.5
        ],
        [
            -44.86800000000001,
            -1.5
        ],
        [
            -44.79700000000001,
            -1.5
        ],
        [
            -44.71200000000001,
            -1.5
        ],
        [
            -44.613000000000014,
            -1.5
        ],
        [
            -44.50100000000001,
            -1.5
        ],
        [
            -44.37700000000001,
            -1.5
        ],
        [
            -44.24100000000001,
            -1.5
        ],
        [
            -44.093,
            -1.5
        ],
        [
            -43.93300000000001,
            -1.5
        ],
        [
            -43.76100000000001,
            -1.5
        ],
        [
            -43.57600000000001,
            -1.5
        ],
        [
            -43.37800000000001,
            -1.5
        ],
        [
            -43.166000000000004,
            -1.5
        ],
        [
            -42.940000000000005,
            -1.5
        ],
        [
            -42.7,
            -1.5
        ],
        [
            -42.445,
            -1.5
        ],
        [
            -42.17500044855993,
            -1.5004921607065977
        ],
        [
            -41.89000193237734,
            -1.5014118202751772
        ],
        [
            -41.59000331622819,
            -1.5023230329817332
        ],
        [
            -41.27400501281229,
            -1.5033585223686636
        ],
        [
            -40.94200707954766,
            -1.5045299778795256
        ],
        [
            -40.59400958184097,
            -1.505849670982077
        ],
        [
            -40.23001259383391,
            -1.5073304551629343
        ],
        [
            -39.85001619918484,
            -1.5089857659214965
        ],
        [
            -39.4530262211632,
            -1.511806643510953
        ],
        [
            -39.03904710133657,
            -1.515964569384437
        ],
        [
            -38.608084563876446,
            -1.5216471133506948
        ],
        [
            -38.16014488978507,
            -1.5289988733380515
        ],
        [
            -37.700236295221885,
            -1.5381686414327718
        ],
        [
            -37.23332803880219,
            -1.5474249953110553
        ],
        [
            -36.76442935852892,
            -1.5571732073516165
        ],
        [
            -36.29753901772893,
            -1.5672929735380607
        ],
        [
            -35.8336569913885,
            -1.5777555563117396
        ],
        [
            -35.37278345772,
            -1.58855305435102
        ],
        [
            -34.913918898509486,
            -1.5997027763449407
        ],
        [
            -34.45613715363712,
            -1.6138404586731985
        ],
        [
            -33.997449021925576,
            -1.6307578410643804
        ],
        [
            -33.53389204575224,
            -1.6510292455798958
        ],
        [
            -33.06450091130624,
            -1.6749449915121892
        ],
        [
            -32.59229848031304,
            -1.7024015784106499
        ],
        [
            -32.118323938932264,
            -1.7335966761486834
        ],
        [
            -31.644614176893867,
            -1.7685832642865027
        ],
        [
            -31.171230605056515,
            -1.8077367304742014
        ],
        [
            -30.699198361033552,
            -1.8508825367900787
        ],
        [
            -30.228570721982013,
            -1.8981966505487995
        ],
        [
            -29.760372583981507,
            -1.9494948334879512
        ],
        [
            -29.294635316980465,
            -2.004719810865959
        ],
        [
            -28.83138933502195,
            -2.063814313142329
        ],
        [
            -28.37066410503467,
            -2.126721089034665
        ],
        [
            -27.912488155735023,
            -2.1933829183177527
        ],
        [
            -27.45688908663497,
            -2.2637426243657908
        ],
        [
            -27.00389357715064,
            -2.3377430864388984
        ],
        [
            -26.553527395806626,
            -2.4153272517151185
        ],
        [
            -26.105815409531004,
            -2.496438147069196
        ],
        [
            -25.660781593036273,
            -2.581018890599478
        ],
        [
            -25.21942815499558,
            -2.6688092245187702
        ],
        [
            -24.78177207686904,
            -2.7597276345295976
        ],
        [
            -24.34880468902459,
            -2.85347325343072
        ],
        [
            -23.9215087417642,
            -2.9497134397088276
        ],
        [
            -23.49988611424443,
            -3.0483205386587793
        ],
        [
            -23.084906908208474,
            -3.1489250045525394
        ],
        [
            -22.677531778585355,
            -3.2511282518813203
        ],
        [
            -22.27871171876716,
            -3.354504070555768
        ],
        [
            -21.889387955875225,
            -3.458600216726818
        ],
        [
            -21.510027180034747,
            -3.561237450485867
        ],
        [
            -21.140662396860012,
            -3.6625224787490853
        ],
        [
            -20.782294479247895,
            -3.7623044191308805
        ],
        [
            -20.43555641036742,
            -3.859117184761448
        ],
        [
            -20.10160578859113,
            -3.9533826726943597
        ],
        [
            -19.781227009176195,
            -4.044192571387161
        ],
        [
            -19.474433557925124,
            -4.131592675903445
        ],
        [
            -19.18215910819588,
            -4.215208739165644
        ],
        [
            -18.90531909376723,
            -4.294603993502069
        ],
        [
            -18.645011450203935,
            -4.369975942544961
        ],
        [
            -18.403945380429793,
            -4.439891248477556
        ],
        [
            -18.182170927119394,
            -4.504521673656983
        ],
        [
            -17.979645240352816,
            -4.563719192183748
        ],
        [
            -17.795351891107625,
            -4.617570482084644
        ],
        [
            -17.629260314822602,
            -4.665970774306459
        ],
        [
            -17.48043048505807,
            -4.709268369762328
        ],
        [
            -17.348866788217823,
            -4.747478233328275
        ],
        [
            -17.23360798843176,
            -4.7808759738488025
        ],
        [
            -17.13370895975656,
            -4.809792821355951
        ],
        [
            -17.049173414290863,
            -4.834241574960526
        ],
        [
            -16.97904285012519,
            -4.854507407531737
        ],
        [
            -16.92331984552924,
            -4.870599230262545
        ],
        [
            -16.879122547742227,
            -4.883350656391658
        ],
        [
            -16.84453199706881,
            -4.893325314486535
        ],
        [
            -16.809940085938194,
            -4.903295253520037
        ],
        [
            -16.76669807244225,
            -4.9157503034523575
        ],
        [
            -16.71192144885911,
            -4.931514868426725
        ],
        [
            -16.64560547507403,
            -4.950572455391955
        ],
        [
            -16.567746520462265,
            -4.972910386960542
        ],
        [
            -16.477377786337854,
            -4.998784928362307
        ],
        [
            -16.37737736754554,
            -5.027349175969453
        ],
        [
            -16.27061963986052,
            -5.057743050015559
        ],
        [
            -16.159022719850995,
            -5.08939944659489
        ],
        [
            -16.043542446816325,
            -5.12202315790796
        ],
        [
            -15.92610382339716,
            -5.155071149214723
        ],
        [
            -15.807665672318517,
            -5.1882585620255
        ],
        [
            -15.689189209597634,
            -5.221308944491474
        ],
        [
            -15.570667494530863,
            -5.254196678643149
        ],
        [
            -15.453065999741039,
            -5.286660326361777
        ],
        [
            -15.337351823799803,
            -5.3184444338093835
        ],
        [
            -15.22448956863359,
            -5.349284527174946
        ],
        [
            -15.116407134186716,
            -5.378647554335598
        ],
        [
            -15.01407701938682,
            -5.4062980083108965
        ],
        [
            -14.917506617683943,
            -5.432262551729665
        ],
        [
            -14.826700013363787,
            -5.456555773250142
        ],
        [
            -14.741660603247361,
            -5.479189790283145
        ],
        [
            -14.662394329637706,
            -5.500186405916135
        ],
        [
            -14.58890732189679,
            -5.519568348370048
        ],
        [
            -14.520236985619558,
            -5.537606777225461
        ],
        [
            -14.456384986126029,
            -5.554307740092267
        ],
        [
            -14.39735636009472,
            -5.569690240176974
        ],
        [
            -14.343154470802109,
            -5.583767001065453
        ],
        [
            -14.293782381917893,
            -5.596549678375356
        ],
        [
            -14.249242224539863,
            -5.6080463901113395
        ],
        [
            -14.20953702430699,
            -5.618268771167992
        ],
        [
            -14.172731628312812,
            -5.627721962465743
        ],
        [
            -14.139796127326719,
            -5.63616309833688
        ],
        [
            -14.109762702688785,
            -5.643843814743416
        ],
        [
            -14.083599499527981,
            -5.650513657347744
        ],
        [
            -14.057432378742853,
            -5.657168113735499
        ],
        [
            -14.032231253961406,
            -5.663563683276205
        ],
        [
            -14.007026978689172,
            -5.669946825762589
        ],
        [
            -13.982789191370571,
            -5.676072971851141
        ],
        [
            -13.957578754089402,
            -5.682431733687561
        ],
        [
            -13.933335052877627,
            -5.688534434036927
        ],
        [
            -13.908118477171458,
            -5.694868809274868
        ],
        [
            -13.883868884746075,
            -5.700948058176078
        ],
        [
            -13.85864619420458,
            -5.707258040889841
        ],
        [
            -13.83439073325067,
            -5.713313832655859
        ],
        [
            -13.809161951469244,
            -5.719599416942564
        ],
        [
            -13.784900644677377,
            -5.725631745908301
        ],
        [
            -13.759665795257117,
            -5.73189292588789
        ],
        [
            -13.735398665323329,
            -5.737901786410206
        ],
        [
            -13.710157771871003,
            -5.744138556225453
        ],
        [
            -13.685885125819636,
            -5.7501250955985
        ],
        [
            -13.660638270963933,
            -5.756337689251318
        ],
        [
            -13.636359619493248,
            -5.762299826683902
        ],
        [
            -13.611106767603962,
            -5.768487998583404
        ],
        [
            -13.58682236088897,
            -5.7744266508295645
        ],
        [
            -13.561563535589713,
            -5.78059039518682
        ],
        [
            -13.53727339634806,
            -5.786505556691049
        ],
        [
            -13.51200862126803,
            -5.792644867739982
        ],
        [
            -13.48090893362632,
            -5.800182070708463
        ],
        [
            -13.441054961992055,
            -5.809808126233712
        ],
        [
            -13.391468951486123,
            -5.82173404599303
        ],
        [
            -13.331170913588755,
            -5.8361613335318445
        ],
        [
            -13.260151387506772,
            -5.853049995855743
        ],
        [
            -13.177425826328815,
            -5.872581547964886
        ],
        [
            -13.082980519774667,
            -5.894696793156679
        ],
        [
            -12.976800113232688,
            -5.919328505776394
        ],
        [
            -12.858867684962352,
            -5.9464014140476165
        ],
        [
            -12.730140595881869,
            -5.975613338613886
        ],
        [
            -12.5906009388357,
            -6.006881279247024
        ],
        [
            -12.440229758016667,
            -6.040115418006591
        ],
        [
            -12.278029366884828,
            -6.075428774073084
        ],
        [
            -12.10397681165844,
            -6.112707561864068
        ],
        [
            -11.917068882567396,
            -6.152032185738909
        ],
        [
            -11.717278471051676,
            -6.1932607130759285
        ],
        [
            -11.503596628349662,
            -6.236435591181977
        ],
        [
            -11.275992138794388,
            -6.281382185427628
        ],
        [
            -11.033450345058583,
            -6.328099187594061
        ],
        [
            -10.775936246587195,
            -6.376374327039418
        ],
        [
            -10.503414612235362,
            -6.425982378908108
        ],
        [
            -10.215850303476376,
            -6.476685123685552
        ],
        [
            -9.912221832068576,
            -6.528393453290783
        ],
        [
            -9.59249225313581,
            -6.580824325450953
        ],
        [
            -9.256625765918796,
            -6.633679814896276
        ],
        [
            -8.904588169950097,
            -6.686647078603009
        ],
        [
            -8.536347344069293,
            -6.739398326499372
        ],
        [
            -8.150881844662187,
            -6.791718005080484
        ],
        [
            -7.750148072530134,
            -6.842986356651565
        ],
        [
            -7.33810149781106,
            -6.892409228505382
        ],
        [
            -6.917721256705466,
            -6.939414046215948
        ],
        [
            -6.491004439398798,
            -6.983615379088023
        ],
        [
            -6.058960810325015,
            -7.02477728595294
        ],
        [
            -5.623602156479986,
            -7.062616981013084
        ],
        [
            -5.187944856760119,
            -7.0968473359746325
        ],
        [
            -4.752018833875362,
            -7.127465999758
        ],
        [
            -4.315854028992663,
            -7.154470869349199
        ],
        [
            -3.879480399679485,
            -7.1778600899442795
        ],
        [
            -3.4429279178461987,
            -7.197632055076728
        ],
        [
            -3.006226567687492,
            -7.213785406727802
        ],
        [
            -2.569406343622933,
            -7.226319035419809
        ],
        [
            -2.132497248236832,
            -7.235232080292304
        ],
        [
            -1.6955292902175407,
            -7.240523929161225
        ],
        [
            -1.2585324822963366,
            -7.242194218560932
        ],
        [
            -0.8215368391860248,
            -7.240242833769175
        ],
        [
            -0.3845723755194065,
            -7.2346699088149755
        ],
        [
            0.052330896212247624,
            -7.225475826469418
        ],
        [
            0.48914296772057714,
            -7.21266121821936
        ],
        [
            0.9258338369812229,
            -7.196226964224059
        ],
        [
            1.3643706391470605,
            -7.176065785038269
        ],
        [
            1.8078774624593565,
            -7.155144559561823
        ],
        [
            2.2593144762907325,
            -7.132591898011338
        ],
        [
            2.7216606537897117,
            -7.107994903233866
        ],
        [
            3.1968920919668884,
            -7.080956409044051
        ],
        [
            3.6859875274988267,
            -7.051196453704299
        ],
        [
            4.189920411193935,
            -7.018384127807868
        ],
        [
            4.708653225169024,
            -6.982103723930754
        ],
        [
            5.243148694134554,
            -6.941971521707122
        ],
        [
            5.793375541107866,
            -6.8977627344606045
        ],
        [
            6.360281481672888,
            -6.848991282236086
        ],
        [
            6.943811089857435,
            -6.795240036929675
        ],
        [
            7.543884710645202,
            -6.735904974490511
        ],
        [
            8.15943418979945,
            -6.670637534576454
        ],
        [
            8.789381795610261,
            -6.599069287893801
        ],
        [
            9.428977080766881,
            -6.523877059535925
        ],
        [
            10.072901655737693,
            -6.442870012011279
        ],
        [
            10.716140767245827,
            -6.356588812284871
        ],
        [
            11.354042391772236,
            -6.268172086341369
        ],
        [
            11.984580676533149,
            -6.177670862864741
        ],
        [
            12.608743897424839,
            -6.085035698450186
        ],
        [
            13.227518248247195,
            -5.990197400466866
        ],
        [
            13.83895298074096,
            -5.893716480590032
        ],
        [
            14.441074265736848,
            -5.795992593259958
        ],
        [
            15.034304394953125,
            -5.699664955533078
        ],
        [
            15.618611852881234,
            -5.604539803183172
        ],
        [
            16.19409174804367,
            -5.51120229591075
        ],
        [
            16.757995954064917,
            -5.421463528192737
        ],
        [
            17.309765165738057,
            -5.331843569201441
        ],
        [
            17.850474558372433,
            -5.242751747371584
        ],
        [
            18.3802187398873,
            -5.154773897027625
        ],
        [
            18.898990806209273,
            -5.067874281355106
        ],
        [
            19.407722811085666,
            -4.981573949869954
        ],
        [
            19.906432476808273,
            -4.89598966793194
        ]
    ],
    "orientation": [
        0.0,
        0.0,
        0.0,
        0.0,
        0.0,
        0.0,
        0.0,
        0.0,
        0.0,
        0.0,
        0.0,
        0.0,
        0.0,
        0.0,
        0.0,
        0.0,
        0.0,
        0.0,
        0.0,
        0.0,
        0.0,
        0.0,
        0.0,
        0.0,
        0.0,
        0.0,
        0.0,
        0.0,
        0.0,
        -0.0013301647939593078,
        -0.0027342276320274656,
        -0.0029615921770781784,
        -0.003201082831198263,
        -0.0034526995943877188,
        -0.0037164424666465455,
        -0.003992311447974744,
        -0.004280306538372314,
        -0.006537086455503016,
        -0.009361292607943435,
        -0.012464854704865124,
        -0.015690831084031985,
        -0.019177604616352362,
        -0.019708501823274466,
        -0.020597125242970932,
        -0.021481959223777432,
        -0.022361109046248988,
        -0.0232345747103856,
        -0.024104250935632246,
        -0.02966013160474708,
        -0.03557643639301569,
        -0.04226152846057819,
        -0.049389879203361665,
        -0.056563730057269286,
        -0.06412858860198334,
        -0.07205418956632166,
        -0.08070149283308431,
        -0.08933059125086427,
        -0.09830093137765403,
        -0.10723334194788235,
        -0.11612782296154915,
        -0.12498437441865448,
        -0.13380299631919837,
        -0.14258368866318075,
        -0.1513264514506017,
        -0.1600312846814611,
        -0.16869818835575906,
        -0.17732716247349556,
        -0.1859182070346706,
        -0.19445235726100335,
        -0.20292961315249383,
        -0.2113310099308614,
        -0.2196375828178253,
        -0.2278493318133855,
        -0.23594729213926122,
        -0.24391249901717182,
        -0.25172598766883647,
        -0.2593687933159745,
        -0.26324178638079615,
        -0.2667257576507587,
        -0.2705328739986166,
        -0.27189711032237907,
        -0.2743958018482069,
        -0.27578392322643575,
        -0.27711368514732154,
        -0.27826570693183206,
        -0.27902966467944035,
        -0.2810838290865248,
        -0.28193988128739333,
        -0.2830779111666697,
        -0.2839574715594813,
        -0.28417574193149214,
        -0.28378239655410753,
        -0.2833712387385544,
        -0.2829559101692963,
        -0.28245568624921386,
        -0.2821009873293322,
        -0.28183420693448025,
        -0.28161290047056897,
        -0.28143706793759843,
        -0.2812627488517843,
        -0.28112632521940806,
        -0.2809899015870318,
        -0.28081937204656154,
        -0.28060336796196583,
        -0.28028958843612334,
        -0.27989053899793553,
        -0.2793918168973832,
        -0.2788006201432735,
        -0.2780434054502279,
        -0.27716413212468627,
        -0.27616354823276323,
        -0.27514628794264145,
        -0.2740740532635951,
        -0.2729551799836855,
        -0.27169637538479696,
        -0.27040153493690916,
        -0.26912792138160974,
        -0.2678417716522161,
        -0.2664831283444849,
        -0.2651570541093983,
        -0.26390604068007134,
        -0.26269442270600324,
        -0.26149335663950213,
        -0.2603430617685246,
        -0.2592769348149357,
        -0.25828094779250393,
        -0.2573049993103715,
        -0.25640298631930963,
        -0.2555749088193185,
        -0.25482076681039795,
        -0.2541230984398277,
        -0.25350126358779773,
        -0.25292492884689177,
        -0.2524092609208181,
        -0.25192732427706094,
        -0.25143579335452915,
        -0.2509237443409491,
        -0.2504306601056499,
        -0.24993757587035068,
        -0.2494634564133322,
        -0.24897037217803297,
        -0.24849625272101444,
        -0.2480031684857153,
        -0.2475290490286968,
        -0.24703596479339762,
        -0.24656184533637907,
        -0.2460687611010798,
        -0.24559464164406136,
        -0.2451015574087621,
        -0.24462743795174358,
        -0.24413435371644435,
        -0.24366973389912544,
        -0.2431766496638262,
        -0.2427025302068077,
        -0.24220944597150848,
        -0.24173532651448998,
        -0.24124224227919075,
        -0.24076812282217228,
        -0.24027503858687305,
        -0.23966816568188937,
        -0.23889060977237905,
        -0.23792340608006138,
        -0.23674758982665559,
        -0.23536316101216162,
        -0.2337511548582988,
        -0.23191157136506707,
        -0.22984441053246643,
        -0.22754967236049695,
        -0.22504632162743932,
        -0.22233435833329365,
        -0.21941378247805976,
        -0.21626562928345697,
        -0.21288989874948533,
        -0.20926762609786412,
        -0.20539881132859322,
        -0.20126448966339203,
        -0.19686466110226047,
        -0.19218036086691778,
        -0.18721158895736403,
        -0.1819583453735992,
        -0.17642063011562326,
        -0.17057947840515547,
        -0.1644348902421959,
        -0.1579868656267445,
        -0.15123540455880122,
        -0.14418050703836613,
        -0.13680320828715847,
        -0.1291414378617398,
        -0.1212710548752329,
        -0.1132489536624801,
        -0.10511306378004286,
        -0.09688235000620193,
        -0.08859474189751876,
        -0.08030713378883562,
        -0.07201952568015248,
        -0.06373191757146933,
        -0.05544430946278618,
        -0.047156701354103034,
        -0.03886909324541989,
        -0.030581485136736756,
        -0.022293877028053608,
        -0.01400626891937046,
        -0.005718660810687313,
        0.002568947297995834,
        0.010856555406678984,
        0.019144163515362134,
        0.02743177162404529,
        0.03571937973272843,
        0.04404491739797305,
        0.046568872771287996,
        0.04930963211432414,
        0.05246810421234325,
        0.056076156824048685,
        0.0599760971221854,
        0.06418688766736153,
        0.06891708364746732,
        0.07399607321407811,
        0.07922667440954298,
        0.08483413765097687,
        0.09083136931722613,
        0.0974599871533317,
        0.10449928232284361,
        0.11194965764686761,
        0.11634286721733046,
        0.12396951325091342,
        0.13208859040724583,
        0.13697007335249436,
        0.14179849670051192,
        0.1465814403937601,
        0.15132648437470042,
        0.1557838044164511,
        0.16017631689701312,
        0.1608595486344011,
        0.16130821466996784,
        0.16086636957075262,
        0.1582697303061717,
        0.1605999400672224,
        0.1628842959689322,
        0.16430875885249352,
        0.1657040427943059,
        0.16765944819169884,
        0.16957695813565396
    ],
    "velocity": [
        0.0,
        0.0,
        0.0,
        0.0,
        0.0,
        0.0,
        0.0,
        0.0,
        0.0,
        0.0,
        0.1,
        0.25,
        0.41000000000000003,
        0.56,
        0.7100000000000001,
        0.8500000000000001,
        0.9900000000000001,
        1.12,
        1.2400000000000002,
        1.3600000000000003,
        1.4800000000000004,
        1.6000000000000005,
        1.7200000000000006,
        1.8500000000000005,
        1.9800000000000004,
        2.1200000000000006,
        2.2600000000000007,
        2.400000000000001,
        2.5500000000000007,
        2.7000000000000006,
        2.8500000000000005,
        3.0000000000000004,
        3.1600000000000006,
        3.3200000000000007,
        3.480000000000001,
        3.640000000000001,
        3.800000000000001,
        3.970000000000001,
        4.1400000000000015,
        4.310000000000001,
        4.480000000000001,
        4.600000000000001,
        4.670000000000002,
        4.690000000000001,
        4.670000000000002,
        4.6400000000000015,
        4.610000000000001,
        4.590000000000002,
        4.580000000000002,
        4.590000000000002,
        4.6400000000000015,
        4.700000000000001,
        4.730000000000001,
        4.750000000000001,
        4.750000000000001,
        4.750000000000001,
        4.740000000000001,
        4.730000000000001,
        4.710000000000002,
        4.690000000000002,
        4.670000000000003,
        4.650000000000003,
        4.6300000000000034,
        4.610000000000004,
        4.590000000000004,
        4.570000000000005,
        4.550000000000005,
        4.530000000000006,
        4.500000000000005,
        4.470000000000005,
        4.430000000000005,
        4.380000000000005,
        4.330000000000005,
        4.270000000000006,
        4.2000000000000055,
        4.120000000000005,
        4.030000000000006,
        3.9300000000000055,
        3.8300000000000054,
        3.7200000000000055,
        3.6000000000000054,
        3.4700000000000055,
        3.3300000000000054,
        3.1900000000000053,
        3.0400000000000054,
        2.8800000000000052,
        2.7100000000000053,
        2.510000000000005,
        2.310000000000005,
        2.1100000000000048,
        1.9200000000000048,
        1.7300000000000049,
        1.550000000000005,
        1.370000000000005,
        1.200000000000005,
        1.040000000000005,
        0.8800000000000049,
        0.7300000000000049,
        0.5800000000000048,
        0.46000000000000485,
        0.36000000000000487,
        0.36000000000000487,
        0.4500000000000049,
        0.570000000000005,
        0.6900000000000049,
        0.8100000000000049,
        0.9400000000000049,
        1.040000000000005,
        1.110000000000005,
        1.160000000000005,
        1.200000000000005,
        1.220000000000005,
        1.230000000000005,
        1.230000000000005,
        1.230000000000005,
        1.220000000000005,
        1.200000000000005,
        1.170000000000005,
        1.120000000000005,
        1.060000000000005,
        1.0000000000000049,
        0.9400000000000048,
        0.8800000000000048,
        0.8200000000000047,
        0.7600000000000047,
        0.7100000000000046,
        0.6600000000000046,
        0.6100000000000045,
        0.5600000000000045,
        0.5100000000000044,
        0.46000000000000446,
        0.41000000000000447,
        0.38000000000000445,
        0.3400000000000044,
        0.3100000000000044,
        0.27000000000000435,
        0.27000000000000435,
        0.26000000000000434,
        0.26000000000000434,
        0.25000000000000433,
        0.26000000000000434,
        0.25000000000000433,
        0.26000000000000434,
        0.25000000000000433,
        0.26000000000000434,
        0.25000000000000433,
        0.26000000000000434,
        0.25000000000000433,
        0.26000000000000434,
        0.25000000000000433,
        0.26000000000000434,
        0.25000000000000433,
        0.26000000000000434,
        0.25000000000000433,
        0.26000000000000434,
        0.25000000000000433,
        0.26000000000000434,
        0.25000000000000433,
        0.26000000000000434,
        0.32000000000000434,
        0.41000000000000436,
        0.5100000000000043,
        0.6200000000000043,
        0.7300000000000043,
        0.8500000000000043,
        0.9700000000000043,
        1.0900000000000043,
        1.2100000000000044,
        1.3200000000000045,
        1.4300000000000046,
        1.5400000000000047,
        1.6600000000000046,
        1.7800000000000047,
        1.9100000000000046,
        2.0400000000000045,
        2.1800000000000046,
        2.3200000000000047,
        2.4700000000000046,
        2.6200000000000045,
        2.7700000000000045,
        2.9200000000000044,
        3.0800000000000045,
        3.2400000000000047,
        3.400000000000005,
        3.560000000000005,
        3.720000000000005,
        3.890000000000005,
        4.040000000000005,
        4.150000000000006,
        4.230000000000006,
        4.290000000000005,
        4.340000000000005,
        4.370000000000005,
        4.370000000000005,
        4.370000000000005,
        4.370000000000005,
        4.370000000000005,
        4.370000000000005,
        4.370000000000005,
        4.370000000000005,
        4.370000000000005,
        4.370000000000005,
        4.370000000000005,
        4.370000000000005,
        4.370000000000005,
        4.370000000000005,
        4.370000000000005,
        4.370000000000005,
        4.390000000000005,
        4.440000000000005,
        4.520000000000005,
        4.630000000000005,
        4.760000000000005,
        4.900000000000005,
        5.050000000000005,
        5.2000000000000055,
        5.360000000000006,
        5.520000000000006,
        5.690000000000006,
        5.860000000000006,
        6.030000000000006,
        6.190000000000006,
        6.340000000000006,
        6.440000000000006,
        6.4900000000000055,
        6.4900000000000055,
        6.440000000000006,
        6.370000000000005,
        6.310000000000006,
        6.260000000000006,
        6.190000000000006,
        6.100000000000006,
        6.010000000000006,
        5.920000000000006,
        5.830000000000006,
        5.710000000000006,
        5.590000000000006,
        5.480000000000006,
        5.370000000000005,
        5.260000000000005,
        5.1600000000000055,
        5.060000000000006
    ],
    "acceleration": [
        0.0,
        0.0,
        0.0,
        0.0,
        0.0,
        0.0,
        0.0,
        0.0,
        0.0,
        1.0,
        1.4999999999999998,
        1.6000000000000003,
        1.5000000000000002,
        1.5000000000000002,
        1.4000000000000001,
        1.4000000000000001,
        1.3,
        1.200000000000001,
        1.200000000000001,
        1.200000000000001,
        1.200000000000001,
        1.200000000000001,
        1.299999999999999,
        1.299999999999999,
        1.4000000000000012,
        1.4000000000000012,
        1.4000000000000012,
        1.4999999999999991,
        1.4999999999999991,
        1.4999999999999991,
        1.4999999999999991,
        1.6000000000000014,
        1.6000000000000014,
        1.6000000000000014,
        1.6000000000000014,
        1.6000000000000014,
        1.6999999999999993,
        1.7000000000000037,
        1.6999999999999993,
        1.6999999999999993,
        1.200000000000001,
        0.7000000000000028,
        0.19999999999999574,
        -0.19999999999999574,
        -0.3000000000000025,
        -0.3000000000000025,
        -0.19999999999999574,
        -0.09999999999999787,
        0.09999999999999787,
        0.4999999999999982,
        0.5999999999999961,
        0.3000000000000025,
        0.19999999999999574,
        0.0,
        0.0,
        -0.09999999999999787,
        -0.09999999999999787,
        -0.19999999999999574,
        -0.19999999999999574,
        -0.19999999999999574,
        -0.19999999999999574,
        -0.19999999999999574,
        -0.19999999999999574,
        -0.19999999999999574,
        -0.19999999999999574,
        -0.19999999999999574,
        -0.19999999999999574,
        -0.3000000000000025,
        -0.3000000000000025,
        -0.40000000000000036,
        -0.4999999999999982,
        -0.4999999999999982,
        -0.5999999999999961,
        -0.7000000000000028,
        -0.8000000000000007,
        -0.8999999999999986,
        -1.0000000000000009,
        -1.0000000000000009,
        -1.0999999999999988,
        -1.200000000000001,
        -1.299999999999999,
        -1.4000000000000012,
        -1.4000000000000012,
        -1.4999999999999991,
        -1.6000000000000014,
        -1.6999999999999993,
        -2.0000000000000018,
        -2.0000000000000018,
        -2.0000000000000018,
        -1.8999999999999995,
        -1.8999999999999995,
        -1.7999999999999994,
        -1.7999999999999994,
        -1.6999999999999993,
        -1.6000000000000014,
        -1.6000000000000003,
        -1.5000000000000002,
        -1.5000000000000002,
        -1.2,
        -0.9999999999999998,
        0.0,
        0.9000000000000002,
        1.2000000000000004,
        1.2,
        1.2,
        1.3,
        0.9999999999999998,
        0.7000000000000006,
        0.5000000000000004,
        0.40000000000000036,
        0.20000000000000018,
        0.10000000000000009,
        0.0,
        0.0,
        -0.10000000000000009,
        -0.20000000000000018,
        -0.30000000000000027,
        -0.5000000000000004,
        -0.6000000000000005,
        -0.6000000000000005,
        -0.6000000000000005,
        -0.6000000000000005,
        -0.6000000000000005,
        -0.6000000000000005,
        -0.5000000000000004,
        -0.5000000000000004,
        -0.5000000000000004,
        -0.5000000000000004,
        -0.5000000000000004,
        -0.4999999999999999,
        -0.4999999999999999,
        -0.30000000000000027,
        -0.40000000000000036,
        -0.30000000000000027,
        -0.40000000000000036,
        0.0,
        -0.10000000000000009,
        0.0,
        -0.10000000000000009,
        0.10000000000000009,
        -0.10000000000000009,
        0.10000000000000009,
        -0.10000000000000009,
        0.10000000000000009,
        -0.10000000000000009,
        0.10000000000000009,
        -0.10000000000000009,
        0.10000000000000009,
        -0.10000000000000009,
        0.10000000000000009,
        -0.10000000000000009,
        0.10000000000000009,
        -0.10000000000000009,
        0.10000000000000009,
        -0.10000000000000009,
        0.10000000000000009,
        -0.10000000000000009,
        0.10000000000000009,
        0.6,
        0.9000000000000002,
        0.9999999999999998,
        1.0999999999999999,
        1.0999999999999999,
        1.2,
        1.2,
        1.2,
        1.200000000000001,
        1.100000000000001,
        1.100000000000001,
        1.100000000000001,
        1.1999999999999988,
        1.200000000000001,
        1.299999999999999,
        1.299999999999999,
        1.4000000000000012,
        1.4000000000000012,
        1.4999999999999991,
        1.4999999999999991,
        1.4999999999999991,
        1.4999999999999991,
        1.6000000000000014,
        1.6000000000000014,
        1.6000000000000014,
        1.6000000000000014,
        1.6000000000000014,
        1.6999999999999993,
        1.5000000000000036,
        1.1000000000000032,
        0.8000000000000007,
        0.5999999999999961,
        0.4999999999999982,
        0.3000000000000025,
        0.0,
        0.0,
        0.0,
        0.0,
        0.0,
        0.0,
        0.0,
        0.0,
        0.0,
        0.0,
        0.0,
        0.0,
        0.0,
        0.0,
        0.0,
        0.19999999999999574,
        0.4999999999999982,
        0.8000000000000007,
        1.1000000000000032,
        1.299999999999999,
        1.3999999999999968,
        1.5000000000000036,
        1.5000000000000036,
        1.6000000000000014,
        1.6000000000000014,
        1.6999999999999993,
        1.6999999999999993,
        1.6999999999999993,
        1.6000000000000014,
        1.5000000000000036,
        0.9999999999999964,
        0.4999999999999982,
        0.0,
        -0.4999999999999982,
        -0.7000000000000028,
        -0.5999999999999961,
        -0.4999999999999982,
        -0.7000000000000028,
        -0.8999999999999986,
        -0.8999999999999986,
        -0.8999999999999986,
        -0.8999999999999986,
        -1.200000000000001,
        -1.200000000000001,
        -1.1000000000000032,
        -1.1000000000000032,
        -1.1000000000000032,
        -0.9999999999999964,
        -0.9999999999999964
    ],
    "accelerationCost": 242.05999999999992,
    "accelerationCostWeighted": 242.05999999999992,
    "jerk": [
        0.0,
        0.0,
        0.0,
        0.0,
        0.0,
        0.0,
        0.0,
        0.0,
        10.0,
        4.999999999999997,
        1.0000000000000053,
        -1.0000000000000009,
        0.0,
        -1.0000000000000009,
        0.0,
        -1.0000000000000009,
        -0.9999999999999898,
        0.0,
        0.0,
        0.0,
        0.0,
        0.9999999999999787,
        0.0,
        1.000000000000023,
        0.0,
        0.0,
        0.9999999999999787,
        0.0,
        0.0,
        0.0,
        1.000000000000023,
        0.0,
        0.0,
        0.0,
        0.0,
        0.9999999999999787,
        4.440892098500626e-14,
        -4.440892098500626e-14,
        0.0,
        -4.999999999999982,
        -4.999999999999982,
        -5.000000000000071,
        -3.9999999999999147,
        -1.0000000000000675,
        0.0,
        1.0000000000000675,
        0.9999999999999787,
        1.9999999999999574,
        4.0000000000000036,
        0.9999999999999787,
        -2.999999999999936,
        -1.0000000000000675,
        -1.9999999999999574,
        0.0,
        -0.9999999999999787,
        0.0,
        -0.9999999999999787,
        0.0,
        0.0,
        0.0,
        0.0,
        0.0,
        0.0,
        0.0,
        0.0,
        0.0,
        -1.0000000000000675,
        0.0,
        -0.9999999999999787,
        -0.9999999999999787,
        0.0,
        -0.9999999999999787,
        -1.0000000000000675,
        -0.9999999999999787,
        -0.9999999999999787,
        -1.000000000000023,
        0.0,
        -0.9999999999999787,
        -1.000000000000023,
        -0.9999999999999787,
        -1.000000000000023,
        0.0,
        -0.9999999999999787,
        -1.000000000000023,
        -0.9999999999999787,
        -3.000000000000025,
        0.0,
        0.0,
        1.000000000000023,
        0.0,
        1.0000000000000009,
        0.0,
        1.0000000000000009,
        0.9999999999999787,
        1.1102230246251565e-14,
        1.0000000000000009,
        0.0,
        3.0000000000000027,
        2.0000000000000018,
        9.999999999999996,
        9.000000000000002,
        3.0000000000000013,
        -4.440892098500626e-15,
        0.0,
        1.0000000000000009,
        -3.0000000000000027,
        -2.9999999999999916,
        -2.0000000000000018,
        -1.0000000000000009,
        -2.0000000000000018,
        -1.0000000000000009,
        -1.0000000000000009,
        0.0,
        -1.0000000000000009,
        -1.0000000000000009,
        -1.0000000000000009,
        -2.0000000000000018,
        -1.0000000000000009,
        0.0,
        0.0,
        0.0,
        0.0,
        0.0,
        1.0000000000000009,
        0.0,
        0.0,
        0.0,
        0.0,
        5.551115123125783e-15,
        0.0,
        1.9999999999999962,
        -1.0000000000000009,
        1.0000000000000009,
        -1.0000000000000009,
        4.0000000000000036,
        -1.0000000000000009,
        1.0000000000000009,
        -1.0000000000000009,
        2.0000000000000018,
        -2.0000000000000018,
        2.0000000000000018,
        -2.0000000000000018,
        2.0000000000000018,
        -2.0000000000000018,
        2.0000000000000018,
        -2.0000000000000018,
        2.0000000000000018,
        -2.0000000000000018,
        2.0000000000000018,
        -2.0000000000000018,
        2.0000000000000018,
        -2.0000000000000018,
        2.0000000000000018,
        -2.0000000000000018,
        2.0000000000000018,
        -2.0000000000000018,
        2.0000000000000018,
        4.999999999999998,
        3.0000000000000027,
        0.9999999999999953,
        1.0000000000000009,
        0.0,
        1.0000000000000009,
        0.0,
        0.0,
        1.1102230246251565e-14,
        -1.0000000000000009,
        0.0,
        0.0,
        0.9999999999999787,
        2.220446049250313e-14,
        0.9999999999999787,
        0.0,
        1.000000000000023,
        0.0,
        0.9999999999999787,
        0.0,
        0.0,
        0.0,
        1.000000000000023,
        0.0,
        0.0,
        0.0,
        0.0,
        0.9999999999999787,
        -1.9999999999999574,
        -4.0000000000000036,
        -3.000000000000025,
        -2.000000000000046,
        -0.9999999999999787,
        -1.9999999999999574,
        -3.000000000000025,
        0.0,
        0.0,
        0.0,
        0.0,
        0.0,
        0.0,
        0.0,
        0.0,
        0.0,
        0.0,
        0.0,
        0.0,
        0.0,
        0.0,
        1.9999999999999574,
        3.000000000000025,
        3.000000000000025,
        3.000000000000025,
        1.9999999999999574,
        0.9999999999999787,
        1.0000000000000675,
        0.0,
        0.9999999999999787,
        0.0,
        0.9999999999999787,
        0.0,
        0.0,
        -0.9999999999999787,
        -0.9999999999999787,
        -5.000000000000071,
        -4.999999999999982,
        -4.999999999999982,
        -4.999999999999982,
        -2.000000000000046,
        1.0000000000000675,
        0.9999999999999787,
        -2.000000000000046,
        -1.9999999999999574,
        0.0,
        0.0,
        0.0,
        -3.000000000000025,
        0.0,
        0.9999999999999787,
        0.0,
        0.0,
        1.0000000000000675,
        0.0
    ],
    "jerkCost": 896.0000000000002,
    "jerkCostWeighted": 89.60000000000002,
    "steeringAngle": [
        0.0,
        0.0,
        0.0,
        0.0,
        0.0,
        0.0,
        0.0,
        0.0,
        0.0,
        0.0,
        0.0,
        0.0,
        0.0,
        0.0,
        0.0,
        0.0,
        0.0,
        0.0,
        0.0,
        0.0,
        0.0,
        0.0,
        0.0,
        0.0,
        0.0,
        0.0,
        0.0,
        0.0,
        0.0,
        -0.7903052568435669,
        -0.7903052568435669,
        -0.1215854212641716,
        -0.1215854212641716,
        -0.1215854212641716,
        -0.1215854212641716,
        -0.1215854212641716,
        -0.1215854212641716,
        -0.9118906855583191,
        -1.094268798828125,
        -1.1550614833831787,
        -1.1550614833831787,
        -1.215854287147522,
        -0.1823781430721283,
        -0.3039635717868805,
        -0.3039635717868805,
        -0.3039635717868805,
        -0.3039635717868805,
        -0.3039635717868805,
        -1.9453667402267456,
        -2.0669519901275635,
        -2.3101229667663574,
        -2.431708574295044,
        -2.431708574295044,
        -2.5532937049865723,
        -2.674879312515259,
        -2.9180502891540527,
        -2.9180502891540527,
        -3.039635419845581,
        -3.039635419845581,
        -3.039635419845581,
        -3.039635419845581,
        -3.039635419845581,
        -3.039635419845581,
        -3.039635419845581,
        -3.039635419845581,
        -3.039635419845581,
        -3.039635419845581,
        -3.039635419845581,
        -3.039635419845581,
        -3.039635419845581,
        -3.039635419845581,
        -3.039635419845581,
        -3.039635419845581,
        -3.039635419845581,
        -3.039635419845581,
        -3.039635419845581,
        -3.039635419845581,
        -1.5806105136871338,
        -1.4590251445770264,
        -1.6414031982421875,
        -0.607927143573761,
        -1.1550614833831787,
        -0.6687198281288147,
        -0.6687198281288147,
        -0.607927143573761,
        -0.4255489706993103,
        -1.215854287147522,
        -0.5471343994140625,
        -0.7903052568435669,
        -0.6687198281288147,
        -0.1823781430721283,
        0.3647562861442566,
        0.4255489706993103,
        0.4863416850566864,
        0.6687198281288147,
        0.5471343994140625,
        0.4863416850566864,
        0.4863416850566864,
        0.4863416850566864,
        0.607927143573761,
        0.607927143573761,
        0.607927143573761,
        0.607927143573761,
        0.607927143573761,
        0.7295125722885132,
        0.7903052568435669,
        0.8510979413986206,
        0.9118906855583191,
        1.094268798828125,
        1.215854287147522,
        1.3374396562576294,
        1.3374396562576294,
        1.398232340812683,
        1.4590251445770264,
        1.6414031982421875,
        1.7021958827972412,
        1.7021958827972412,
        1.762988567352295,
        1.9453667402267456,
        2.006159543991089,
        2.006159543991089,
        2.0669519901275635,
        2.18853759765625,
        2.2493302822113037,
        2.2493302822113037,
        2.2493302822113037,
        2.370915651321411,
        2.370915651321411,
        2.370915651321411,
        2.370915651321411,
        2.431708574295044,
        2.431708574295044,
        2.431708574295044,
        2.431708574295044,
        2.4925010204315186,
        2.9180502891540527,
        3.039635419845581,
        3.039635419845581,
        3.039635419845581,
        3.039635419845581,
        3.039635419845581,
        3.039635419845581,
        3.039635419845581,
        3.039635419845581,
        3.039635419845581,
        3.039635419845581,
        3.039635419845581,
        3.039635419845581,
        3.039635419845581,
        3.039635419845581,
        3.039635419845581,
        2.9788427352905273,
        3.039635419845581,
        3.039635419845581,
        3.039635419845581,
        3.039635419845581,
        3.039635419845581,
        3.039635419845581,
        3.039635419845581,
        3.039635419845581,
        3.039635419845581,
        3.039635419845581,
        3.039635419845581,
        3.039635419845581,
        3.039635419845581,
        3.039635419845581,
        3.039635419845581,
        3.039635419845581,
        3.039635419845581,
        3.039635419845581,
        3.039635419845581,
        3.039635419845581,
        3.039635419845581,
        3.039635419845581,
        3.039635419845581,
        3.039635419845581,
        3.039635419845581,
        3.039635419845581,
        3.039635419845581,
        3.039635419845581,
        3.039635419845581,
        3.039635419845581,
        3.039635419845581,
        3.039635419845581,
        3.039635419845581,
        3.039635419845581,
        3.039635419845581,
        3.039635419845581,
        3.039635419845581,
        3.039635419845581,
        3.039635419845581,
        3.039635419845581,
        3.039635419845581,
        3.039635419845581,
        3.039635419845581,
        3.039635419845581,
        3.039635419845581,
        3.039635419845581,
        3.039635419845581,
        3.039635419845581,
        3.039635419845581,
        3.039635419845581,
        3.039635419845581,
        3.039635419845581,
        3.039635419845581,
        3.039635419845581,
        3.039635419845581,
        3.039635419845581,
        3.039635419845581,
        0.9118906855583191,
        0.9726833701133728,
        1.094268798828125,
        1.215854287147522,
        1.2766468524932861,
        1.3374396562576294,
        1.4590251445770264,
        1.5198177099227905,
        1.5198177099227905,
        1.5806105136871338,
        1.6414031982421875,
        1.762988567352295,
        1.8237813711166382,
        1.884574055671692,
        1.094268798828125,
        1.884574055671692,
        2.006159543991089,
        1.215854287147522,
        1.215854287147522,
        1.215854287147522,
        1.215854287147522,
        1.1550614833831787,
        1.1550614833831787,
        0.1823781430721283,
        0.1215854212641716,
        -0.1215854212641716,
        -0.7295125722885132,
        0.6687198281288147,
        0.6687198281288147,
        0.4255489706993103,
        0.4255489706993103,
        0.607927143573761,
        0.607927143573761
    ],
    "steeringAngleCost": 0.3385422074450128,
    "steeringAngleCostWeighted": 0.3385422074450128,
    "steeringRate": [
        0.0,
        0.0,
        0.0,
        0.0,
        0.0,
        0.0,
        0.0,
        0.0,
        0.0,
        0.0,
        0.0,
        0.0,
        0.0,
        0.0,
        0.0,
        0.0,
        0.0,
        0.0,
        0.0,
        0.0,
        0.0,
        0.0,
        0.0,
        0.0,
        0.0,
        0.0,
        0.0,
        0.0,
        -7.903052568435669,
        0.0,
        6.687198355793953,
        0.0,
        0.0,
        0.0,
        0.0,
        0.0,
        -7.903052642941475,
        -1.823781132698059,
        -0.6079268455505371,
        0.0,
        -0.6079280376434326,
        10.334761440753937,
        -1.215854287147522,
        0.0,
        0.0,
        0.0,
        0.0,
        -16.41403168439865,
        -1.2158524990081787,
        -2.4317097663879395,
        -1.2158560752868652,
        0.0,
        -1.2158513069152832,
        -1.2158560752868652,
        -2.4317097663879395,
        0.0,
        -1.2158513069152832,
        0.0,
        0.0,
        0.0,
        0.0,
        0.0,
        0.0,
        0.0,
        0.0,
        0.0,
        0.0,
        0.0,
        0.0,
        0.0,
        0.0,
        0.0,
        0.0,
        0.0,
        0.0,
        0.0,
        14.590249061584473,
        1.2158536911010742,
        -1.8237805366516113,
        10.334760546684265,
        -5.471343398094177,
        4.86341655254364,
        0.0,
        0.6079268455505371,
        1.8237817287445068,
        -7.903053164482117,
        6.687198877334595,
        -2.431708574295044,
        1.215854287147522,
        4.863416850566864,
        5.471344292163849,
        0.6079268455505371,
        0.607927143573761,
        1.823781430721283,
        -1.215854287147522,
        -0.607927143573761,
        0.0,
        0.0,
        1.2158545851707458,
        0.0,
        0.0,
        0.0,
        0.0,
        1.215854287147522,
        0.6079268455505371,
        0.6079268455505371,
        0.6079274415969849,
        1.823781132698059,
        1.2158548831939697,
        1.2158536911010742,
        0.0,
        0.6079268455505371,
        0.6079280376434326,
        1.8237805366516113,
        0.6079268455505371,
        0.0,
        0.6079268455505371,
        1.8237817287445068,
        0.6079280376434326,
        0.0,
        0.6079244613647461,
        1.2158560752868652,
        0.6079268455505371,
        0.0,
        0.0,
        1.2158536911010742,
        0.0,
        0.0,
        0.0,
        0.6079292297363281,
        0.0,
        0.0,
        0.0,
        0.6079244613647461,
        4.255492687225342,
        1.2158513069152832,
        0.0,
        0.0,
        0.0,
        0.0,
        0.0,
        0.0,
        0.0,
        0.0,
        0.0,
        0.0,
        0.0,
        0.0,
        0.0,
        0.0,
        -0.6079268455505371,
        0.6079268455505371,
        0.0,
        0.0,
        0.0,
        0.0,
        0.0,
        0.0,
        0.0,
        0.0,
        0.0,
        0.0,
        0.0,
        0.0,
        0.0,
        0.0,
        0.0,
        0.0,
        0.0,
        0.0,
        0.0,
        0.0,
        0.0,
        0.0,
        0.0,
        0.0,
        0.0,
        0.0,
        0.0,
        0.0,
        0.0,
        0.0,
        0.0,
        0.0,
        0.0,
        0.0,
        0.0,
        0.0,
        0.0,
        0.0,
        0.0,
        0.0,
        0.0,
        0.0,
        0.0,
        0.0,
        0.0,
        0.0,
        0.0,
        0.0,
        0.0,
        0.0,
        0.0,
        0.0,
        0.0,
        0.0,
        0.0,
        0.0,
        -21.27744734287262,
        0.6079268455505371,
        1.215854287147522,
        1.2158548831939697,
        0.6079256534576416,
        0.6079280376434326,
        1.2158548831939697,
        0.6079256534576416,
        0.0,
        0.6079280376434326,
        0.6079268455505371,
        1.2158536911010742,
        0.6079280376434326,
        0.6079268455505371,
        -7.903052568435669,
        7.903052568435669,
        1.2158548831939697,
        -7.903052568435669,
        0.0,
        0.0,
        0.0,
        -0.6079280376434326,
        0.0,
        -9.726833403110504,
        -0.607927218079567,
        -2.431708425283432,
        -6.079271510243416,
        13.982324004173279,
        0.0,
        -2.431708574295044,
        0.0,
        1.8237817287445068,
        0.0
    ],
    "steeringRateCost": 0.6590380121707595,
    "steeringRateCostWeighted": 0.6590380121707595,
    "yawRate": [
        0.0,
        0.0,
        0.0,
        0.0,
        0.0,
        0.0,
        0.0,
        0.0,
        0.0,
        0.0,
        0.0,
        0.0,
        0.0,
        0.0,
        0.0,
        0.0,
        0.0,
        0.0,
        0.0,
        0.0,
        0.0,
        0.0,
        0.0,
        0.0,
        0.0,
        0.0,
        0.0,
        0.0,
        -0.013301647939593077,
        -0.014040628380681578,
        -0.0022736454505071276,
        -0.0023949065412008468,
        -0.0025161676318945572,
        -0.0026374287225882677,
        -0.002758689813281987,
        -0.0028799509039756973,
        -0.022567799171307017,
        -0.028242061524404196,
        -0.031035620969216884,
        -0.03225976379166861,
        -0.03486773532320377,
        -0.005308972069221034,
        -0.008886234196964667,
        -0.008848339808065,
        -0.008791498224715553,
        -0.008734656641366106,
        -0.008696762252466475,
        -0.055558806691148356,
        -0.05916304788268611,
        -0.06685092067562501,
        -0.07128350742783472,
        -0.0717385085390762,
        -0.07564858544714052,
        -0.07925600964338322,
        -0.08647303266762649,
        -0.08629098417779965,
        -0.08970340126789753,
        -0.08932410570228325,
        -0.088944810136668,
        -0.0885655145710533,
        -0.08818621900543888,
        -0.08780692343982377,
        -0.08742762787420949,
        -0.0870483323085941,
        -0.08666903674297954,
        -0.08628974117736499,
        -0.08591044561175043,
        -0.08534150226332748,
        -0.08477255891490482,
        -0.0840139677836757,
        -0.08306572886963903,
        -0.08211748995560181,
        -0.0809796032587573,
        -0.07965206877910608,
        -0.07813488651664646,
        -0.0764280564713804,
        -0.03872993064821639,
        -0.03483971269962527,
        -0.038071163478579084,
        -0.0136423632376248,
        -0.02498691525827823,
        -0.01388121378228857,
        -0.01329761920885797,
        -0.011520217845105152,
        -0.007639577476082904,
        -0.020541644070844467,
        -0.0085605220086854,
        -0.011380298792763588,
        -0.00879560392811618,
        -0.0021827037201083144,
        0.0039334537738461295,
        0.004111578155531204,
        0.004153285692581332,
        0.00500223920082421,
        0.0035469891988165747,
        0.0026678039485195093,
        0.0022130646391127495,
        0.0017583253297054346,
        0.0017431908581411193,
        0.001364236323762591,
        0.001364236323762591,
        0.0017052954047025448,
        0.002160040845957112,
        0.003137795258424947,
        0.00399049438187804,
        0.004987221005523512,
        0.0059119675410967965,
        0.007572146930456269,
        0.008792733255416074,
        0.010005838919230348,
        0.010172602901217798,
        0.0107223467904638,
        0.011188732799095602,
        0.012588045988885521,
        0.012948404478878017,
        0.012736135552994243,
        0.012861497293936153,
        0.013586433077312221,
        0.013260742350865717,
        0.012510134293269859,
        0.012116179740681021,
        0.012010660665011108,
        0.011502948709775085,
        0.010661269535889306,
        0.009959870224317546,
        0.009759484821324493,
        0.009020129910618513,
        0.008280774999911422,
        0.007541420089205442,
        0.006976683705702258,
        0.006218348520299899,
        0.005763347409059594,
        0.005156679260736596,
        0.004819366437571748,
        0.00491530922531791,
        0.005120490135800404,
        0.004930842352992015,
        0.004930842352992293,
        0.004741194570184737,
        0.004930842352992293,
        0.004741194570185292,
        0.00493084235299146,
        0.0047411945701850144,
        0.004930842352991738,
        0.0047411945701855696,
        0.0049308423529925705,
        0.004741194570184459,
        0.0049308423529925705,
        0.004741194570185292,
        0.004930842352992293,
        0.0046461981731890645,
        0.004930842352992293,
        0.0047411945701850144,
        0.004930842352992293,
        0.0047411945701850144,
        0.004930842352992293,
        0.004741194570184737,
        0.004930842352992293,
        0.006068729049836796,
        0.007775559095103135,
        0.009672036923176752,
        0.011758162534057925,
        0.013844288144939654,
        0.016120061538628105,
        0.01839583493231739,
        0.020671608326006397,
        0.022947381719694848,
        0.0250335073305763,
        0.02711963294145664,
        0.029205758552338923,
        0.03148153194602793,
        0.03375730533971638,
        0.03622272651621211,
        0.03868814769270895,
        0.04134321665201196,
        0.043998285611315524,
        0.04684300235342692,
        0.049687719095537486,
        0.05253243583764833,
        0.05537715257975945,
        0.058411517104677846,
        0.06144588162959569,
        0.06448024615451409,
        0.06751461067943276,
        0.07054897520435088,
        0.07377298751207656,
        0.07661770425418685,
        0.07870382986506885,
        0.08022101212752805,
        0.08135889882437242,
        0.08230713773840923,
        0.08287608108683175,
        0.08287608108683134,
        0.08287608108683148,
        0.08287608108683148,
        0.08287608108683148,
        0.08287608108683148,
        0.08287608108683141,
        0.08287608108683137,
        0.08287608108683148,
        0.08287608108683148,
        0.08287608108683148,
        0.08287608108683148,
        0.0828760810868315,
        0.08287608108683149,
        0.08287608108683155,
        0.08287608108683141,
        0.08325537665244624,
        0.025239553733149428,
        0.027407593430361435,
        0.03158472098019109,
        0.03608052611705437,
        0.03899940298136714,
        0.042107905451761254,
        0.04730195980105795,
        0.05078989566610792,
        0.05230601195464868,
        0.05607463241433894,
        0.05997231666249256,
        0.06628617836105577,
        0.07039295169511905,
        0.07450375324023997,
        0.04393209570462853,
        0.07626646033582957,
        0.08119077156332408,
        0.048814829452485387,
        0.048284233480175576,
        0.04782943693248165,
        0.04745043980940333,
        0.04457320041750673,
        0.04392512480562022,
        0.006832317373879904,
        0.004486660355667305,
        -0.004418450992152156,
        -0.025966392645809244,
        0.023302097610506944,
        0.02284355901709806,
        0.014244628835613227,
        0.013952839418123753,
        0.019554053973929453,
        0.019175099439551202
    ],
    "yawRateCost": 0.4733425715555207,
    "yawRateCostWeighted": 0.4733425715555207,
    "distanceToObstaclesCost": 0.0,
    "distanceToObstaclesCostWeighted": 0.0,
    "distanceToCenterLinesCost": 151.71922158026425,
    "distanceToCenterLinesCostWeighted": 151.71922158026425,
    "obstacles": [
        [],
        [],
        [],
        [],
        [],
        [],
        [],
        [],
        [],
        [],
        [],
        [],
        [],
        [],
        [],
        [],
        [],
        [],
        [],
        [],
        [],
        [],
        [],
        [],
        [],
        [],
        [],
        [],
        [],
        [],
        [],
        [],
        [],
        [],
        [],
        [],
        [],
        [],
        [],
        [],
        [],
        [],
        [],
        [],
        [],
        [],
        [],
        [],
        [],
        [],
        [],
        [],
        [],
        [],
        [],
        [],
        [],
        [],
        [],
        [],
        [],
        [],
        [],
        [],
        [],
        [],
        [],
        [],
        [],
        [],
        [],
        [],
        [],
        [],
        [],
        [],
        [],
        [],
        [],
        [],
        [],
        [],
        [],
        [],
        [],
        [],
        [],
        [],
        [],
        [],
        [],
        [],
        [],
        [],
        [],
        [],
        [],
        [],
        [],
        [],
        [],
        [],
        [],
        [],
        [],
        [],
        [],
        [],
        [],
        [],
        [],
        [],
        [],
        [],
        [],
        [],
        [],
        [],
        [],
        [],
        [],
        [],
        [],
        [],
        [],
        [],
        [],
        [],
        [],
        [],
        [],
        [],
        [],
        [],
        [],
        [],
        [],
        [],
        [],
        [],
        [],
        [],
        [],
        [],
        [],
        [],
        [],
        [],
        [],
        [],
        [],
        [],
        [],
        [],
        [],
        [],
        [],
        [],
        [],
        [],
        [],
        [],
        [],
        [],
        [],
        [],
        [],
        [],
        [],
        [],
        [],
        [],
        [],
        [],
        [],
        [],
        [],
        [],
        [],
        [],
        [],
        [],
        [],
        [],
        [],
        [],
        [],
        [],
        [],
        [],
        [],
        [],
        [],
        [],
        [],
        [],
        [],
        [],
        [],
        [],
        [],
        [],
        [],
        [],
        [],
        [],
        [],
        [],
        [],
        [],
        [],
        [],
        [],
        [],
        [],
        [],
        [],
        [],
        [],
        [],
        [],
        [],
        [],
        [],
        [],
        [],
        [],
        [],
        [],
        [],
        [],
        [],
        [],
        [],
        [],
        [],
        [],
        [],
        [],
        [],
        [],
        []
    ],
    "costSum": 1381.112144371436,
    "costSumWeighted": 574.7121443714356
}