{
    "name": "",
    "pathLength": 39.50900000000001,
    "pathLengthWeighted": 39.50900000000001,
    "time": 16.599999999999966,
    "timeWeighted": 16.599999999999966,
    "collision": 0.0,
    "collisionWeighted": 0.0,
    "stopTrigger": 0.0,
    "stopTriggerWeighted": 0.0,
    "dimension": [
        5.0,
        2.0
    ],
    "timeSteps": [
        0.0,
        0.1,
        0.2,
        0.30000000000000004,
        0.4,
        0.5,
        0.6000000000000001,
        0.7000000000000001,
        0.8,
        0.9,
        1.0,
        1.1,
        1.2000000000000002,
        1.3,
        1.4000000000000001,
        1.5,
        1.6,
        1.7000000000000002,
        1.8,
        1.9000000000000001,
        2.0,
        2.1,
        2.2,
        2.3000000000000003,
        2.4000000000000004,
        2.5,
        2.6,
        2.7,
        2.8000000000000003,
        2.9000000000000004,
        3.0,
        3.1,
        3.2,
        3.3000000000000003,
        3.4000000000000004,
        3.5,
        3.6,
        3.7,
        3.8000000000000003,
        3.9000000000000004,
        4.0,
        4.1000000000000005,
        4.2,
        4.3,
        4.4,
        4.5,
        4.6000000000000005,
        4.7,
        4.800000000000001,
        4.9,
        5.0,
        5.1000000000000005,
        5.2,
        5.300000000000001,
        5.4,
        5.5,
        5.6000000000000005,
        5.7,
        5.800000000000001,
        5.9,
        6.0,
        6.1000000000000005,
        6.2,
        6.300000000000001,
        6.4,
        6.5,
        6.6000000000000005,
        6.7,
        6.800000000000001,
        6.9,
        7.0,
        7.1000000000000005,
        7.2,
        7.300000000000001,
        7.4,
        7.5,
        7.6000000000000005,
        7.7,
        7.800000000000001,
        7.9,
        8.0,
        8.1,
        8.200000000000001,
        8.3,
        8.4,
        8.5,
        8.6,
        8.700000000000001,
        8.8,
        8.9,
        9.0,
        9.1,
        9.200000000000001,
        9.3,
        9.4,
        9.5,
        9.600000000000001,
        9.700000000000001,
        9.8,
        9.9,
        10.0,
        10.100000000000001,
        10.200000000000001,
        10.3,
        10.4,
        10.5,
        10.600000000000001,
        10.700000000000001,
        10.8,
        10.9,
        11.0,
        11.100000000000001,
        11.200000000000001,
        11.3,
        11.4,
        11.5,
        11.600000000000001,
        11.700000000000001,
        11.8,
        11.9,
        12.0,
        12.100000000000001,
        12.200000000000001,
        12.3,
        12.4,
        12.5,
        12.600000000000001,
        12.700000000000001,
        12.8,
        12.9,
        13.0,
        13.100000000000001,
        13.200000000000001,
        13.3,
        13.4,
        13.5,
        13.600000000000001,
        13.700000000000001,
        13.8,
        13.9,
        14.0,
        14.100000000000001,
        14.200000000000001,
        14.3,
        14.4,
        14.5,
        14.600000000000001,
        14.700000000000001,
        14.8,
        14.9,
        15.0,
        15.100000000000001,
        15.200000000000001,
        15.3,
        15.4,
        15.5,
        15.600000000000001,
        15.700000000000001,
        15.8,
        15.9,
        16.0,
        16.1,
        16.2,
        16.3,
        16.400000000000002,
        16.5
    ],
    "position": [
        [
            0.0,
            -5.0
        ],
        [
            0.0,
            -5.0
        ],
        [
            0.0,
            -5.0
        ],
        [
            0.0,
            -5.0
        ],
        [
            0.0,
            -5.0
        ],
        [
            0.0,
            -5.0
        ],
        [
            0.0,
            -5.0
        ],
        [
            0.0,
            -5.0
        ],
        [
            0.0,
            -5.0
        ],
        [
            0.0,
            -5.0
        ],
        [
            0.008000000000000002,
            -5.0
        ],
        [
            0.026000000000000002,
            -5.0
        ],
        [
            0.054000000000000006,
            -5.0
        ],
        [
            0.09200000000000001,
            -5.0
        ],
        [
            0.139,
            -5.0
        ],
        [
            0.195,
            -5.0
        ],
        [
            0.259,
            -5.0
        ],
        [
            0.331,
            -5.0
        ],
        [
            0.41100000000000003,
            -5.0
        ],
        [
            0.49900000000000005,
            -5.0
        ],
        [
            0.5950000000000001,
            -5.0
        ],
        [
            0.7000000000000002,
            -5.0
        ],
        [
            0.8140000000000003,
            -5.0
        ],
        [
            0.9380000000000004,
            -5.0
        ],
        [
            1.0720000000000005,
            -5.0
        ],
        [
            1.2170000000000005,
            -5.0
        ],
        [
            1.3730000000000007,
            -5.0
        ],
        [
            1.5400000000000007,
            -5.0
        ],
        [
            1.7190000000000007,
            -5.0
        ],
        [
            1.9100000000000008,
            -5.0
        ],
        [
            2.1140000000000008,
            -5.0
        ],
        [
            2.331000000000001,
            -5.0
        ],
        [
            2.561000000000001,
            -5.0
        ],
        [
            2.805000000000001,
            -5.0
        ],
        [
            3.063000000000001,
            -5.0
        ],
        [
            3.3350000000000013,
            -5.0
        ],
        [
            3.6210000000000013,
            -5.0
        ],
        [
            3.9200000000000013,
            -5.0
        ],
        [
            4.232000000000001,
            -5.0
        ],
        [
            4.556000000000001,
            -5.0
        ],
        [
            4.891000000000001,
            -5.0
        ],
        [
            5.237000000000001,
            -5.0
        ],
        [
            5.593000000000001,
            -5.0
        ],
        [
            5.958000000000001,
            -5.0
        ],
        [
            6.331000000000001,
            -5.0
        ],
        [
            6.711000000000001,
            -5.0
        ],
        [
            7.098000000000002,
            -5.0
        ],
        [
            7.491000000000001,
            -5.0
        ],
        [
            7.889000000000001,
            -5.0
        ],
        [
            8.291,
            -5.0
        ],
        [
            8.696,
            -5.0
        ],
        [
            9.100999999999999,
            -5.0
        ],
        [
            9.504999999999999,
            -5.0
        ],
        [
            9.907,
            -5.0
        ],
        [
            10.307,
            -5.0
        ],
        [
            10.704,
            -5.0
        ],
        [
            11.098,
            -5.0
        ],
        [
            11.488000000000001,
            -5.0
        ],
        [
            11.873000000000001,
            -5.0
        ],
        [
            12.252,
            -5.0
        ],
        [
            12.624,
            -5.0
        ],
        [
            12.989,
            -5.0
        ],
        [
            13.346000000000002,
            -5.0
        ],
        [
            13.694000000000003,
            -5.0
        ],
        [
            14.031000000000002,
            -5.0
        ],
        [
            14.356000000000003,
            -5.0
        ],
        [
            14.668000000000003,
            -5.0
        ],
        [
            14.966000000000003,
            -5.0
        ],
        [
            15.249000000000002,
            -5.0
        ],
        [
            15.516000000000002,
            -5.0
        ],
        [
            15.767000000000001,
            -5.0
        ],
        [
            16.001,
            -5.0
        ],
        [
            16.217000000000002,
            -5.0
        ],
        [
            16.414,
            -5.0
        ],
        [
            16.591,
            -5.0
        ],
        [
            16.747,
            -5.0
        ],
        [
            16.881,
            -5.0
        ],
        [
            16.989,
            -5.0
        ],
        [
            17.068,
            -5.0
        ],
        [
            17.123,
            -5.0
        ],
        [
            17.159000000000002,
            -5.0
        ],
        [
            17.181000000000004,
            -5.0
        ],
        [
            17.193000000000005,
            -5.0
        ],
        [
            17.197000000000006,
            -5.0
        ],
        [
            17.197000000000006,
            -5.0
        ],
        [
            17.197000000000006,
            -5.0
        ],
        [
            17.197000000000006,
            -5.0
        ],
        [
            17.197000000000006,
            -5.0
        ],
        [
            17.197000000000006,
            -5.0
        ],
        [
            17.197000000000006,
            -5.0
        ],
        [
            17.197000000000006,
            -5.0
        ],
        [
            17.197000000000006,
            -5.0
        ],
        [
            17.197000000000006,
            -5.0
        ],
        [
            17.197000000000006,
            -5.0
        ],
        [
            17.197000000000006,
            -5.0
        ],
        [
            17.197000000000006,
            -5.0
        ],
        [
            17.197000000000006,
            -5.0
        ],
        [
            17.197000000000006,
            -5.0
        ],
        [
            17.197000000000006,
            -5.0
        ],
        [
            17.197000000000006,
            -5.0
        ],
        [
            17.197000000000006,
            -5.0
        ],
        [
            17.197000000000006,
            -5.0
        ],
        [
            17.200000000000006,
            -5.0
        ],
        [
            17.209000000000007,
            -5.0
        ],
        [
            17.226000000000006,
            -5.0
        ],
        [
            17.252000000000006,
            -5.0
        ],
        [
            17.287000000000006,
            -5.0
        ],
        [
            17.331000000000007,
            -5.0
        ],
        [
            17.383000000000006,
            -5.0
        ],
        [
            17.443000000000005,
            -5.0
        ],
        [
            17.511000000000006,
            -5.0
        ],
        [
            17.587000000000007,
            -5.0
        ],
        [
            17.671000000000006,
            -5.0
        ],
        [
            17.763000000000005,
            -5.0
        ],
        [
            17.863000000000007,
            -5.0
        ],
        [
            17.97200000000001,
            -5.0
        ],
        [
            18.090000000000007,
            -5.0
        ],
        [
            18.218000000000007,
            -5.0
        ],
        [
            18.35600000000001,
            -5.0
        ],
        [
            18.50500000000001,
            -5.0
        ],
        [
            18.66500000000001,
            -5.0
        ],
        [
            18.83600000000001,
            -5.0
        ],
        [
            19.01900000000001,
            -5.0
        ],
        [
            19.21400000000001,
            -5.0
        ],
        [
            19.422000000000008,
            -5.0
        ],
        [
            19.643000000000008,
            -5.0
        ],
        [
            19.878000000000007,
            -5.0
        ],
        [
            20.127000000000006,
            -5.0
        ],
        [
            20.390000000000008,
            -5.0
        ],
        [
            20.668000000000006,
            -5.0
        ],
        [
            20.961000000000006,
            -5.0
        ],
        [
            21.269000000000005,
            -5.0
        ],
        [
            21.592000000000006,
            -5.0
        ],
        [
            21.930000000000007,
            -5.0
        ],
        [
            22.28300000000001,
            -5.0
        ],
        [
            22.651000000000007,
            -5.0
        ],
        [
            23.035000000000007,
            -5.0
        ],
        [
            23.435000000000006,
            -5.0
        ],
        [
            23.851000000000006,
            -5.0
        ],
        [
            24.283000000000005,
            -5.0
        ],
        [
            24.731000000000005,
            -5.0
        ],
        [
            25.195000000000004,
            -5.0
        ],
        [
            25.675000000000004,
            -5.0
        ],
        [
            26.171000000000003,
            -5.0
        ],
        [
            26.683000000000003,
            -5.0
        ],
        [
            27.211000000000002,
            -5.0
        ],
        [
            27.755000000000003,
            -5.0
        ],
        [
            28.315,
            -5.0
        ],
        [
            28.891000000000002,
            -5.0
        ],
        [
            29.482992067120122,
            -5.003064713175254
        ],
        [
            30.090963314011315,
            -5.008977661134572
        ],
        [
            30.714898676418834,
            -5.017958949315933
        ],
        [
            31.354780942759213,
            -5.030234340270981
        ],
        [
            32.01059061921137,
            -5.046035234920201
        ],
        [
            32.67930750001787,
            -5.065496306946893
        ],
        [
            33.35503594066315,
            -5.084655495423978
        ],
        [
            34.02581844065594,
            -5.101738753410191
        ],
        [
            34.68859717425681,
            -5.118866225098116
        ],
        [
            35.34132914763007,
            -5.137573735254604
        ],
        [
            35.98102073585265,
            -5.1574400876442255
        ],
        [
            36.6066718596506,
            -5.178336768968394
        ],
        [
            37.21833838384594,
            -5.198537342692776
        ],
        [
            37.81577368777956,
            -5.224519213559625
        ],
        [
            38.395983560764705,
            -5.254809530338465
        ],
        [
            38.95726922033253,
            -5.298711789545881
        ],
        [
            39.5005075688398,
            -5.353557908014636
        ]
    ],
    "orientation": [
        0.0,
        0.0,
        0.0,
        0.0,
        0.0,
        0.0,
        0.0,
        0.0,
        0.0,
        0.0,
        0.0,
        0.0,
        0.0,
        0.0,
        0.0,
        0.0,
        0.0,
        0.0,
        0.0,
        0.0,
        0.0,
        0.0,
        0.0,
        0.0,
        0.0,
        0.0,
        0.0,
        0.0,
        0.0,
        0.0,
        0.0,
        0.0,
        0.0,
        0.0,
        0.0,
        0.0,
        0.0,
        0.0,
        0.0,
        0.0,
        0.0,
        0.0,
        0.0,
        0.0,
        0.0,
        0.0,
        0.0,
        0.0,
        0.0,
        0.0,
        0.0,
        0.0,
        0.0,
        0.0,
        0.0,
        0.0,
        0.0,
        0.0,
        0.0,
        0.0,
        0.0,
        0.0,
        0.0,
        0.0,
        0.0,
        0.0,
        0.0,
        0.0,
        0.0,
        0.0,
        0.0,
        0.0,
        0.0,
        0.0,
        0.0,
        0.0,
        0.0,
        0.0,
        0.0,
        0.0,
        0.0,
        0.0,
        0.0,
        0.0,
        0.0,
        0.0,
        0.0,
        0.0,
        0.0,
        0.0,
        0.0,
        0.0,
        0.0,
        0.0,
        0.0,
        0.0,
        0.0,
        0.0,
        0.0,
        0.0,
        0.0,
        0.0,
        0.0,
        0.0,
        0.0,
        0.0,
        0.0,
        0.0,
        0.0,
        0.0,
        0.0,
        0.0,
        0.0,
        0.0,
        0.0,
        0.0,
        0.0,
        0.0,
        0.0,
        0.0,
        0.0,
        0.0,
        0.0,
        0.0,
        0.0,
        0.0,
        0.0,
        0.0,
        0.0,
        0.0,
        0.0,
        0.0,
        0.0,
        0.0,
        0.0,
        0.0,
        0.0,
        0.0,
        0.0,
        0.0,
        0.0,
        0.0,
        0.0,
        0.0,
        0.0,
        0.0,
        0.0,
        0.0,
        0.0,
        -0.0044287959872928604,
        -0.008977289163431473,
        -0.013645479528415837,
        -0.01843336708224596,
        -0.02334095182492183,
        -0.028345790533534875,
        -0.028345790533534875,
        -0.025836164839686003,
        -0.025836164839686003,
        -0.0282784682347431,
        -0.0306721499695617,
        -0.03301346991643114,
        -0.03301346991643114,
        -0.04196475488405008,
        -0.05066157188436213,
        -0.07392613130545961,
        -0.09648820847050266
    ],
    "velocity": [
        0.0,
        0.0,
        0.0,
        0.0,
        0.0,
        0.0,
        0.0,
        0.0,
        0.0,
        0.0,
        0.08000000000000002,
        0.18000000000000002,
        0.28,
        0.38,
        0.47000000000000003,
        0.56,
        0.6400000000000001,
        0.7200000000000002,
        0.8000000000000003,
        0.8800000000000003,
        0.9600000000000004,
        1.0500000000000005,
        1.1400000000000006,
        1.2400000000000007,
        1.3400000000000007,
        1.4500000000000008,
        1.560000000000001,
        1.670000000000001,
        1.790000000000001,
        1.910000000000001,
        2.040000000000001,
        2.170000000000001,
        2.3000000000000007,
        2.440000000000001,
        2.580000000000001,
        2.720000000000001,
        2.860000000000001,
        2.990000000000001,
        3.120000000000001,
        3.240000000000001,
        3.350000000000001,
        3.460000000000001,
        3.560000000000001,
        3.650000000000001,
        3.730000000000001,
        3.8000000000000007,
        3.8700000000000006,
        3.9300000000000006,
        3.9800000000000004,
        4.0200000000000005,
        4.050000000000001,
        4.050000000000001,
        4.040000000000001,
        4.020000000000001,
        4.000000000000002,
        3.970000000000002,
        3.940000000000002,
        3.900000000000002,
        3.8500000000000023,
        3.7900000000000023,
        3.7200000000000024,
        3.6500000000000026,
        3.5700000000000025,
        3.4800000000000026,
        3.3700000000000028,
        3.2500000000000027,
        3.1200000000000028,
        2.9800000000000026,
        2.8300000000000027,
        2.6700000000000026,
        2.5100000000000025,
        2.3400000000000025,
        2.1600000000000024,
        1.9700000000000024,
        1.7700000000000025,
        1.5600000000000025,
        1.3400000000000025,
        1.0800000000000025,
        0.7900000000000025,
        0.5500000000000025,
        0.3600000000000025,
        0.2200000000000025,
        0.1200000000000025,
        0.04000000000000248,
        0.0,
        0.0,
        0.0,
        0.0,
        0.0,
        0.0,
        0.0,
        0.0,
        0.0,
        0.0,
        0.0,
        0.0,
        0.0,
        0.0,
        0.0,
        0.0,
        0.0,
        0.0,
        0.03,
        0.09,
        0.17,
        0.26,
        0.35000000000000003,
        0.44000000000000006,
        0.52,
        0.6000000000000001,
        0.6800000000000002,
        0.7600000000000002,
        0.8400000000000003,
        0.9200000000000004,
        1.0000000000000004,
        1.0900000000000005,
        1.1800000000000006,
        1.2800000000000007,
        1.3800000000000008,
        1.4900000000000009,
        1.600000000000001,
        1.710000000000001,
        1.830000000000001,
        1.950000000000001,
        2.080000000000001,
        2.210000000000001,
        2.350000000000001,
        2.490000000000001,
        2.6300000000000012,
        2.780000000000001,
        2.930000000000001,
        3.080000000000001,
        3.230000000000001,
        3.380000000000001,
        3.5300000000000007,
        3.6800000000000006,
        3.8400000000000007,
        4.000000000000001,
        4.160000000000001,
        4.320000000000001,
        4.480000000000001,
        4.6400000000000015,
        4.800000000000002,
        4.960000000000002,
        5.120000000000002,
        5.280000000000002,
        5.440000000000002,
        5.600000000000002,
        5.7600000000000025,
        5.920000000000003,
        6.080000000000003,
        6.240000000000003,
        6.400000000000003,
        6.560000000000003,
        6.690000000000003,
        6.760000000000003,
        6.7100000000000035,
        6.6300000000000034,
        6.530000000000004,
        6.400000000000004,
        6.260000000000004,
        6.1200000000000045,
        5.980000000000005,
        5.810000000000005,
        5.630000000000005,
        5.460000000000005
    ],
    "acceleration": [
        0.0,
        0.0,
        0.0,
        0.0,
        0.0,
        0.0,
        0.0,
        0.0,
        0.0,
        0.8000000000000002,
        1.0,
        1.0,
        0.9999999999999998,
        0.9000000000000002,
        0.9000000000000002,
        0.8000000000000007,
        0.8000000000000007,
        0.8000000000000007,
        0.8000000000000007,
        0.8000000000000007,
        0.9000000000000008,
        0.9000000000000008,
        1.0000000000000009,
        1.0000000000000009,
        1.100000000000001,
        1.100000000000001,
        1.100000000000001,
        1.1999999999999988,
        1.200000000000001,
        1.299999999999999,
        1.299999999999999,
        1.299999999999999,
        1.4000000000000012,
        1.4000000000000012,
        1.4000000000000012,
        1.4000000000000012,
        1.299999999999999,
        1.299999999999999,
        1.200000000000001,
        1.0999999999999988,
        1.0999999999999988,
        1.0000000000000009,
        0.8999999999999986,
        0.8000000000000007,
        0.6999999999999984,
        0.6999999999999984,
        0.6000000000000005,
        0.4999999999999982,
        0.40000000000000036,
        0.3000000000000025,
        0.0,
        -0.09999999999999787,
        -0.19999999999999574,
        -0.19999999999999574,
        -0.29999999999999805,
        -0.29999999999999805,
        -0.40000000000000036,
        -0.4999999999999982,
        -0.6000000000000005,
        -0.6999999999999984,
        -0.6999999999999984,
        -0.8000000000000007,
        -0.8999999999999986,
        -1.0999999999999988,
        -1.200000000000001,
        -1.299999999999999,
        -1.4000000000000012,
        -1.4999999999999991,
        -1.6000000000000014,
        -1.6000000000000014,
        -1.6999999999999993,
        -1.8000000000000016,
        -1.8999999999999995,
        -1.9999999999999996,
        -2.0999999999999996,
        -2.1999999999999997,
        -2.6,
        -2.9000000000000004,
        -2.4,
        -1.9,
        -1.3999999999999997,
        -1.0,
        -0.8000000000000002,
        -0.4000000000000248,
        0.0,
        0.0,
        0.0,
        0.0,
        0.0,
        0.0,
        0.0,
        0.0,
        0.0,
        0.0,
        0.0,
        0.0,
        0.0,
        0.0,
        0.0,
        0.0,
        0.0,
        0.3,
        0.6,
        0.8000000000000002,
        0.8999999999999999,
        0.9000000000000002,
        0.9000000000000002,
        0.7999999999999996,
        0.8000000000000007,
        0.8000000000000007,
        0.8000000000000007,
        0.8000000000000007,
        0.8000000000000007,
        0.8000000000000007,
        0.9000000000000008,
        0.9000000000000008,
        1.0000000000000009,
        1.0000000000000009,
        1.100000000000001,
        1.100000000000001,
        1.100000000000001,
        1.1999999999999988,
        1.200000000000001,
        1.299999999999999,
        1.299999999999999,
        1.4000000000000012,
        1.4000000000000012,
        1.4000000000000012,
        1.4999999999999991,
        1.4999999999999991,
        1.4999999999999991,
        1.4999999999999991,
        1.4999999999999991,
        1.4999999999999991,
        1.4999999999999991,
        1.6000000000000014,
        1.6000000000000014,
        1.6000000000000014,
        1.6000000000000014,
        1.6000000000000014,
        1.6000000000000014,
        1.6000000000000014,
        1.6000000000000014,
        1.6000000000000014,
        1.6000000000000014,
        1.6000000000000014,
        1.6000000000000014,
        1.6000000000000014,
        1.6000000000000014,
        1.6000000000000014,
        1.6000000000000014,
        1.6000000000000014,
        1.6000000000000014,
        1.299999999999999,
        0.7000000000000028,
        -0.4999999999999982,
        -0.8000000000000007,
        -0.9999999999999964,
        -1.299999999999999,
        -1.3999999999999968,
        -1.3999999999999968,
        -1.3999999999999968,
        -1.6999999999999993,
        -1.7999999999999972,
        -1.6999999999999993
    ],
    "accelerationCost": 221.34000000000003,
    "accelerationCostWeighted": 221.34000000000003,
    "jerk": [
        0.0,
        0.0,
        0.0,
        0.0,
        0.0,
        0.0,
        0.0,
        0.0,
        8.000000000000002,
        1.9999999999999984,
        0.0,
        -2.220446049250313e-15,
        -0.9999999999999953,
        0.0,
        -0.9999999999999953,
        0.0,
        0.0,
        0.0,
        0.0,
        1.0000000000000009,
        0.0,
        1.0000000000000009,
        0.0,
        1.0000000000000009,
        0.0,
        0.0,
        0.9999999999999787,
        2.220446049250313e-14,
        0.9999999999999787,
        0.0,
        0.0,
        1.000000000000023,
        0.0,
        0.0,
        0.0,
        -1.000000000000023,
        0.0,
        -0.9999999999999787,
        -1.000000000000023,
        0.0,
        -0.9999999999999787,
        -1.000000000000023,
        -0.9999999999999787,
        -1.000000000000023,
        0.0,
        -0.9999999999999787,
        -1.000000000000023,
        -0.9999999999999787,
        -0.9999999999999787,
        -3.000000000000025,
        -0.9999999999999787,
        -0.9999999999999787,
        0.0,
        -1.000000000000023,
        0.0,
        -1.000000000000023,
        -0.9999999999999787,
        -1.000000000000023,
        -0.9999999999999787,
        0.0,
        -1.000000000000023,
        -0.9999999999999787,
        -2.0000000000000018,
        -1.000000000000023,
        -0.9999999999999787,
        -1.000000000000023,
        -0.9999999999999787,
        -1.000000000000023,
        0.0,
        -0.9999999999999787,
        -1.000000000000023,
        -0.9999999999999787,
        -1.0000000000000009,
        -1.0000000000000009,
        -1.0000000000000009,
        -4.0000000000000036,
        -3.0000000000000027,
        5.000000000000004,
        5.0,
        5.000000000000002,
        3.999999999999997,
        1.9999999999999984,
        3.9999999999997535,
        4.000000000000248,
        0.0,
        0.0,
        0.0,
        0.0,
        0.0,
        0.0,
        0.0,
        0.0,
        0.0,
        0.0,
        0.0,
        0.0,
        0.0,
        0.0,
        0.0,
        0.0,
        2.9999999999999996,
        2.9999999999999996,
        2.0000000000000018,
        0.9999999999999976,
        3.3306690738754696e-15,
        0.0,
        -1.0000000000000064,
        1.1102230246251565e-14,
        0.0,
        0.0,
        0.0,
        0.0,
        0.0,
        1.0000000000000009,
        0.0,
        1.0000000000000009,
        0.0,
        1.0000000000000009,
        0.0,
        0.0,
        0.9999999999999787,
        2.220446049250313e-14,
        0.9999999999999787,
        0.0,
        1.000000000000023,
        0.0,
        0.0,
        0.9999999999999787,
        0.0,
        0.0,
        0.0,
        0.0,
        0.0,
        0.0,
        1.000000000000023,
        0.0,
        0.0,
        0.0,
        0.0,
        0.0,
        0.0,
        0.0,
        0.0,
        0.0,
        0.0,
        0.0,
        0.0,
        0.0,
        0.0,
        0.0,
        0.0,
        0.0,
        -3.000000000000025,
        -5.999999999999961,
        -12.00000000000001,
        -3.000000000000025,
        -1.9999999999999574,
        -3.000000000000025,
        -0.9999999999999787,
        0.0,
        0.0,
        -3.000000000000025,
        -0.9999999999999787,
        0.9999999999999787
    ],
    "jerkCost": 527.0000000000003,
    "jerkCostWeighted": 52.70000000000004,
    "steeringAngle": [
        0.0,
        0.0,
        0.0,
        0.0,
        0.0,
        0.0,
        0.0,
        0.0,
        0.0,
        0.0,
        0.0,
        0.0,
        0.0,
        0.0,
        0.0,
        0.0,
        0.0,
        0.0,
        0.0,
        0.0,
        0.0,
        0.0,
        0.0,
        0.0,
        0.0,
        0.0,
        0.0,
        0.0,
        0.0,
        0.0,
        0.0,
        0.0,
        0.0,
        0.0,
        0.0,
        0.0,
        0.0,
        0.0,
        0.0,
        0.0,
        0.0,
        0.0,
        0.0,
        0.0,
        0.0,
        0.0,
        0.0,
        0.0,
        0.0,
        0.0,
        0.0,
        0.0,
        0.0,
        0.0,
        0.0,
        0.0,
        0.0,
        0.0,
        0.0,
        0.0,
        0.0,
        0.0,
        0.0,
        0.0,
        0.0,
        0.0,
        0.0,
        0.0,
        0.0,
        0.0,
        0.0,
        0.0,
        0.0,
        0.0,
        0.0,
        0.0,
        0.0,
        0.0,
        0.0,
        0.0,
        0.0,
        0.0,
        0.0,
        0.0,
        0.0,
        0.0,
        0.0,
        0.0,
        0.0,
        0.0,
        0.0,
        0.0,
        0.0,
        0.0,
        0.0,
        0.0,
        0.0,
        0.0,
        0.0,
        0.0,
        0.0,
        0.0,
        0.0,
        0.0,
        0.0,
        0.0,
        0.0,
        0.0,
        0.0,
        0.0,
        0.0,
        0.0,
        0.0,
        0.0,
        0.0,
        0.0,
        0.0,
        0.0,
        0.0,
        0.0,
        0.0,
        0.0,
        0.0,
        0.0,
        0.0,
        0.0,
        0.0,
        0.0,
        0.0,
        0.0,
        0.0,
        0.0,
        0.0,
        0.0,
        0.0,
        0.0,
        0.0,
        0.0,
        0.0,
        0.0,
        0.0,
        0.0,
        0.0,
        0.0,
        0.0,
        0.0,
        0.0,
        0.0,
        0.0,
        -1.2000000476837158,
        -1.2000000476837158,
        -1.2000000476837158,
        -1.2000000476837158,
        -1.2000000476837158,
        -1.2000000476837158,
        0.0,
        0.6000000238418579,
        0.0,
        -0.6000000238418579,
        -0.6000000238418579,
        -0.6000000238418579,
        0.0,
        -2.4000000953674316,
        -2.4000000953674316,
        -6.599999904632568,
        -6.599999904632568
    ],
    "steeringAngleCost": 0.03311800563518609,
    "steeringAngleCostWeighted": 0.03311800563518609,
    "steeringRate": [
        0.0,
        0.0,
        0.0,
        0.0,
        0.0,
        0.0,
        0.0,
        0.0,
        0.0,
        0.0,
        0.0,
        0.0,
        0.0,
        0.0,
        0.0,
        0.0,
        0.0,
        0.0,
        0.0,
        0.0,
        0.0,
        0.0,
        0.0,
        0.0,
        0.0,
        0.0,
        0.0,
        0.0,
        0.0,
        0.0,
        0.0,
        0.0,
        0.0,
        0.0,
        0.0,
        0.0,
        0.0,
        0.0,
        0.0,
        0.0,
        0.0,
        0.0,
        0.0,
        0.0,
        0.0,
        0.0,
        0.0,
        0.0,
        0.0,
        0.0,
        0.0,
        0.0,
        0.0,
        0.0,
        0.0,
        0.0,
        0.0,
        0.0,
        0.0,
        0.0,
        0.0,
        0.0,
        0.0,
        0.0,
        0.0,
        0.0,
        0.0,
        0.0,
        0.0,
        0.0,
        0.0,
        0.0,
        0.0,
        0.0,
        0.0,
        0.0,
        0.0,
        0.0,
        0.0,
        0.0,
        0.0,
        0.0,
        0.0,
        0.0,
        0.0,
        0.0,
        0.0,
        0.0,
        0.0,
        0.0,
        0.0,
        0.0,
        0.0,
        0.0,
        0.0,
        0.0,
        0.0,
        0.0,
        0.0,
        0.0,
        0.0,
        0.0,
        0.0,
        0.0,
        0.0,
        0.0,
        0.0,
        0.0,
        0.0,
        0.0,
        0.0,
        0.0,
        0.0,
        0.0,
        0.0,
        0.0,
        0.0,
        0.0,
        0.0,
        0.0,
        0.0,
        0.0,
        0.0,
        0.0,
        0.0,
        0.0,
        0.0,
        0.0,
        0.0,
        0.0,
        0.0,
        0.0,
        0.0,
        0.0,
        0.0,
        0.0,
        0.0,
        0.0,
        0.0,
        0.0,
        0.0,
        0.0,
        0.0,
        0.0,
        0.0,
        0.0,
        0.0,
        0.0,
        -12.000000476837158,
        0.0,
        0.0,
        0.0,
        0.0,
        0.0,
        12.000000476837158,
        6.000000238418579,
        -6.000000238418579,
        -6.000000238418579,
        0.0,
        0.0,
        6.000000238418579,
        -24.000000953674316,
        0.0,
        -41.99999809265137,
        0.0
    ],
    "steeringRateCost": 0.8443994632462697,
    "steeringRateCostWeighted": 0.8443994632462697,
    "yawRate": [
        0.0,
        0.0,
        0.0,
        0.0,
        0.0,
        0.0,
        0.0,
        0.0,
        0.0,
        0.0,
        0.0,
        0.0,
        0.0,
        0.0,
        0.0,
        0.0,
        0.0,
        0.0,
        0.0,
        0.0,
        0.0,
        0.0,
        0.0,
        0.0,
        0.0,
        0.0,
        0.0,
        0.0,
        0.0,
        0.0,
        0.0,
        0.0,
        0.0,
        0.0,
        0.0,
        0.0,
        0.0,
        0.0,
        0.0,
        0.0,
        0.0,
        0.0,
        0.0,
        0.0,
        0.0,
        0.0,
        0.0,
        0.0,
        0.0,
        0.0,
        0.0,
        0.0,
        0.0,
        0.0,
        0.0,
        0.0,
        0.0,
        0.0,
        0.0,
        0.0,
        0.0,
        0.0,
        0.0,
        0.0,
        0.0,
        0.0,
        0.0,
        0.0,
        0.0,
        0.0,
        0.0,
        0.0,
        0.0,
        0.0,
        0.0,
        0.0,
        0.0,
        0.0,
        0.0,
        0.0,
        0.0,
        0.0,
        0.0,
        0.0,
        0.0,
        0.0,
        0.0,
        0.0,
        0.0,
        0.0,
        0.0,
        0.0,
        0.0,
        0.0,
        0.0,
        0.0,
        0.0,
        0.0,
        0.0,
        0.0,
        0.0,
        0.0,
        0.0,
        0.0,
        0.0,
        0.0,
        0.0,
        0.0,
        0.0,
        0.0,
        0.0,
        0.0,
        0.0,
        0.0,
        0.0,
        0.0,
        0.0,
        0.0,
        0.0,
        0.0,
        0.0,
        0.0,
        0.0,
        0.0,
        0.0,
        0.0,
        0.0,
        0.0,
        0.0,
        0.0,
        0.0,
        0.0,
        0.0,
        0.0,
        0.0,
        0.0,
        0.0,
        0.0,
        0.0,
        0.0,
        0.0,
        0.0,
        0.0,
        0.0,
        0.0,
        0.0,
        0.0,
        0.0,
        -0.0442879598729286,
        -0.04548493176138612,
        -0.04668190364984365,
        -0.04787887553830122,
        -0.04907584742675872,
        -0.05004838708613044,
        0.0,
        0.02509625693848872,
        0.0,
        -0.02442303395057098,
        -0.023936817348186,
        -0.02341319946869442,
        0.0,
        -0.0895128496761894,
        -0.08696817000312045,
        -0.2326455942109748,
        -0.22562077165043048
    ],
    "yawRateCost": 0.1363673428993588,
    "yawRateCostWeighted": 0.1363673428993588,
    "distanceToObstaclesCost": 54.89138945282111,
    "distanceToObstaclesCostWeighted": 548.9138945282111,
    "distanceToCenterLinesCost": 61.1842611853548,
    "distanceToCenterLinesCostWeighted": 61.1842611853548,
    "obstacles": [
        [
            {
                "position": [
                    10.0,
                    -5.0
                ],
                "dimension": [
                    3.75,
                    2.1
                ],
                "orientation": 0.0
            }
        ],
        [
            {
                "position": [
                    10.0,
                    -5.0
                ],
                "dimension": [
                    3.75,
                    2.1
                ],
                "orientation": 0.0
            }
        ],
        [
            {
                "position": [
                    10.0,
                    -5.0
                ],
                "dimension": [
                    3.75,
                    2.1
                ],
                "orientation": 0.0
            }
        ],
        [
            {
                "position": [
                    10.0,
                    -5.0
                ],
                "dimension": [
                    3.75,
                    2.1
                ],
                "orientation": 0.0
            }
        ],
        [
            {
                "position": [
                    10.0,
                    -5.0
                ],
                "dimension": [
                    3.75,
                    2.1
                ],
                "orientation": 0.0
            }
        ],
        [
            {
                "position": [
                    10.0,
                    -5.0
                ],
                "dimension": [
                    3.75,
                    2.1
                ],
                "orientation": 0.0
            }
        ],
        [
            {
                "position": [
                    10.0,
                    -5.0
                ],
                "dimension": [
                    3.75,
                    2.1
                ],
                "orientation": 0.0
            }
        ],
        [
            {
                "position": [
                    10.0,
                    -5.0
                ],
                "dimension": [
                    3.75,
                    2.1
                ],
                "orientation": 0.0
            }
        ],
        [
            {
                "position": [
                    10.0,
                    -5.0
                ],
                "dimension": [
                    3.75,
                    2.1
                ],
                "orientation": 0.0
            }
        ],
        [
            {
                "position": [
                    10.0,
                    -5.0
                ],
                "dimension": [
                    3.75,
                    2.1
                ],
                "orientation": 0.0
            }
        ],
        [
            {
                "position": [
                    10.0,
                    -5.0
                ],
                "dimension": [
                    3.75,
                    2.1
                ],
                "orientation": 0.0
            }
        ],
        [
            {
                "position": [
                    10.0,
                    -5.0
                ],
                "dimension": [
                    3.75,
                    2.1
                ],
                "orientation": 0.0
            }
        ],
        [
            {
                "position": [
                    10.0,
                    -5.0
                ],
                "dimension": [
                    3.75,
                    2.1
                ],
                "orientation": 0.0
            }
        ],
        [
            {
                "position": [
                    10.1875,
                    -5.0
                ],
                "dimension": [
                    3.75,
                    2.1
                ],
                "orientation": 0.0
            }
        ],
        [
            {
                "position": [
                    10.375,
                    -5.0
                ],
                "dimension": [
                    3.75,
                    2.1
                ],
                "orientation": 0.0
            }
        ],
        [
            {
                "position": [
                    10.5625,
                    -5.0
                ],
                "dimension": [
                    3.75,
                    2.1
                ],
                "orientation": 0.0
            }
        ],
        [
            {
                "position": [
                    10.75,
                    -5.0
                ],
                "dimension": [
                    3.75,
                    2.1
                ],
                "orientation": 0.0
            }
        ],
        [
            {
                "position": [
                    10.9375,
                    -5.0
                ],
                "dimension": [
                    3.75,
                    2.1
                ],
                "orientation": 0.0
            }
        ],
        [
            {
                "position": [
                    11.125,
                    -5.0
                ],
                "dimension": [
                    3.75,
                    2.1
                ],
                "orientation": 0.0
            }
        ],
        [
            {
                "position": [
                    11.3125,
                    -5.0
                ],
                "dimension": [
                    3.75,
                    2.1
                ],
                "orientation": 0.0
            }
        ],
        [
            {
                "position": [
                    11.5,
                    -5.0
                ],
                "dimension": [
                    3.75,
                    2.1
                ],
                "orientation": 0.0
            }
        ],
        [
            {
                "position": [
                    11.6875,
                    -5.0
                ],
                "dimension": [
                    3.75,
                    2.1
                ],
                "orientation": 0.0
            }
        ],
        [
            {
                "position": [
                    11.875,
                    -5.0
                ],
                "dimension": [
                    3.75,
                    2.1
                ],
                "orientation": 0.0
            }
        ],
        [
            {
                "position": [
                    12.0625,
                    -5.0
                ],
                "dimension": [
                    3.75,
                    2.1
                ],
                "orientation": 0.0
            }
        ],
        [
            {
                "position": [
                    12.25,
                    -5.0
                ],
                "dimension": [
                    3.75,
                    2.1
                ],
                "orientation": 0.0
            }
        ],
        [
            {
                "position": [
                    12.4375,
                    -5.0
                ],
                "dimension": [
                    3.75,
                    2.1
                ],
                "orientation": 0.0
            }
        ],
        [
            {
                "position": [
                    12.625,
                    -5.0
                ],
                "dimension": [
                    3.75,
                    2.1
                ],
                "orientation": 0.0
            }
        ],
        [
            {
                "position": [
                    12.8125,
                    -5.0
                ],
                "dimension": [
                    3.75,
                    2.1
                ],
                "orientation": 0.0
            }
        ],
        [
            {
                "position": [
                    13.0,
                    -5.0
                ],
                "dimension": [
                    3.75,
                    2.1
                ],
                "orientation": 0.0
            }
        ],
        [
            {
                "position": [
                    13.1875,
                    -5.0
                ],
                "dimension": [
                    3.75,
                    2.1
                ],
                "orientation": 0.0
            }
        ],
        [
            {
                "position": [
                    13.375,
                    -5.0
                ],
                "dimension": [
                    3.75,
                    2.1
                ],
                "orientation": 0.0
            }
        ],
        [
            {
                "position": [
                    13.5625,
                    -5.0
                ],
                "dimension": [
                    3.75,
                    2.1
                ],
                "orientation": 0.0
            }
        ],
        [
            {
                "position": [
                    13.75,
                    -5.0
                ],
                "dimension": [
                    3.75,
                    2.1
                ],
                "orientation": 0.0
            }
        ],
        [
            {
                "position": [
                    13.9375,
                    -5.0
                ],
                "dimension": [
                    3.75,
                    2.1
                ],
                "orientation": 0.0
            }
        ],
        [
            {
                "position": [
                    14.125,
                    -5.0
                ],
                "dimension": [
                    3.75,
                    2.1
                ],
                "orientation": 0.0
            }
        ],
        [
            {
                "position": [
                    14.3125,
                    -5.0
                ],
                "dimension": [
                    3.75,
                    2.1
                ],
                "orientation": 0.0
            }
        ],
        [
            {
                "position": [
                    14.5,
                    -5.0
                ],
                "dimension": [
                    3.75,
                    2.1
                ],
                "orientation": 0.0
            }
        ],
        [
            {
                "position": [
                    14.6875,
                    -5.0
                ],
                "dimension": [
                    3.75,
                    2.1
                ],
                "orientation": 0.0
            }
        ],
        [
            {
                "position": [
                    14.875,
                    -5.0
                ],
                "dimension": [
                    3.75,
                    2.1
                ],
                "orientation": 0.0
            }
        ],
        [
            {
                "position": [
                    15.0,
                    -5.0
                ],
                "dimension": [
                    3.75,
                    2.1
                ],
                "orientation": 0.0
            }
        ],
        [
            {
                "position": [
                    15.1875,
                    -5.0
                ],
                "dimension": [
                    3.75,
                    2.1
                ],
                "orientation": 0.0
            }
        ],
        [
            {
                "position": [
                    15.375,
                    -5.0
                ],
                "dimension": [
                    3.75,
                    2.1
                ],
                "orientation": 0.0
            }
        ],
        [
            {
                "position": [
                    15.5625,
                    -5.0
                ],
                "dimension": [
                    3.75,
                    2.1
                ],
                "orientation": 0.0
            }
        ],
        [
            {
                "position": [
                    15.75,
                    -5.0
                ],
                "dimension": [
                    3.75,
                    2.1
                ],
                "orientation": 0.0
            }
        ],
        [
            {
                "position": [
                    15.9375,
                    -5.0
                ],
                "dimension": [
                    3.75,
                    2.1
                ],
                "orientation": 0.0
            }
        ],
        [
            {
                "position": [
                    16.125,
                    -5.0
                ],
                "dimension": [
                    3.75,
                    2.1
                ],
                "orientation": 0.0
            }
        ],
        [
            {
                "position": [
                    16.3125,
                    -5.0
                ],
                "dimension": [
                    3.75,
                    2.1
                ],
                "orientation": 0.0
            }
        ],
        [
            {
                "position": [
                    16.5,
                    -5.0
                ],
                "dimension": [
                    3.75,
                    2.1
                ],
                "orientation": 0.0
            }
        ],
        [
            {
                "position": [
                    16.6875,
                    -5.0
                ],
                "dimension": [
                    3.75,
                    2.1
                ],
                "orientation": 0.0
            }
        ],
        [
            {
                "position": [
                    16.875,
                    -5.0
                ],
                "dimension": [
                    3.75,
                    2.1
                ],
                "orientation": 0.0
            }
        ],
        [
            {
                "position": [
                    17.0625,
                    -5.0
                ],
                "dimension": [
                    3.75,
                    2.1
                ],
                "orientation": 0.0
            }
        ],
        [
            {
                "position": [
                    17.25,
                    -5.0
                ],
                "dimension": [
                    3.75,
                    2.1
                ],
                "orientation": 0.0
            }
        ],
        [
            {
                "position": [
                    17.4375,
                    -5.0
                ],
                "dimension": [
                    3.75,
                    2.1
                ],
                "orientation": 0.0
            }
        ],
        [
            {
                "position": [
                    17.625,
                    -5.0
                ],
                "dimension": [
                    3.75,
                    2.1
                ],
                "orientation": 0.0
            }
        ],
        [
            {
                "position": [
                    17.8125,
                    -5.0
                ],
                "dimension": [
                    3.75,
                    2.1
                ],
                "orientation": 0.0
            }
        ],
        [
            {
                "position": [
                    18.0,
                    -5.0
                ],
                "dimension": [
                    3.75,
                    2.1
                ],
                "orientation": 0.0
            }
        ],
        [
            {
                "position": [
                    18.1875,
                    -5.0
                ],
                "dimension": [
                    3.75,
                    2.1
                ],
                "orientation": 0.0
            }
        ],
        [
            {
                "position": [
                    18.375,
                    -5.0
                ],
                "dimension": [
                    3.75,
                    2.1
                ],
                "orientation": 0.0
            }
        ],
        [
            {
                "position": [
                    18.5625,
                    -5.0
                ],
                "dimension": [
                    3.75,
                    2.1
                ],
                "orientation": 0.0
            }
        ],
        [
            {
                "position": [
                    18.75,
                    -5.0
                ],
                "dimension": [
                    3.75,
                    2.1
                ],
                "orientation": 0.0
            }
        ],
        [
            {
                "position": [
                    18.9375,
                    -5.0
                ],
                "dimension": [
                    3.75,
                    2.1
                ],
                "orientation": 0.0
            }
        ],
        [
            {
                "position": [
                    19.125,
                    -5.0
                ],
                "dimension": [
                    3.75,
                    2.1
                ],
                "orientation": 0.0
            }
        ],
        [
            {
                "position": [
                    19.3125,
                    -5.0
                ],
                "dimension": [
                    3.75,
                    2.1
                ],
                "orientation": 0.0
            }
        ],
        [
            {
                "position": [
                    19.5,
                    -5.0
                ],
                "dimension": [
                    3.75,
                    2.1
                ],
                "orientation": 0.0
            }
        ],
        [
            {
                "position": [
                    19.6875,
                    -5.0
                ],
                "dimension": [
                    3.75,
                    2.1
                ],
                "orientation": 0.0
            }
        ],
        [
            {
                "position": [
                    19.875,
                    -5.0
                ],
                "dimension": [
                    3.75,
                    2.1
                ],
                "orientation": 0.0
            }
        ],
        [
            {
                "position": [
                    20.0,
                    -5.0
                ],
                "dimension": [
                    3.75,
                    2.1
                ],
                "orientation": 0.0
            }
        ],
        [
            {
                "position": [
                    20.2625,
                    -5.0
                ],
                "dimension": [
                    3.75,
                    2.1
                ],
                "orientation": 0.0
            }
        ],
        [
            {
                "position": [
                    20.525,
                    -5.0
                ],
                "dimension": [
                    3.75,
                    2.1
                ],
                "orientation": 0.0
            }
        ],
        [
            {
                "position": [
                    20.7875,
                    -5.0
                ],
                "dimension": [
                    3.75,
                    2.1
                ],
                "orientation": 0.0
            }
        ],
        [
            {
                "position": [
                    21.05,
                    -5.0
                ],
                "dimension": [
                    3.75,
                    2.1
                ],
                "orientation": 0.0
            }
        ],
        [
            {
                "position": [
                    21.3125,
                    -5.0
                ],
                "dimension": [
                    3.75,
                    2.1
                ],
                "orientation": 0.0
            }
        ],
        [
            {
                "position": [
                    21.575,
                    -5.0
                ],
                "dimension": [
                    3.75,
                    2.1
                ],
                "orientation": 0.0
            }
        ],
        [
            {
                "position": [
                    21.8375,
                    -5.0
                ],
                "dimension": [
                    3.75,
                    2.1
                ],
                "orientation": 0.0
            }
        ],
        [
            {
                "position": [
                    22.1,
                    -5.0
                ],
                "dimension": [
                    3.75,
                    2.1
                ],
                "orientation": 0.0
            }
        ],
        [
            {
                "position": [
                    22.3625,
                    -5.0
                ],
                "dimension": [
                    3.75,
                    2.1
                ],
                "orientation": 0.0
            }
        ],
        [
            {
                "position": [
                    22.625,
                    -5.0
                ],
                "dimension": [
                    3.75,
                    2.1
                ],
                "orientation": 0.0
            }
        ],
        [
            {
                "position": [
                    22.8875,
                    -5.0
                ],
                "dimension": [
                    3.75,
                    2.1
                ],
                "orientation": 0.0
            }
        ],
        [
            {
                "position": [
                    23.15,
                    -5.0
                ],
                "dimension": [
                    3.75,
                    2.1
                ],
                "orientation": 0.0
            }
        ],
        [
            {
                "position": [
                    23.4125,
                    -5.0
                ],
                "dimension": [
                    3.75,
                    2.1
                ],
                "orientation": 0.0
            }
        ],
        [
            {
                "position": [
                    23.675,
                    -5.0
                ],
                "dimension": [
                    3.75,
                    2.1
                ],
                "orientation": 0.0
            }
        ],
        [
            {
                "position": [
                    23.9375,
                    -5.0
                ],
                "dimension": [
                    3.75,
                    2.1
                ],
                "orientation": 0.0
            }
        ],
        [
            {
                "position": [
                    24.2,
                    -5.0
                ],
                "dimension": [
                    3.75,
                    2.1
                ],
                "orientation": 0.0
            }
        ],
        [
            {
                "position": [
                    24.4625,
                    -5.0
                ],
                "dimension": [
                    3.75,
                    2.1
                ],
                "orientation": 0.0
            }
        ],
        [
            {
                "position": [
                    24.725,
                    -5.0
                ],
                "dimension": [
                    3.75,
                    2.1
                ],
                "orientation": 0.0
            }
        ],
        [
            {
                "position": [
                    24.9875,
                    -5.0
                ],
                "dimension": [
                    3.75,
                    2.1
                ],
                "orientation": 0.0
            }
        ],
        [
            {
                "position": [
                    25.25,
                    -5.0
                ],
                "dimension": [
                    3.75,
                    2.1
                ],
                "orientation": 0.0
            }
        ],
        [
            {
                "position": [
                    25.5125,
                    -5.0
                ],
                "dimension": [
                    3.75,
                    2.1
                ],
                "orientation": 0.0
            }
        ],
        [
            {
                "position": [
                    25.775,
                    -5.0
                ],
                "dimension": [
                    3.75,
                    2.1
                ],
                "orientation": 0.0
            }
        ],
        [
            {
                "position": [
                    26.0375,
                    -5.0
                ],
                "dimension": [
                    3.75,
                    2.1
                ],
                "orientation": 0.0
            }
        ],
        [
            {
                "position": [
                    26.3,
                    -5.0
                ],
                "dimension": [
                    3.75,
                    2.1
                ],
                "orientation": 0.0
            }
        ],
        [
            {
                "position": [
                    26.5625,
                    -5.0
                ],
                "dimension": [
                    3.75,
                    2.1
                ],
                "orientation": 0.0
            }
        ],
        [
            {
                "position": [
                    26.825,
                    -5.0
                ],
                "dimension": [
                    3.75,
                    2.1
                ],
                "orientation": 0.0
            }
        ],
        [
            {
                "position": [
                    27.0,
                    -5.0
                ],
                "dimension": [
                    3.75,
                    2.1
                ],
                "orientation": 0.0
            }
        ],
        [
            {
                "position": [
                    27.3,
                    -5.0
                ],
                "dimension": [
                    3.75,
                    2.1
                ],
                "orientation": 0.0
            }
        ],
        [
            {
                "position": [
                    27.6,
                    -5.0
                ],
                "dimension": [
                    3.75,
                    2.1
                ],
                "orientation": 0.0
            }
        ],
        [
            {
                "position": [
                    27.9,
                    -5.0
                ],
                "dimension": [
                    3.75,
                    2.1
                ],
                "orientation": 0.0
            }
        ],
        [
            {
                "position": [
                    28.2,
                    -5.0
                ],
                "dimension": [
                    3.75,
                    2.1
                ],
                "orientation": 0.0
            }
        ],
        [
            {
                "position": [
                    28.5,
                    -5.0
                ],
                "dimension": [
                    3.75,
                    2.1
                ],
                "orientation": 0.0
            }
        ],
        [
            {
                "position": [
                    28.8,
                    -5.0
                ],
                "dimension": [
                    3.75,
                    2.1
                ],
                "orientation": 0.0
            }
        ],
        [
            {
                "position": [
                    29.1,
                    -5.0
                ],
                "dimension": [
                    3.75,
                    2.1
                ],
                "orientation": 0.0
            }
        ],
        [
            {
                "position": [
                    29.4,
                    -5.0
                ],
                "dimension": [
                    3.75,
                    2.1
                ],
                "orientation": 0.0
            }
        ],
        [
            {
                "position": [
                    29.7,
                    -5.0
                ],
                "dimension": [
                    3.75,
                    2.1
                ],
                "orientation": 0.0
            }
        ],
        [
            {
                "position": [
                    30.0,
                    -5.0
                ],
                "dimension": [
                    3.75,
                    2.1
                ],
                "orientation": 0.0
            }
        ],
        [
            {
                "position": [
                    30.3,
                    -5.0
                ],
                "dimension": [
                    3.75,
                    2.1
                ],
                "orientation": 0.0
            }
        ],
        [
            {
                "position": [
                    30.6,
                    -5.0
                ],
                "dimension": [
                    3.75,
                    2.1
                ],
                "orientation": 0.0
            }
        ],
        [
            {
                "position": [
                    30.9,
                    -5.0
                ],
                "dimension": [
                    3.75,
                    2.1
                ],
                "orientation": 0.0
            }
        ],
        [
            {
                "position": [
                    31.2,
                    -5.0
                ],
                "dimension": [
                    3.75,
                    2.1
                ],
                "orientation": 0.0
            }
        ],
        [
            {
                "position": [
                    31.5,
                    -5.0
                ],
                "dimension": [
                    3.75,
                    2.1
                ],
                "orientation": 0.0
            }
        ],
        [
            {
                "position": [
                    31.8,
                    -5.0
                ],
                "dimension": [
                    3.75,
                    2.1
                ],
                "orientation": 0.0
            }
        ],
        [
            {
                "position": [
                    32.1,
                    -5.0
                ],
                "dimension": [
                    3.75,
                    2.1
                ],
                "orientation": 0.0
            }
        ],
        [
            {
                "position": [
                    32.4,
                    -5.0
                ],
                "dimension": [
                    3.75,
                    2.1
                ],
                "orientation": 0.0
            }
        ],
        [
            {
                "position": [
                    32.7,
                    -5.0
                ],
                "dimension": [
                    3.75,
                    2.1
                ],
                "orientation": 0.0
            }
        ],
        [
            {
                "position": [
                    33.0,
                    -5.0
                ],
                "dimension": [
                    3.75,
                    2.1
                ],
                "orientation": 0.0
            }
        ],
        [
            {
                "position": [
                    33.3,
                    -5.0
                ],
                "dimension": [
                    3.75,
                    2.1
                ],
                "orientation": 0.0
            }
        ],
        [
            {
                "position": [
                    33.6,
                    -5.0
                ],
                "dimension": [
                    3.75,
                    2.1
                ],
                "orientation": 0.0
            }
        ],
        [
            {
                "position": [
                    33.9,
                    -5.0
                ],
                "dimension": [
                    3.75,
                    2.1
                ],
                "orientation": 0.0
            }
        ],
        [
            {
                "position": [
                    34.2,
                    -5.0
                ],
                "dimension": [
                    3.75,
                    2.1
                ],
                "orientation": 0.0
            }
        ],
        [
            {
                "position": [
                    34.5,
                    -5.0
                ],
                "dimension": [
                    3.75,
                    2.1
                ],
                "orientation": 0.0
            }
        ],
        [
            {
                "position": [
                    34.8,
                    -5.0
                ],
                "dimension": [
                    3.75,
                    2.1
                ],
                "orientation": 0.0
            }
        ],
        [
            {
                "position": [
                    35.0,
                    -5.0
                ],
                "dimension": [
                    3.75,
                    2.1
                ],
                "orientation": 0.0
            }
        ],
        [
            {
                "position": [
                    35.5625,
                    -5.0
                ],
                "dimension": [
                    3.75,
                    2.1
                ],
                "orientation": 0.0
            }
        ],
        [
            {
                "position": [
                    36.125,
                    -5.0
                ],
                "dimension": [
                    3.75,
                    2.1
                ],
                "orientation": 0.0
            }
        ],
        [
            {
                "position": [
                    36.6875,
                    -5.0
                ],
                "dimension": [
                    3.75,
                    2.1
                ],
                "orientation": 0.0
            }
        ],
        [
            {
                "position": [
                    37.25,
                    -5.0
                ],
                "dimension": [
                    3.75,
                    2.1
                ],
                "orientation": 0.0
            }
        ],
        [
            {
                "position": [
                    37.8125,
                    -5.0
                ],
                "dimension": [
                    3.75,
                    2.1
                ],
                "orientation": 0.0
            }
        ],
        [
            {
                "position": [
                    38.375,
                    -5.0
                ],
                "dimension": [
                    3.75,
                    2.1
                ],
                "orientation": 0.0
            }
        ],
        [
            {
                "position": [
                    38.9375,
                    -5.0
                ],
                "dimension": [
                    3.75,
                    2.1
                ],
                "orientation": 0.0
            }
        ],
        [
            {
                "position": [
                    39.5,
                    -5.0
                ],
                "dimension": [
                    3.75,
                    2.1
                ],
                "orientation": 0.0
            }
        ],
        [
            {
                "position": [
                    40.0625,
                    -5.0
                ],
                "dimension": [
                    3.75,
                    2.1
                ],
                "orientation": 0.0
            }
        ],
        [
            {
                "position": [
                    40.625,
                    -5.0
                ],
                "dimension": [
                    3.75,
                    2.1
                ],
                "orientation": 0.0
            }
        ],
        [
            {
                "position": [
                    41.1875,
                    -5.0
                ],
                "dimension": [
                    3.75,
                    2.1
                ],
                "orientation": 0.0
            }
        ],
        [
            {
                "position": [
                    41.75,
                    -5.0
                ],
                "dimension": [
                    3.75,
                    2.1
                ],
                "orientation": 0.0
            }
        ],
        [
            {
                "position": [
                    42.3125,
                    -5.0
                ],
                "dimension": [
                    3.75,
                    2.1
                ],
                "orientation": 0.0
            }
        ],
        [
            {
                "position": [
                    42.875,
                    -5.0
                ],
                "dimension": [
                    3.75,
                    2.1
                ],
                "orientation": 0.0
            }
        ],
        [
            {
                "position": [
                    43.4375,
                    -5.0
                ],
                "dimension": [
                    3.75,
                    2.1
                ],
                "orientation": 0.0
            }
        ],
        [
            {
                "position": [
                    44.0,
                    -5.0
                ],
                "dimension": [
                    3.75,
                    2.1
                ],
                "orientation": 0.0
            }
        ],
        [
            {
                "position": [
                    44.5625,
                    -5.0
                ],
                "dimension": [
                    3.75,
                    2.1
                ],
                "orientation": 0.0
            }
        ],
        [
            {
                "position": [
                    45.125,
                    -5.0
                ],
                "dimension": [
                    3.75,
                    2.1
                ],
                "orientation": 0.0
            }
        ],
        [
            {
                "position": [
                    45.6875,
                    -5.0
                ],
                "dimension": [
                    3.75,
                    2.1
                ],
                "orientation": 0.0
            }
        ],
        [
            {
                "position": [
                    46.25,
                    -5.0
                ],
                "dimension": [
                    3.75,
                    2.1
                ],
                "orientation": 0.0
            }
        ],
        [
            {
                "position": [
                    46.8125,
                    -5.0
                ],
                "dimension": [
                    3.75,
                    2.1
                ],
                "orientation": 0.0
            }
        ],
        [
            {
                "position": [
                    47.375,
                    -5.0
                ],
                "dimension": [
                    3.75,
                    2.1
                ],
                "orientation": 0.0
            }
        ],
        [
            {
                "position": [
                    47.9375,
                    -5.0
                ],
                "dimension": [
                    3.75,
                    2.1
                ],
                "orientation": 0.0
            }
        ],
        [
            {
                "position": [
                    48.5,
                    -5.0
                ],
                "dimension": [
                    3.75,
                    2.1
                ],
                "orientation": 0.0
            }
        ],
        [
            {
                "position": [
                    49.0625,
                    -5.0
                ],
                "dimension": [
                    3.75,
                    2.1
                ],
                "orientation": 0.0
            }
        ],
        [
            {
                "position": [
                    49.625,
                    -5.0
                ],
                "dimension": [
                    3.75,
                    2.1
                ],
                "orientation": 0.0
            }
        ],
        [
            {
                "position": [
                    49.625,
                    -5.0
                ],
                "dimension": [
                    3.75,
                    2.1
                ],
                "orientation": 0.0
            }
        ],
        [
            {
                "position": [
                    49.625,
                    -5.0
                ],
                "dimension": [
                    3.75,
                    2.1
                ],
                "orientation": 0.0
            }
        ],
        [
            {
                "position": [
                    49.625,
                    -5.0
                ],
                "dimension": [
                    3.75,
                    2.1
                ],
                "orientation": 0.0
            }
        ],
        [
            {
                "position": [
                    49.625,
                    -5.0
                ],
                "dimension": [
                    3.75,
                    2.1
                ],
                "orientation": 0.0
            }
        ],
        [
            {
                "position": [
                    49.625,
                    -5.0
                ],
                "dimension": [
                    3.75,
                    2.1
                ],
                "orientation": 0.0
            }
        ],
        [
            {
                "position": [
                    49.625,
                    -5.0
                ],
                "dimension": [
                    3.75,
                    2.1
                ],
                "orientation": 0.0
            }
        ],
        [
            {
                "position": [
                    49.625,
                    -5.0
                ],
                "dimension": [
                    3.75,
                    2.1
                ],
                "orientation": 0.0
            }
        ],
        [
            {
                "position": [
                    49.625,
                    -5.0
                ],
                "dimension": [
                    3.75,
                    2.1
                ],
                "orientation": 0.0
            }
        ],
        [
            {
                "position": [
                    49.625,
                    -5.0
                ],
                "dimension": [
                    3.75,
                    2.1
                ],
                "orientation": 0.0
            }
        ],
        [
            {
                "position": [
                    49.625,
                    -5.0
                ],
                "dimension": [
                    3.75,
                    2.1
                ],
                "orientation": 0.0
            }
        ],
        [
            {
                "position": [
                    49.625,
                    -5.0
                ],
                "dimension": [
                    3.75,
                    2.1
                ],
                "orientation": 0.0
            }
        ],
        [
            {
                "position": [
                    49.625,
                    -5.0
                ],
                "dimension": [
                    3.75,
                    2.1
                ],
                "orientation": 0.0
            }
        ],
        [
            {
                "position": [
                    49.625,
                    -5.0
                ],
                "dimension": [
                    3.75,
                    2.1
                ],
                "orientation": 0.0
            }
        ],
        [
            {
                "position": [
                    49.625,
                    -5.0
                ],
                "dimension": [
                    3.75,
                    2.1
                ],
                "orientation": 0.0
            }
        ],
        [
            {
                "position": [
                    49.625,
                    -5.0
                ],
                "dimension": [
                    3.75,
                    2.1
                ],
                "orientation": 0.0
            }
        ],
        [
            {
                "position": [
                    49.625,
                    -5.0
                ],
                "dimension": [
                    3.75,
                    2.1
                ],
                "orientation": 0.0
            }
        ],
        [
            {
                "position": [
                    49.625,
                    -5.0
                ],
                "dimension": [
                    3.75,
                    2.1
                ],
                "orientation": 0.0
            }
        ],
        [
            {
                "position": [
                    49.625,
                    -5.0
                ],
                "dimension": [
                    3.75,
                    2.1
                ],
                "orientation": 0.0
            }
        ],
        [
            {
                "position": [
                    49.625,
                    -5.0
                ],
                "dimension": [
                    3.75,
                    2.1
                ],
                "orientation": 0.0
            }
        ]
    ],
    "costSum": 921.5385354499571,
    "costSumWeighted": 941.2610405253467
}