{
    "name": "",
    "pathLength": 39.77199999999991,
    "pathLengthWeighted": 39.77199999999991,
    "time": 14.899999999999963,
    "timeWeighted": 14.899999999999963,
    "collision": 1.0,
    "collisionWeighted": 10000.0,
    "stopTrigger": 0.0,
    "stopTriggerWeighted": 0.0,
    "dimension": [
        5.0,
        2.0
    ],
    "timeSteps": [
        0.0,
        0.1,
        0.2,
        0.30000000000000004,
        0.4,
        0.5,
        0.6000000000000001,
        0.7000000000000001,
        0.8,
        0.9,
        1.0,
        1.1,
        1.2000000000000002,
        1.3,
        1.4000000000000001,
        1.5,
        1.6,
        1.7000000000000002,
        1.8,
        1.9000000000000001,
        2.0,
        2.1,
        2.2,
        2.3000000000000003,
        2.4000000000000004,
        2.5,
        2.6,
        2.7,
        2.8000000000000003,
        2.9000000000000004,
        3.0,
        3.1,
        3.2,
        3.3000000000000003,
        3.4000000000000004,
        3.5,
        3.6,
        3.7,
        3.8000000000000003,
        3.9000000000000004,
        4.0,
        4.1000000000000005,
        4.2,
        4.3,
        4.4,
        4.5,
        4.6000000000000005,
        4.7,
        4.800000000000001,
        4.9,
        5.0,
        5.1000000000000005,
        5.2,
        5.300000000000001,
        5.4,
        5.5,
        5.6000000000000005,
        5.7,
        5.800000000000001,
        5.9,
        6.0,
        6.1000000000000005,
        6.2,
        6.300000000000001,
        6.4,
        6.5,
        6.6000000000000005,
        6.7,
        6.800000000000001,
        6.9,
        7.0,
        7.1000000000000005,
        7.2,
        7.300000000000001,
        7.4,
        7.5,
        7.6000000000000005,
        7.7,
        7.800000000000001,
        7.9,
        8.0,
        8.1,
        8.200000000000001,
        8.3,
        8.4,
        8.5,
        8.6,
        8.700000000000001,
        8.8,
        8.9,
        9.0,
        9.1,
        9.200000000000001,
        9.3,
        9.4,
        9.5,
        9.600000000000001,
        9.700000000000001,
        9.8,
        9.9,
        10.0,
        10.100000000000001,
        10.200000000000001,
        10.3,
        10.4,
        10.5,
        10.600000000000001,
        10.700000000000001,
        10.8,
        10.9,
        11.0,
        11.100000000000001,
        11.200000000000001,
        11.3,
        11.4,
        11.5,
        11.600000000000001,
        11.700000000000001,
        11.8,
        11.9,
        12.0,
        12.100000000000001,
        12.200000000000001,
        12.3,
        12.4,
        12.5,
        12.600000000000001,
        12.700000000000001,
        12.8,
        12.9,
        13.0,
        13.100000000000001,
        13.200000000000001,
        13.3,
        13.4,
        13.5,
        13.600000000000001,
        13.700000000000001,
        13.8,
        13.9,
        14.0,
        14.100000000000001,
        14.200000000000001,
        14.3,
        14.4,
        14.5,
        14.600000000000001,
        14.700000000000001,
        14.8
    ],
    "position": [
        [
            0.0,
            -5.0
        ],
        [
            0.0,
            -5.0
        ],
        [
            0.0,
            -5.0
        ],
        [
            0.0,
            -5.0
        ],
        [
            0.0,
            -5.0
        ],
        [
            0.0,
            -5.0
        ],
        [
            0.0,
            -5.0
        ],
        [
            0.0,
            -5.0
        ],
        [
            0.0,
            -5.0
        ],
        [
            0.0,
            -5.0
        ],
        [
            0.012,
            -5.0
        ],
        [
            0.04100000000000001,
            -5.0
        ],
        [
            0.09000000000000002,
            -5.0
        ],
        [
            0.16100000000000003,
            -5.0
        ],
        [
            0.25600000000000006,
            -5.0
        ],
        [
            0.3760000000000001,
            -5.0
        ],
        [
            0.5190000000000001,
            -5.0
        ],
        [
            0.6820000000000002,
            -5.0
        ],
        [
            0.8630000000000002,
            -5.0
        ],
        [
            1.0610000000000002,
            -5.0
        ],
        [
            1.2740000000000002,
            -5.0
        ],
        [
            1.5010000000000003,
            -5.0
        ],
        [
            1.7400000000000004,
            -5.0
        ],
        [
            1.9900000000000004,
            -5.0
        ],
        [
            2.2500000000000004,
            -5.0
        ],
        [
            2.5190000000000006,
            -5.0
        ],
        [
            2.7960000000000007,
            -5.0
        ],
        [
            3.0800000000000005,
            -5.0
        ],
        [
            3.3700000000000006,
            -5.0
        ],
        [
            3.6660000000000004,
            -5.0
        ],
        [
            3.9670000000000005,
            -5.0
        ],
        [
            4.273000000000001,
            -5.0
        ],
        [
            4.579000000000001,
            -5.0
        ],
        [
            4.885000000000001,
            -5.0
        ],
        [
            5.191000000000001,
            -5.0
        ],
        [
            5.497000000000001,
            -5.0
        ],
        [
            5.803000000000001,
            -5.0
        ],
        [
            6.109000000000001,
            -5.0
        ],
        [
            6.415000000000001,
            -5.0
        ],
        [
            6.721000000000001,
            -5.0
        ],
        [
            7.027000000000001,
            -5.0
        ],
        [
            7.333000000000001,
            -5.0
        ],
        [
            7.639000000000001,
            -5.0
        ],
        [
            7.945000000000001,
            -5.0
        ],
        [
            8.251000000000001,
            -5.0
        ],
        [
            8.557,
            -5.0
        ],
        [
            8.863,
            -5.0
        ],
        [
            9.168999999999999,
            -5.0
        ],
        [
            9.474999999999998,
            -5.0
        ],
        [
            9.780999999999997,
            -5.0
        ],
        [
            10.086999999999996,
            -5.0
        ],
        [
            10.392999999999995,
            -5.0
        ],
        [
            10.698999999999995,
            -5.0
        ],
        [
            11.004999999999994,
            -5.0
        ],
        [
            11.310999999999993,
            -5.0
        ],
        [
            11.616999999999992,
            -5.0
        ],
        [
            11.922999999999991,
            -5.0
        ],
        [
            12.22899999999999,
            -5.0
        ],
        [
            12.53499999999999,
            -5.0
        ],
        [
            12.840999999999989,
            -5.0
        ],
        [
            13.146999999999988,
            -5.0
        ],
        [
            13.452999999999987,
            -5.0
        ],
        [
            13.758999999999986,
            -5.0
        ],
        [
            14.064999999999985,
            -5.0
        ],
        [
            14.370999999999984,
            -5.0
        ],
        [
            14.676999999999984,
            -5.0
        ],
        [
            14.981999999999983,
            -5.0
        ],
        [
            15.285999999999984,
            -5.0
        ],
        [
            15.589999999999984,
            -5.0
        ],
        [
            15.893999999999984,
            -5.0
        ],
        [
            16.197999999999983,
            -5.0
        ],
        [
            16.50199999999998,
            -5.0
        ],
        [
            16.80599999999998,
            -5.0
        ],
        [
            17.109999999999978,
            -5.0
        ],
        [
            17.413999999999977,
            -5.0
        ],
        [
            17.717999999999975,
            -5.0
        ],
        [
            18.021999999999974,
            -5.0
        ],
        [
            18.325999999999972,
            -5.0
        ],
        [
            18.62999999999997,
            -5.0
        ],
        [
            18.93399999999997,
            -5.0
        ],
        [
            19.237999999999968,
            -5.0
        ],
        [
            19.541999999999966,
            -5.0
        ],
        [
            19.845999999999965,
            -5.0
        ],
        [
            20.149999999999963,
            -5.0
        ],
        [
            20.45399999999996,
            -5.0
        ],
        [
            20.75799999999996,
            -5.0
        ],
        [
            21.06199999999996,
            -5.0
        ],
        [
            21.365999999999957,
            -5.0
        ],
        [
            21.669999999999956,
            -5.0
        ],
        [
            21.973999999999954,
            -5.0
        ],
        [
            22.276999999999955,
            -5.0
        ],
        [
            22.578999999999954,
            -5.0
        ],
        [
            22.880999999999954,
            -5.0
        ],
        [
            23.182999999999954,
            -5.0
        ],
        [
            23.484999999999953,
            -5.0
        ],
        [
            23.786999999999953,
            -5.0
        ],
        [
            24.088999999999952,
            -5.0
        ],
        [
            24.390999999999952,
            -5.0
        ],
        [
            24.69299999999995,
            -5.0
        ],
        [
            24.99499999999995,
            -5.0
        ],
        [
            25.29699999999995,
            -5.0
        ],
        [
            25.59899999999995,
            -5.0
        ],
        [
            25.90099999999995,
            -5.0
        ],
        [
            26.20299999999995,
            -5.0
        ],
        [
            26.50499999999995,
            -5.0
        ],
        [
            26.80699999999995,
            -5.0
        ],
        [
            27.10899999999995,
            -5.0
        ],
        [
            27.410999999999948,
            -5.0
        ],
        [
            27.712999999999948,
            -5.0
        ],
        [
            28.014999999999947,
            -5.0
        ],
        [
            28.316999999999947,
            -5.0
        ],
        [
            28.618999658648427,
            -5.00045406629614
        ],
        [
            28.9209986117733,
            -5.001249246452255
        ],
        [
            29.22299647408066,
            -5.002385539453845
        ],
        [
            29.52499286027799,
            -5.003862943851213
        ],
        [
            29.82698738507466,
            -5.005681457759469
        ],
        [
            30.12897966318241,
            -5.00784107885853
        ],
        [
            30.43096930931585,
            -5.010341804393128
        ],
        [
            30.732955938192948,
            -5.013183631172804
        ],
        [
            31.03493916453552,
            -5.016366555571924
        ],
        [
            31.33692356021092,
            -5.019436534165122
        ],
        [
            31.63890795588632,
            -5.022506512758319
        ],
        [
            31.940892351561722,
            -5.025576491351517
        ],
        [
            32.242876747237126,
            -5.028646469944714
        ],
        [
            32.54486114291253,
            -5.031716448537912
        ],
        [
            32.846845538587935,
            -5.03478642713111
        ],
        [
            33.14882993426334,
            -5.037856405724307
        ],
        [
            33.450814329938744,
            -5.040926384317505
        ],
        [
            33.75279872561415,
            -5.043996362910702
        ],
        [
            34.05478312128955,
            -5.0470663415039
        ],
        [
            34.35676751696496,
            -5.0501363200970975
        ],
        [
            34.65875191264036,
            -5.053206298690295
        ],
        [
            34.96073630831577,
            -5.056276277283493
        ],
        [
            35.26272070399117,
            -5.05934625587669
        ],
        [
            35.564705099666575,
            -5.062416234469888
        ],
        [
            35.86668949534198,
            -5.065486213063085
        ],
        [
            36.16865696579842,
            -5.069918682593705
        ],
        [
            36.47060767757519,
            -5.075374657071358
        ],
        [
            36.77153846420749,
            -5.081829241245768
        ],
        [
            37.07148529723183,
            -5.087477015910747
        ],
        [
            37.37143827846239,
            -5.09278823525258
        ],
        [
            37.67139703026742,
            -5.097762892584601
        ],
        [
            37.971361175007885,
            -5.102400981643869
        ],
        [
            38.27133033503797,
            -5.106702496591167
        ],
        [
            38.57130413270556,
            -5.110667432011018
        ],
        [
            38.87128219035269,
            -5.1142957829116895
        ],
        [
            39.17126413031602,
            -5.117587544725196
        ],
        [
            39.47124957492734,
            -5.120542713307308
        ],
        [
            39.77111762833461,
            -5.111646054061352
        ]
    ],
    "orientation": [
        0.0,
        0.0,
        0.0,
        0.0,
        0.0,
        0.0,
        0.0,
        0.0,
        0.0,
        0.0,
        0.0,
        0.0,
        0.0,
        0.0,
        0.0,
        0.0,
        0.0,
        0.0,
        0.0,
        0.0,
        0.0,
        0.0,
        0.0,
        0.0,
        0.0,
        0.0,
        0.0,
        0.0,
        0.0,
        0.0,
        0.0,
        0.0,
        0.0,
        0.0,
        0.0,
        0.0,
        0.0,
        0.0,
        0.0,
        0.0,
        0.0,
        0.0,
        0.0,
        0.0,
        0.0,
        0.0,
        0.0,
        0.0,
        0.0,
        0.0,
        0.0,
        0.0,
        0.0,
        0.0,
        0.0,
        0.0,
        0.0,
        0.0,
        0.0,
        0.0,
        0.0,
        0.0,
        0.0,
        0.0,
        0.0,
        0.0,
        0.0,
        0.0,
        0.0,
        0.0,
        0.0,
        0.0,
        0.0,
        0.0,
        0.0,
        0.0,
        0.0,
        0.0,
        0.0,
        0.0,
        0.0,
        0.0,
        0.0,
        0.0,
        0.0,
        0.0,
        0.0,
        0.0,
        0.0,
        0.0,
        0.0,
        0.0,
        0.0,
        0.0,
        0.0,
        0.0,
        0.0,
        0.0,
        0.0,
        0.0,
        0.0,
        0.0,
        0.0,
        0.0,
        0.0,
        0.0,
        0.0,
        0.0,
        0.0,
        0.0,
        0.0,
        -0.001129518568617524,
        -0.002259037137235048,
        -0.003388555705852572,
        -0.004518074274470096,
        -0.0056475928430876204,
        -0.006777111411705144,
        -0.007906629980322669,
        -0.009036148548940193,
        -0.010165667117557719,
        -0.010165667117557719,
        -0.010165667117557719,
        -0.010165667117557719,
        -0.010165667117557719,
        -0.010165667117557719,
        -0.010165667117557719,
        -0.010165667117557719,
        -0.010165667117557719,
        -0.010165667117557719,
        -0.010165667117557719,
        -0.010165667117557719,
        -0.010165667117557719,
        -0.010165667117557719,
        -0.010165667117557719,
        -0.010165667117557719,
        -0.010165667117557719,
        -0.013555212248746026,
        -0.01694475737993434,
        -0.020323078851747847,
        -0.019201040538551636,
        -0.018079002225355426,
        -0.016956963912159208,
        -0.01583492559896299,
        -0.014712887285766772,
        -0.01359084897257056,
        -0.012468810659374344,
        -0.011346772346178128,
        -0.01022473403298191,
        0.01968860204358533
    ],
    "velocity": [
        0.0,
        0.0,
        0.0,
        0.0,
        0.0,
        0.0,
        0.0,
        0.0,
        0.0,
        0.0,
        0.12,
        0.29000000000000004,
        0.49000000000000005,
        0.7100000000000001,
        0.9500000000000001,
        1.2000000000000002,
        1.4300000000000002,
        1.6300000000000001,
        1.81,
        1.98,
        2.13,
        2.27,
        2.39,
        2.5,
        2.6,
        2.69,
        2.77,
        2.84,
        2.9,
        2.96,
        3.01,
        3.0599999999999996,
        3.0599999999999996,
        3.0599999999999996,
        3.0599999999999996,
        3.0599999999999996,
        3.0599999999999996,
        3.0599999999999996,
        3.0599999999999996,
        3.0599999999999996,
        3.0599999999999996,
        3.0599999999999996,
        3.0599999999999996,
        3.0599999999999996,
        3.0599999999999996,
        3.0599999999999996,
        3.0599999999999996,
        3.0599999999999996,
        3.0599999999999996,
        3.0599999999999996,
        3.0599999999999996,
        3.0599999999999996,
        3.0599999999999996,
        3.0599999999999996,
        3.0599999999999996,
        3.0599999999999996,
        3.0599999999999996,
        3.0599999999999996,
        3.0599999999999996,
        3.0599999999999996,
        3.0599999999999996,
        3.0599999999999996,
        3.0599999999999996,
        3.0599999999999996,
        3.0599999999999996,
        3.0599999999999996,
        3.05,
        3.04,
        3.04,
        3.04,
        3.04,
        3.04,
        3.04,
        3.04,
        3.04,
        3.04,
        3.04,
        3.04,
        3.04,
        3.04,
        3.04,
        3.04,
        3.04,
        3.04,
        3.04,
        3.04,
        3.04,
        3.04,
        3.04,
        3.04,
        3.0300000000000002,
        3.0200000000000005,
        3.0200000000000005,
        3.0200000000000005,
        3.0200000000000005,
        3.0200000000000005,
        3.0200000000000005,
        3.0200000000000005,
        3.0200000000000005,
        3.0200000000000005,
        3.0200000000000005,
        3.0200000000000005,
        3.0200000000000005,
        3.0200000000000005,
        3.0200000000000005,
        3.0200000000000005,
        3.0200000000000005,
        3.0200000000000005,
        3.0200000000000005,
        3.0200000000000005,
        3.0200000000000005,
        3.0200000000000005,
        3.0200000000000005,
        3.0200000000000005,
        3.0200000000000005,
        3.0200000000000005,
        3.0200000000000005,
        3.0200000000000005,
        3.0200000000000005,
        3.0200000000000005,
        3.0200000000000005,
        3.0200000000000005,
        3.0200000000000005,
        3.0200000000000005,
        3.0200000000000005,
        3.0200000000000005,
        3.0200000000000005,
        3.0200000000000005,
        3.0200000000000005,
        3.0200000000000005,
        3.0200000000000005,
        3.0200000000000005,
        3.0200000000000005,
        3.0200000000000005,
        3.0200000000000005,
        3.0200000000000005,
        3.0200000000000005,
        3.0200000000000005,
        3.0100000000000007,
        3.000000000000001,
        3.000000000000001,
        3.000000000000001,
        3.000000000000001,
        3.000000000000001,
        3.000000000000001,
        3.000000000000001,
        3.000000000000001,
        3.000000000000001,
        3.000000000000001
    ],
    "acceleration": [
        0.0,
        0.0,
        0.0,
        0.0,
        0.0,
        0.0,
        0.0,
        0.0,
        0.0,
        1.2,
        1.7000000000000004,
        2.0,
        2.2,
        2.4,
        2.500000000000001,
        2.3,
        1.9999999999999996,
        1.7999999999999994,
        1.6999999999999993,
        1.4999999999999991,
        1.4000000000000012,
        1.200000000000001,
        1.0999999999999988,
        1.0000000000000009,
        0.8999999999999986,
        0.8000000000000007,
        0.6999999999999984,
        0.6000000000000005,
        0.6000000000000005,
        0.4999999999999982,
        0.4999999999999982,
        0.0,
        0.0,
        0.0,
        0.0,
        0.0,
        0.0,
        0.0,
        0.0,
        0.0,
        0.0,
        0.0,
        0.0,
        0.0,
        0.0,
        0.0,
        0.0,
        0.0,
        0.0,
        0.0,
        0.0,
        0.0,
        0.0,
        0.0,
        0.0,
        0.0,
        0.0,
        0.0,
        0.0,
        0.0,
        0.0,
        0.0,
        0.0,
        0.0,
        0.0,
        -0.09999999999999787,
        -0.09999999999999787,
        0.0,
        0.0,
        0.0,
        0.0,
        0.0,
        0.0,
        0.0,
        0.0,
        0.0,
        0.0,
        0.0,
        0.0,
        0.0,
        0.0,
        0.0,
        0.0,
        0.0,
        0.0,
        0.0,
        0.0,
        0.0,
        0.0,
        -0.09999999999999787,
        -0.09999999999999787,
        0.0,
        0.0,
        0.0,
        0.0,
        0.0,
        0.0,
        0.0,
        0.0,
        0.0,
        0.0,
        0.0,
        0.0,
        0.0,
        0.0,
        0.0,
        0.0,
        0.0,
        0.0,
        0.0,
        0.0,
        0.0,
        0.0,
        0.0,
        0.0,
        0.0,
        0.0,
        0.0,
        0.0,
        0.0,
        0.0,
        0.0,
        0.0,
        0.0,
        0.0,
        0.0,
        0.0,
        0.0,
        0.0,
        0.0,
        0.0,
        0.0,
        0.0,
        0.0,
        0.0,
        0.0,
        0.0,
        -0.09999999999999787,
        -0.09999999999999787,
        0.0,
        0.0,
        0.0,
        0.0,
        0.0,
        0.0,
        0.0,
        0.0,
        0.0
    ],
    "accelerationCost": 51.67999999999997,
    "accelerationCostWeighted": 51.67999999999997,
    "jerk": [
        0.0,
        0.0,
        0.0,
        0.0,
        0.0,
        0.0,
        0.0,
        0.0,
        11.999999999999998,
        5.000000000000004,
        2.999999999999996,
        2.0000000000000018,
        1.9999999999999973,
        1.0000000000000098,
        -2.0000000000000107,
        -3.0000000000000027,
        -2.0000000000000018,
        -1.0000000000000009,
        -2.0000000000000018,
        -0.9999999999999787,
        -2.0000000000000018,
        -1.000000000000023,
        -0.9999999999999787,
        -1.000000000000023,
        -0.9999999999999787,
        -1.000000000000023,
        -0.9999999999999787,
        0.0,
        -1.000000000000023,
        0.0,
        -4.999999999999982,
        0.0,
        0.0,
        0.0,
        0.0,
        0.0,
        0.0,
        0.0,
        0.0,
        0.0,
        0.0,
        0.0,
        0.0,
        0.0,
        0.0,
        0.0,
        0.0,
        0.0,
        0.0,
        0.0,
        0.0,
        0.0,
        0.0,
        0.0,
        0.0,
        0.0,
        0.0,
        0.0,
        0.0,
        0.0,
        0.0,
        0.0,
        0.0,
        0.0,
        -0.9999999999999787,
        0.0,
        0.9999999999999787,
        0.0,
        0.0,
        0.0,
        0.0,
        0.0,
        0.0,
        0.0,
        0.0,
        0.0,
        0.0,
        0.0,
        0.0,
        0.0,
        0.0,
        0.0,
        0.0,
        0.0,
        0.0,
        0.0,
        0.0,
        0.0,
        -0.9999999999999787,
        0.0,
        0.9999999999999787,
        0.0,
        0.0,
        0.0,
        0.0,
        0.0,
        0.0,
        0.0,
        0.0,
        0.0,
        0.0,
        0.0,
        0.0,
        0.0,
        0.0,
        0.0,
        0.0,
        0.0,
        0.0,
        0.0,
        0.0,
        0.0,
        0.0,
        0.0,
        0.0,
        0.0,
        0.0,
        0.0,
        0.0,
        0.0,
        0.0,
        0.0,
        0.0,
        0.0,
        0.0,
        0.0,
        0.0,
        0.0,
        0.0,
        0.0,
        0.0,
        0.0,
        0.0,
        0.0,
        0.0,
        0.0,
        -0.9999999999999787,
        0.0,
        0.9999999999999787,
        0.0,
        0.0,
        0.0,
        0.0,
        0.0,
        0.0,
        0.0,
        0.0
    ],
    "jerkCost": 251.9999999999996,
    "jerkCostWeighted": 25.19999999999996,
    "steeringAngle": [
        0.0,
        0.0,
        0.0,
        0.0,
        0.0,
        0.0,
        0.0,
        0.0,
        0.0,
        0.0,
        0.0,
        0.0,
        0.0,
        0.0,
        0.0,
        0.0,
        0.0,
        0.0,
        0.0,
        0.0,
        0.0,
        0.0,
        0.0,
        0.0,
        0.0,
        0.0,
        0.0,
        0.0,
        0.0,
        0.0,
        0.0,
        0.0,
        0.0,
        0.0,
        0.0,
        0.0,
        0.0,
        0.0,
        0.0,
        0.0,
        0.0,
        0.0,
        0.0,
        0.0,
        0.0,
        0.0,
        0.0,
        0.0,
        0.0,
        0.0,
        0.0,
        0.0,
        0.0,
        0.0,
        0.0,
        0.0,
        0.0,
        0.0,
        0.0,
        0.0,
        0.0,
        0.0,
        0.0,
        0.0,
        0.0,
        0.0,
        0.0,
        0.0,
        0.0,
        0.0,
        0.0,
        0.0,
        0.0,
        0.0,
        0.0,
        0.0,
        0.0,
        0.0,
        0.0,
        0.0,
        0.0,
        0.0,
        0.0,
        0.0,
        0.0,
        0.0,
        0.0,
        0.0,
        0.0,
        0.0,
        0.0,
        0.0,
        0.0,
        0.0,
        0.0,
        0.0,
        0.0,
        0.0,
        0.0,
        0.0,
        0.0,
        0.0,
        0.0,
        0.0,
        0.0,
        0.0,
        0.0,
        0.0,
        0.0,
        0.0,
        0.0,
        -0.6000000238418579,
        -0.6000000238418579,
        -0.6000000238418579,
        -0.6000000238418579,
        -0.6000000238418579,
        -0.6000000238418579,
        -0.6000000238418579,
        -0.6000000238418579,
        -0.6000000238418579,
        0.0,
        0.0,
        0.0,
        0.0,
        0.0,
        0.0,
        0.0,
        0.0,
        0.0,
        0.0,
        0.0,
        0.0,
        0.0,
        0.0,
        0.0,
        0.0,
        -1.8000000715255737,
        -1.8000000715255737,
        -1.8000000715255737,
        0.6000000238418579,
        0.6000000238418579,
        0.6000000238418579,
        0.6000000238418579,
        0.6000000238418579,
        0.6000000238418579,
        0.6000000238418579,
        0.6000000238418579,
        0.6000000238418579,
        15.600000381469727
    ],
    "steeringAngleCost": 0.07906650149753347,
    "steeringAngleCostWeighted": 0.07906650149753347,
    "steeringRate": [
        0.0,
        0.0,
        0.0,
        0.0,
        0.0,
        0.0,
        0.0,
        0.0,
        0.0,
        0.0,
        0.0,
        0.0,
        0.0,
        0.0,
        0.0,
        0.0,
        0.0,
        0.0,
        0.0,
        0.0,
        0.0,
        0.0,
        0.0,
        0.0,
        0.0,
        0.0,
        0.0,
        0.0,
        0.0,
        0.0,
        0.0,
        0.0,
        0.0,
        0.0,
        0.0,
        0.0,
        0.0,
        0.0,
        0.0,
        0.0,
        0.0,
        0.0,
        0.0,
        0.0,
        0.0,
        0.0,
        0.0,
        0.0,
        0.0,
        0.0,
        0.0,
        0.0,
        0.0,
        0.0,
        0.0,
        0.0,
        0.0,
        0.0,
        0.0,
        0.0,
        0.0,
        0.0,
        0.0,
        0.0,
        0.0,
        0.0,
        0.0,
        0.0,
        0.0,
        0.0,
        0.0,
        0.0,
        0.0,
        0.0,
        0.0,
        0.0,
        0.0,
        0.0,
        0.0,
        0.0,
        0.0,
        0.0,
        0.0,
        0.0,
        0.0,
        0.0,
        0.0,
        0.0,
        0.0,
        0.0,
        0.0,
        0.0,
        0.0,
        0.0,
        0.0,
        0.0,
        0.0,
        0.0,
        0.0,
        0.0,
        0.0,
        0.0,
        0.0,
        0.0,
        0.0,
        0.0,
        0.0,
        0.0,
        0.0,
        0.0,
        -6.000000238418579,
        0.0,
        0.0,
        0.0,
        0.0,
        0.0,
        0.0,
        0.0,
        0.0,
        6.000000238418579,
        0.0,
        0.0,
        0.0,
        0.0,
        0.0,
        0.0,
        0.0,
        0.0,
        0.0,
        0.0,
        0.0,
        0.0,
        0.0,
        0.0,
        0.0,
        -18.000000715255737,
        0.0,
        0.0,
        24.000000953674316,
        0.0,
        0.0,
        0.0,
        0.0,
        0.0,
        0.0,
        0.0,
        0.0,
        150.0000035762787
    ],
    "steeringRateCost": 7.149980427583633,
    "steeringRateCostWeighted": 7.149980427583633,
    "yawRate": [
        0.0,
        0.0,
        0.0,
        0.0,
        0.0,
        0.0,
        0.0,
        0.0,
        0.0,
        0.0,
        0.0,
        0.0,
        0.0,
        0.0,
        0.0,
        0.0,
        0.0,
        0.0,
        0.0,
        0.0,
        0.0,
        0.0,
        0.0,
        0.0,
        0.0,
        0.0,
        0.0,
        0.0,
        0.0,
        0.0,
        0.0,
        0.0,
        0.0,
        0.0,
        0.0,
        0.0,
        0.0,
        0.0,
        0.0,
        0.0,
        0.0,
        0.0,
        0.0,
        0.0,
        0.0,
        0.0,
        0.0,
        0.0,
        0.0,
        0.0,
        0.0,
        0.0,
        0.0,
        0.0,
        0.0,
        0.0,
        0.0,
        0.0,
        0.0,
        0.0,
        0.0,
        0.0,
        0.0,
        0.0,
        0.0,
        0.0,
        0.0,
        0.0,
        0.0,
        0.0,
        0.0,
        0.0,
        0.0,
        0.0,
        0.0,
        0.0,
        0.0,
        0.0,
        0.0,
        0.0,
        0.0,
        0.0,
        0.0,
        0.0,
        0.0,
        0.0,
        0.0,
        0.0,
        0.0,
        0.0,
        0.0,
        0.0,
        0.0,
        0.0,
        0.0,
        0.0,
        0.0,
        0.0,
        0.0,
        0.0,
        0.0,
        0.0,
        0.0,
        0.0,
        0.0,
        0.0,
        0.0,
        0.0,
        0.0,
        0.0,
        -0.011295185686175241,
        -0.011295185686175241,
        -0.011295185686175236,
        -0.011295185686175244,
        -0.011295185686175241,
        -0.011295185686175232,
        -0.01129518568617525,
        -0.011295185686175241,
        -0.011295185686175258,
        0.0,
        0.0,
        0.0,
        0.0,
        0.0,
        0.0,
        0.0,
        0.0,
        0.0,
        0.0,
        0.0,
        0.0,
        0.0,
        0.0,
        0.0,
        0.0,
        -0.033895451311883075,
        -0.033895451311883124,
        -0.033783214718135085,
        0.011220383131962108,
        0.011220383131962108,
        0.011220383131962178,
        0.011220383131962178,
        0.011220383131962178,
        0.011220383131962126,
        0.01122038313196216,
        0.01122038313196216,
        0.011220383131962178,
        0.2991333607656724
    ],
    "yawRateCost": 0.09520118031474878,
    "yawRateCostWeighted": 0.09520118031474878,
    "distanceToObstaclesCost": 78.62056171898783,
    "distanceToObstaclesCostWeighted": 786.2056171898782,
    "distanceToCenterLinesCost": 53.74753913577243,
    "distanceToCenterLinesCostWeighted": 53.74753913577243,
    "obstacles": [
        [
            {
                "position": [
                    10.0,
                    -5.0
                ],
                "dimension": [
                    3.75,
                    2.1
                ],
                "orientation": 0.0
            }
        ],
        [
            {
                "position": [
                    10.0,
                    -5.0
                ],
                "dimension": [
                    3.75,
                    2.1
                ],
                "orientation": 0.0
            }
        ],
        [
            {
                "position": [
                    10.0,
                    -5.0
                ],
                "dimension": [
                    3.75,
                    2.1
                ],
                "orientation": 0.0
            }
        ],
        [
            {
                "position": [
                    10.0,
                    -5.0
                ],
                "dimension": [
                    3.75,
                    2.1
                ],
                "orientation": 0.0
            }
        ],
        [
            {
                "position": [
                    10.0,
                    -5.0
                ],
                "dimension": [
                    3.75,
                    2.1
                ],
                "orientation": 0.0
            }
        ],
        [
            {
                "position": [
                    10.0,
                    -5.0
                ],
                "dimension": [
                    3.75,
                    2.1
                ],
                "orientation": 0.0
            }
        ],
        [
            {
                "position": [
                    10.0,
                    -5.0
                ],
                "dimension": [
                    3.75,
                    2.1
                ],
                "orientation": 0.0
            }
        ],
        [
            {
                "position": [
                    10.0,
                    -5.0
                ],
                "dimension": [
                    3.75,
                    2.1
                ],
                "orientation": 0.0
            }
        ],
        [
            {
                "position": [
                    10.0,
                    -5.0
                ],
                "dimension": [
                    3.75,
                    2.1
                ],
                "orientation": 0.0
            }
        ],
        [
            {
                "position": [
                    10.0,
                    -5.0
                ],
                "dimension": [
                    3.75,
                    2.1
                ],
                "orientation": 0.0
            }
        ],
        [
            {
                "position": [
                    10.0,
                    -5.0
                ],
                "dimension": [
                    3.75,
                    2.1
                ],
                "orientation": 0.0
            }
        ],
        [
            {
                "position": [
                    10.0,
                    -5.0
                ],
                "dimension": [
                    3.75,
                    2.1
                ],
                "orientation": 0.0
            }
        ],
        [
            {
                "position": [
                    10.0,
                    -5.0
                ],
                "dimension": [
                    3.75,
                    2.1
                ],
                "orientation": 0.0
            }
        ],
        [
            {
                "position": [
                    10.1875,
                    -5.0
                ],
                "dimension": [
                    3.75,
                    2.1
                ],
                "orientation": 0.0
            }
        ],
        [
            {
                "position": [
                    10.375,
                    -5.0
                ],
                "dimension": [
                    3.75,
                    2.1
                ],
                "orientation": 0.0
            }
        ],
        [
            {
                "position": [
                    10.5625,
                    -5.0
                ],
                "dimension": [
                    3.75,
                    2.1
                ],
                "orientation": 0.0
            }
        ],
        [
            {
                "position": [
                    10.75,
                    -5.0
                ],
                "dimension": [
                    3.75,
                    2.1
                ],
                "orientation": 0.0
            }
        ],
        [
            {
                "position": [
                    10.9375,
                    -5.0
                ],
                "dimension": [
                    3.75,
                    2.1
                ],
                "orientation": 0.0
            }
        ],
        [
            {
                "position": [
                    11.125,
                    -5.0
                ],
                "dimension": [
                    3.75,
                    2.1
                ],
                "orientation": 0.0
            }
        ],
        [
            {
                "position": [
                    11.3125,
                    -5.0
                ],
                "dimension": [
                    3.75,
                    2.1
                ],
                "orientation": 0.0
            }
        ],
        [
            {
                "position": [
                    11.5,
                    -5.0
                ],
                "dimension": [
                    3.75,
                    2.1
                ],
                "orientation": 0.0
            }
        ],
        [
            {
                "position": [
                    11.6875,
                    -5.0
                ],
                "dimension": [
                    3.75,
                    2.1
                ],
                "orientation": 0.0
            }
        ],
        [
            {
                "position": [
                    11.875,
                    -5.0
                ],
                "dimension": [
                    3.75,
                    2.1
                ],
                "orientation": 0.0
            }
        ],
        [
            {
                "position": [
                    12.0625,
                    -5.0
                ],
                "dimension": [
                    3.75,
                    2.1
                ],
                "orientation": 0.0
            }
        ],
        [
            {
                "position": [
                    12.25,
                    -5.0
                ],
                "dimension": [
                    3.75,
                    2.1
                ],
                "orientation": 0.0
            }
        ],
        [
            {
                "position": [
                    12.4375,
                    -5.0
                ],
                "dimension": [
                    3.75,
                    2.1
                ],
                "orientation": 0.0
            }
        ],
        [
            {
                "position": [
                    12.625,
                    -5.0
                ],
                "dimension": [
                    3.75,
                    2.1
                ],
                "orientation": 0.0
            }
        ],
        [
            {
                "position": [
                    12.8125,
                    -5.0
                ],
                "dimension": [
                    3.75,
                    2.1
                ],
                "orientation": 0.0
            }
        ],
        [
            {
                "position": [
                    13.0,
                    -5.0
                ],
                "dimension": [
                    3.75,
                    2.1
                ],
                "orientation": 0.0
            }
        ],
        [
            {
                "position": [
                    13.1875,
                    -5.0
                ],
                "dimension": [
                    3.75,
                    2.1
                ],
                "orientation": 0.0
            }
        ],
        [
            {
                "position": [
                    13.375,
                    -5.0
                ],
                "dimension": [
                    3.75,
                    2.1
                ],
                "orientation": 0.0
            }
        ],
        [
            {
                "position": [
                    13.5625,
                    -5.0
                ],
                "dimension": [
                    3.75,
                    2.1
                ],
                "orientation": 0.0
            }
        ],
        [
            {
                "position": [
                    13.75,
                    -5.0
                ],
                "dimension": [
                    3.75,
                    2.1
                ],
                "orientation": 0.0
            }
        ],
        [
            {
                "position": [
                    13.9375,
                    -5.0
                ],
                "dimension": [
                    3.75,
                    2.1
                ],
                "orientation": 0.0
            }
        ],
        [
            {
                "position": [
                    14.125,
                    -5.0
                ],
                "dimension": [
                    3.75,
                    2.1
                ],
                "orientation": 0.0
            }
        ],
        [
            {
                "position": [
                    14.3125,
                    -5.0
                ],
                "dimension": [
                    3.75,
                    2.1
                ],
                "orientation": 0.0
            }
        ],
        [
            {
                "position": [
                    14.5,
                    -5.0
                ],
                "dimension": [
                    3.75,
                    2.1
                ],
                "orientation": 0.0
            }
        ],
        [
            {
                "position": [
                    14.6875,
                    -5.0
                ],
                "dimension": [
                    3.75,
                    2.1
                ],
                "orientation": 0.0
            }
        ],
        [
            {
                "position": [
                    14.875,
                    -5.0
                ],
                "dimension": [
                    3.75,
                    2.1
                ],
                "orientation": 0.0
            }
        ],
        [
            {
                "position": [
                    15.0,
                    -5.0
                ],
                "dimension": [
                    3.75,
                    2.1
                ],
                "orientation": 0.0
            }
        ],
        [
            {
                "position": [
                    15.1875,
                    -5.0
                ],
                "dimension": [
                    3.75,
                    2.1
                ],
                "orientation": 0.0
            }
        ],
        [
            {
                "position": [
                    15.375,
                    -5.0
                ],
                "dimension": [
                    3.75,
                    2.1
                ],
                "orientation": 0.0
            }
        ],
        [
            {
                "position": [
                    15.5625,
                    -5.0
                ],
                "dimension": [
                    3.75,
                    2.1
                ],
                "orientation": 0.0
            }
        ],
        [
            {
                "position": [
                    15.75,
                    -5.0
                ],
                "dimension": [
                    3.75,
                    2.1
                ],
                "orientation": 0.0
            }
        ],
        [
            {
                "position": [
                    15.9375,
                    -5.0
                ],
                "dimension": [
                    3.75,
                    2.1
                ],
                "orientation": 0.0
            }
        ],
        [
            {
                "position": [
                    16.125,
                    -5.0
                ],
                "dimension": [
                    3.75,
                    2.1
                ],
                "orientation": 0.0
            }
        ],
        [
            {
                "position": [
                    16.3125,
                    -5.0
                ],
                "dimension": [
                    3.75,
                    2.1
                ],
                "orientation": 0.0
            }
        ],
        [
            {
                "position": [
                    16.5,
                    -5.0
                ],
                "dimension": [
                    3.75,
                    2.1
                ],
                "orientation": 0.0
            }
        ],
        [
            {
                "position": [
                    16.6875,
                    -5.0
                ],
                "dimension": [
                    3.75,
                    2.1
                ],
                "orientation": 0.0
            }
        ],
        [
            {
                "position": [
                    16.875,
                    -5.0
                ],
                "dimension": [
                    3.75,
                    2.1
                ],
                "orientation": 0.0
            }
        ],
        [
            {
                "position": [
                    17.0625,
                    -5.0
                ],
                "dimension": [
                    3.75,
                    2.1
                ],
                "orientation": 0.0
            }
        ],
        [
            {
                "position": [
                    17.25,
                    -5.0
                ],
                "dimension": [
                    3.75,
                    2.1
                ],
                "orientation": 0.0
            }
        ],
        [
            {
                "position": [
                    17.4375,
                    -5.0
                ],
                "dimension": [
                    3.75,
                    2.1
                ],
                "orientation": 0.0
            }
        ],
        [
            {
                "position": [
                    17.625,
                    -5.0
                ],
                "dimension": [
                    3.75,
                    2.1
                ],
                "orientation": 0.0
            }
        ],
        [
            {
                "position": [
                    17.8125,
                    -5.0
                ],
                "dimension": [
                    3.75,
                    2.1
                ],
                "orientation": 0.0
            }
        ],
        [
            {
                "position": [
                    18.0,
                    -5.0
                ],
                "dimension": [
                    3.75,
                    2.1
                ],
                "orientation": 0.0
            }
        ],
        [
            {
                "position": [
                    18.1875,
                    -5.0
                ],
                "dimension": [
                    3.75,
                    2.1
                ],
                "orientation": 0.0
            }
        ],
        [
            {
                "position": [
                    18.375,
                    -5.0
                ],
                "dimension": [
                    3.75,
                    2.1
                ],
                "orientation": 0.0
            }
        ],
        [
            {
                "position": [
                    18.5625,
                    -5.0
                ],
                "dimension": [
                    3.75,
                    2.1
                ],
                "orientation": 0.0
            }
        ],
        [
            {
                "position": [
                    18.75,
                    -5.0
                ],
                "dimension": [
                    3.75,
                    2.1
                ],
                "orientation": 0.0
            }
        ],
        [
            {
                "position": [
                    18.9375,
                    -5.0
                ],
                "dimension": [
                    3.75,
                    2.1
                ],
                "orientation": 0.0
            }
        ],
        [
            {
                "position": [
                    19.125,
                    -5.0
                ],
                "dimension": [
                    3.75,
                    2.1
                ],
                "orientation": 0.0
            }
        ],
        [
            {
                "position": [
                    19.3125,
                    -5.0
                ],
                "dimension": [
                    3.75,
                    2.1
                ],
                "orientation": 0.0
            }
        ],
        [
            {
                "position": [
                    19.5,
                    -5.0
                ],
                "dimension": [
                    3.75,
                    2.1
                ],
                "orientation": 0.0
            }
        ],
        [
            {
                "position": [
                    19.6875,
                    -5.0
                ],
                "dimension": [
                    3.75,
                    2.1
                ],
                "orientation": 0.0
            }
        ],
        [
            {
                "position": [
                    19.875,
                    -5.0
                ],
                "dimension": [
                    3.75,
                    2.1
                ],
                "orientation": 0.0
            }
        ],
        [
            {
                "position": [
                    20.0,
                    -5.0
                ],
                "dimension": [
                    3.75,
                    2.1
                ],
                "orientation": 0.0
            }
        ],
        [
            {
                "position": [
                    20.2625,
                    -5.0
                ],
                "dimension": [
                    3.75,
                    2.1
                ],
                "orientation": 0.0
            }
        ],
        [
            {
                "position": [
                    20.525,
                    -5.0
                ],
                "dimension": [
                    3.75,
                    2.1
                ],
                "orientation": 0.0
            }
        ],
        [
            {
                "position": [
                    20.7875,
                    -5.0
                ],
                "dimension": [
                    3.75,
                    2.1
                ],
                "orientation": 0.0
            }
        ],
        [
            {
                "position": [
                    21.05,
                    -5.0
                ],
                "dimension": [
                    3.75,
                    2.1
                ],
                "orientation": 0.0
            }
        ],
        [
            {
                "position": [
                    21.3125,
                    -5.0
                ],
                "dimension": [
                    3.75,
                    2.1
                ],
                "orientation": 0.0
            }
        ],
        [
            {
                "position": [
                    21.575,
                    -5.0
                ],
                "dimension": [
                    3.75,
                    2.1
                ],
                "orientation": 0.0
            }
        ],
        [
            {
                "position": [
                    21.8375,
                    -5.0
                ],
                "dimension": [
                    3.75,
                    2.1
                ],
                "orientation": 0.0
            }
        ],
        [
            {
                "position": [
                    22.1,
                    -5.0
                ],
                "dimension": [
                    3.75,
                    2.1
                ],
                "orientation": 0.0
            }
        ],
        [
            {
                "position": [
                    22.3625,
                    -5.0
                ],
                "dimension": [
                    3.75,
                    2.1
                ],
                "orientation": 0.0
            }
        ],
        [
            {
                "position": [
                    22.625,
                    -5.0
                ],
                "dimension": [
                    3.75,
                    2.1
                ],
                "orientation": 0.0
            }
        ],
        [
            {
                "position": [
                    22.8875,
                    -5.0
                ],
                "dimension": [
                    3.75,
                    2.1
                ],
                "orientation": 0.0
            }
        ],
        [
            {
                "position": [
                    23.15,
                    -5.0
                ],
                "dimension": [
                    3.75,
                    2.1
                ],
                "orientation": 0.0
            }
        ],
        [
            {
                "position": [
                    23.4125,
                    -5.0
                ],
                "dimension": [
                    3.75,
                    2.1
                ],
                "orientation": 0.0
            }
        ],
        [
            {
                "position": [
                    23.675,
                    -5.0
                ],
                "dimension": [
                    3.75,
                    2.1
                ],
                "orientation": 0.0
            }
        ],
        [
            {
                "position": [
                    23.9375,
                    -5.0
                ],
                "dimension": [
                    3.75,
                    2.1
                ],
                "orientation": 0.0
            }
        ],
        [
            {
                "position": [
                    24.2,
                    -5.0
                ],
                "dimension": [
                    3.75,
                    2.1
                ],
                "orientation": 0.0
            }
        ],
        [
            {
                "position": [
                    24.4625,
                    -5.0
                ],
                "dimension": [
                    3.75,
                    2.1
                ],
                "orientation": 0.0
            }
        ],
        [
            {
                "position": [
                    24.725,
                    -5.0
                ],
                "dimension": [
                    3.75,
                    2.1
                ],
                "orientation": 0.0
            }
        ],
        [
            {
                "position": [
                    24.9875,
                    -5.0
                ],
                "dimension": [
                    3.75,
                    2.1
                ],
                "orientation": 0.0
            }
        ],
        [
            {
                "position": [
                    25.25,
                    -5.0
                ],
                "dimension": [
                    3.75,
                    2.1
                ],
                "orientation": 0.0
            }
        ],
        [
            {
                "position": [
                    25.5125,
                    -5.0
                ],
                "dimension": [
                    3.75,
                    2.1
                ],
                "orientation": 0.0
            }
        ],
        [
            {
                "position": [
                    25.775,
                    -5.0
                ],
                "dimension": [
                    3.75,
                    2.1
                ],
                "orientation": 0.0
            }
        ],
        [
            {
                "position": [
                    26.0375,
                    -5.0
                ],
                "dimension": [
                    3.75,
                    2.1
                ],
                "orientation": 0.0
            }
        ],
        [
            {
                "position": [
                    26.3,
                    -5.0
                ],
                "dimension": [
                    3.75,
                    2.1
                ],
                "orientation": 0.0
            }
        ],
        [
            {
                "position": [
                    26.5625,
                    -5.0
                ],
                "dimension": [
                    3.75,
                    2.1
                ],
                "orientation": 0.0
            }
        ],
        [
            {
                "position": [
                    26.825,
                    -5.0
                ],
                "dimension": [
                    3.75,
                    2.1
                ],
                "orientation": 0.0
            }
        ],
        [
            {
                "position": [
                    27.0,
                    -5.0
                ],
                "dimension": [
                    3.75,
                    2.1
                ],
                "orientation": 0.0
            }
        ],
        [
            {
                "position": [
                    27.3,
                    -5.0
                ],
                "dimension": [
                    3.75,
                    2.1
                ],
                "orientation": 0.0
            }
        ],
        [
            {
                "position": [
                    27.6,
                    -5.0
                ],
                "dimension": [
                    3.75,
                    2.1
                ],
                "orientation": 0.0
            }
        ],
        [
            {
                "position": [
                    27.9,
                    -5.0
                ],
                "dimension": [
                    3.75,
                    2.1
                ],
                "orientation": 0.0
            }
        ],
        [
            {
                "position": [
                    28.2,
                    -5.0
                ],
                "dimension": [
                    3.75,
                    2.1
                ],
                "orientation": 0.0
            }
        ],
        [
            {
                "position": [
                    28.5,
                    -5.0
                ],
                "dimension": [
                    3.75,
                    2.1
                ],
                "orientation": 0.0
            }
        ],
        [
            {
                "position": [
                    28.8,
                    -5.0
                ],
                "dimension": [
                    3.75,
                    2.1
                ],
                "orientation": 0.0
            }
        ],
        [
            {
                "position": [
                    29.1,
                    -5.0
                ],
                "dimension": [
                    3.75,
                    2.1
                ],
                "orientation": 0.0
            }
        ],
        [
            {
                "position": [
                    29.4,
                    -5.0
                ],
                "dimension": [
                    3.75,
                    2.1
                ],
                "orientation": 0.0
            }
        ],
        [
            {
                "position": [
                    29.7,
                    -5.0
                ],
                "dimension": [
                    3.75,
                    2.1
                ],
                "orientation": 0.0
            }
        ],
        [
            {
                "position": [
                    30.0,
                    -5.0
                ],
                "dimension": [
                    3.75,
                    2.1
                ],
                "orientation": 0.0
            }
        ],
        [
            {
                "position": [
                    30.3,
                    -5.0
                ],
                "dimension": [
                    3.75,
                    2.1
                ],
                "orientation": 0.0
            }
        ],
        [
            {
                "position": [
                    30.6,
                    -5.0
                ],
                "dimension": [
                    3.75,
                    2.1
                ],
                "orientation": 0.0
            }
        ],
        [
            {
                "position": [
                    30.9,
                    -5.0
                ],
                "dimension": [
                    3.75,
                    2.1
                ],
                "orientation": 0.0
            }
        ],
        [
            {
                "position": [
                    31.2,
                    -5.0
                ],
                "dimension": [
                    3.75,
                    2.1
                ],
                "orientation": 0.0
            }
        ],
        [
            {
                "position": [
                    31.5,
                    -5.0
                ],
                "dimension": [
                    3.75,
                    2.1
                ],
                "orientation": 0.0
            }
        ],
        [
            {
                "position": [
                    31.8,
                    -5.0
                ],
                "dimension": [
                    3.75,
                    2.1
                ],
                "orientation": 0.0
            }
        ],
        [
            {
                "position": [
                    32.1,
                    -5.0
                ],
                "dimension": [
                    3.75,
                    2.1
                ],
                "orientation": 0.0
            }
        ],
        [
            {
                "position": [
                    32.4,
                    -5.0
                ],
                "dimension": [
                    3.75,
                    2.1
                ],
                "orientation": 0.0
            }
        ],
        [
            {
                "position": [
                    32.7,
                    -5.0
                ],
                "dimension": [
                    3.75,
                    2.1
                ],
                "orientation": 0.0
            }
        ],
        [
            {
                "position": [
                    33.0,
                    -5.0
                ],
                "dimension": [
                    3.75,
                    2.1
                ],
                "orientation": 0.0
            }
        ],
        [
            {
                "position": [
                    33.3,
                    -5.0
                ],
                "dimension": [
                    3.75,
                    2.1
                ],
                "orientation": 0.0
            }
        ],
        [
            {
                "position": [
                    33.6,
                    -5.0
                ],
                "dimension": [
                    3.75,
                    2.1
                ],
                "orientation": 0.0
            }
        ],
        [
            {
                "position": [
                    33.9,
                    -5.0
                ],
                "dimension": [
                    3.75,
                    2.1
                ],
                "orientation": 0.0
            }
        ],
        [
            {
                "position": [
                    34.2,
                    -5.0
                ],
                "dimension": [
                    3.75,
                    2.1
                ],
                "orientation": 0.0
            }
        ],
        [
            {
                "position": [
                    34.5,
                    -5.0
                ],
                "dimension": [
                    3.75,
                    2.1
                ],
                "orientation": 0.0
            }
        ],
        [
            {
                "position": [
                    34.8,
                    -5.0
                ],
                "dimension": [
                    3.75,
                    2.1
                ],
                "orientation": 0.0
            }
        ],
        [
            {
                "position": [
                    35.0,
                    -5.0
                ],
                "dimension": [
                    3.75,
                    2.1
                ],
                "orientation": 0.0
            }
        ],
        [
            {
                "position": [
                    35.5625,
                    -5.0
                ],
                "dimension": [
                    3.75,
                    2.1
                ],
                "orientation": 0.0
            }
        ],
        [
            {
                "position": [
                    36.125,
                    -5.0
                ],
                "dimension": [
                    3.75,
                    2.1
                ],
                "orientation": 0.0
            }
        ],
        [
            {
                "position": [
                    36.6875,
                    -5.0
                ],
                "dimension": [
                    3.75,
                    2.1
                ],
                "orientation": 0.0
            }
        ],
        [
            {
                "position": [
                    37.25,
                    -5.0
                ],
                "dimension": [
                    3.75,
                    2.1
                ],
                "orientation": 0.0
            }
        ],
        [
            {
                "position": [
                    37.8125,
                    -5.0
                ],
                "dimension": [
                    3.75,
                    2.1
                ],
                "orientation": 0.0
            }
        ],
        [
            {
                "position": [
                    38.375,
                    -5.0
                ],
                "dimension": [
                    3.75,
                    2.1
                ],
                "orientation": 0.0
            }
        ],
        [
            {
                "position": [
                    38.9375,
                    -5.0
                ],
                "dimension": [
                    3.75,
                    2.1
                ],
                "orientation": 0.0
            }
        ],
        [
            {
                "position": [
                    39.5,
                    -5.0
                ],
                "dimension": [
                    3.75,
                    2.1
                ],
                "orientation": 0.0
            }
        ],
        [
            {
                "position": [
                    40.0625,
                    -5.0
                ],
                "dimension": [
                    3.75,
                    2.1
                ],
                "orientation": 0.0
            }
        ],
        [
            {
                "position": [
                    40.625,
                    -5.0
                ],
                "dimension": [
                    3.75,
                    2.1
                ],
                "orientation": 0.0
            }
        ],
        [
            {
                "position": [
                    41.1875,
                    -5.0
                ],
                "dimension": [
                    3.75,
                    2.1
                ],
                "orientation": 0.0
            }
        ],
        [
            {
                "position": [
                    41.75,
                    -5.0
                ],
                "dimension": [
                    3.75,
                    2.1
                ],
                "orientation": 0.0
            }
        ],
        [
            {
                "position": [
                    42.3125,
                    -5.0
                ],
                "dimension": [
                    3.75,
                    2.1
                ],
                "orientation": 0.0
            }
        ],
        [
            {
                "position": [
                    42.875,
                    -5.0
                ],
                "dimension": [
                    3.75,
                    2.1
                ],
                "orientation": 0.0
            }
        ],
        [
            {
                "position": [
                    43.4375,
                    -5.0
                ],
                "dimension": [
                    3.75,
                    2.1
                ],
                "orientation": 0.0
            }
        ],
        [
            {
                "position": [
                    44.0,
                    -5.0
                ],
                "dimension": [
                    3.75,
                    2.1
                ],
                "orientation": 0.0
            }
        ],
        [
            {
                "position": [
                    44.5625,
                    -5.0
                ],
                "dimension": [
                    3.75,
                    2.1
                ],
                "orientation": 0.0
            }
        ],
        [
            {
                "position": [
                    45.125,
                    -5.0
                ],
                "dimension": [
                    3.75,
                    2.1
                ],
                "orientation": 0.0
            }
        ],
        [
            {
                "position": [
                    45.6875,
                    -5.0
                ],
                "dimension": [
                    3.75,
                    2.1
                ],
                "orientation": 0.0
            }
        ],
        [
            {
                "position": [
                    46.25,
                    -5.0
                ],
                "dimension": [
                    3.75,
                    2.1
                ],
                "orientation": 0.0
            }
        ],
        [
            {
                "position": [
                    46.8125,
                    -5.0
                ],
                "dimension": [
                    3.75,
                    2.1
                ],
                "orientation": 0.0
            }
        ],
        [
            {
                "position": [
                    47.375,
                    -5.0
                ],
                "dimension": [
                    3.75,
                    2.1
                ],
                "orientation": 0.0
            }
        ],
        [
            {
                "position": [
                    47.9375,
                    -5.0
                ],
                "dimension": [
                    3.75,
                    2.1
                ],
                "orientation": 0.0
            }
        ],
        [
            {
                "position": [
                    48.5,
                    -5.0
                ],
                "dimension": [
                    3.75,
                    2.1
                ],
                "orientation": 0.0
            }
        ],
        [
            {
                "position": [
                    49.0625,
                    -5.0
                ],
                "dimension": [
                    3.75,
                    2.1
                ],
                "orientation": 0.0
            }
        ],
        [
            {
                "position": [
                    49.625,
                    -5.0
                ],
                "dimension": [
                    3.75,
                    2.1
                ],
                "orientation": 0.0
            }
        ],
        [
            {
                "position": [
                    49.625,
                    -5.0
                ],
                "dimension": [
                    3.75,
                    2.1
                ],
                "orientation": 0.0
            }
        ],
        [
            {
                "position": [
                    49.625,
                    -5.0
                ],
                "dimension": [
                    3.75,
                    2.1
                ],
                "orientation": 0.0
            }
        ]
    ],
    "costSum": 499.0443489641556,
    "costSumWeighted": 10978.829404435048
}