{
    "name": "",
    "pathLength": 40.00699999999999,
    "pathLengthWeighted": 40.00699999999999,
    "time": 18.499999999999993,
    "timeWeighted": 18.499999999999993,
    "collision": 1.0,
    "collisionWeighted": 10000.0,
    "stopTrigger": 0.0,
    "stopTriggerWeighted": 0.0,
    "dimension": [
        5.0,
        2.0
    ],
    "timeSteps": [
        0.0,
        0.1,
        0.2,
        0.30000000000000004,
        0.4,
        0.5,
        0.6000000000000001,
        0.7000000000000001,
        0.8,
        0.9,
        1.0,
        1.1,
        1.2000000000000002,
        1.3,
        1.4000000000000001,
        1.5,
        1.6,
        1.7000000000000002,
        1.8,
        1.9000000000000001,
        2.0,
        2.1,
        2.2,
        2.3000000000000003,
        2.4000000000000004,
        2.5,
        2.6,
        2.7,
        2.8000000000000003,
        2.9000000000000004,
        3.0,
        3.1,
        3.2,
        3.3000000000000003,
        3.4000000000000004,
        3.5,
        3.6,
        3.7,
        3.8000000000000003,
        3.9000000000000004,
        4.0,
        4.1000000000000005,
        4.2,
        4.3,
        4.4,
        4.5,
        4.6000000000000005,
        4.7,
        4.800000000000001,
        4.9,
        5.0,
        5.1000000000000005,
        5.2,
        5.300000000000001,
        5.4,
        5.5,
        5.6000000000000005,
        5.7,
        5.800000000000001,
        5.9,
        6.0,
        6.1000000000000005,
        6.2,
        6.300000000000001,
        6.4,
        6.5,
        6.6000000000000005,
        6.7,
        6.800000000000001,
        6.9,
        7.0,
        7.1000000000000005,
        7.2,
        7.300000000000001,
        7.4,
        7.5,
        7.6000000000000005,
        7.7,
        7.800000000000001,
        7.9,
        8.0,
        8.1,
        8.200000000000001,
        8.3,
        8.4,
        8.5,
        8.6,
        8.700000000000001,
        8.8,
        8.9,
        9.0,
        9.1,
        9.200000000000001,
        9.3,
        9.4,
        9.5,
        9.600000000000001,
        9.700000000000001,
        9.8,
        9.9,
        10.0,
        10.100000000000001,
        10.200000000000001,
        10.3,
        10.4,
        10.5,
        10.600000000000001,
        10.700000000000001,
        10.8,
        10.9,
        11.0,
        11.100000000000001,
        11.200000000000001,
        11.3,
        11.4,
        11.5,
        11.600000000000001,
        11.700000000000001,
        11.8,
        11.9,
        12.0,
        12.100000000000001,
        12.200000000000001,
        12.3,
        12.4,
        12.5,
        12.600000000000001,
        12.700000000000001,
        12.8,
        12.9,
        13.0,
        13.100000000000001,
        13.200000000000001,
        13.3,
        13.4,
        13.5,
        13.600000000000001,
        13.700000000000001,
        13.8,
        13.9,
        14.0,
        14.100000000000001,
        14.200000000000001,
        14.3,
        14.4,
        14.5,
        14.600000000000001,
        14.700000000000001,
        14.8,
        14.9,
        15.0,
        15.100000000000001,
        15.200000000000001,
        15.3,
        15.4,
        15.5,
        15.600000000000001,
        15.700000000000001,
        15.8,
        15.9,
        16.0,
        16.1,
        16.2,
        16.3,
        16.400000000000002,
        16.5,
        16.6,
        16.7,
        16.8,
        16.900000000000002,
        17.0,
        17.1,
        17.2,
        17.3,
        17.400000000000002,
        17.5,
        17.6,
        17.7,
        17.8,
        17.900000000000002,
        18.0,
        18.1,
        18.2,
        18.3,
        18.400000000000002
    ],
    "position": [
        [
            0.0,
            -5.0
        ],
        [
            0.0,
            -5.0
        ],
        [
            0.0,
            -5.0
        ],
        [
            0.0,
            -5.0
        ],
        [
            0.0,
            -5.0
        ],
        [
            0.0,
            -5.0
        ],
        [
            0.0,
            -5.0
        ],
        [
            0.0,
            -5.0
        ],
        [
            0.0,
            -5.0
        ],
        [
            0.004000000000000001,
            -5.0
        ],
        [
            0.013000000000000001,
            -5.0
        ],
        [
            0.027000000000000003,
            -5.0
        ],
        [
            0.046000000000000006,
            -5.0
        ],
        [
            0.07100000000000001,
            -5.0
        ],
        [
            0.10200000000000001,
            -5.0
        ],
        [
            0.139,
            -5.0
        ],
        [
            0.18200000000000002,
            -5.0
        ],
        [
            0.23100000000000004,
            -5.0
        ],
        [
            0.28600000000000003,
            -5.0
        ],
        [
            0.34800000000000003,
            -5.0
        ],
        [
            0.41700000000000004,
            -5.0
        ],
        [
            0.49300000000000005,
            -5.0
        ],
        [
            0.5770000000000001,
            -5.0
        ],
        [
            0.669,
            -5.0
        ],
        [
            0.769,
            -5.0
        ],
        [
            0.878,
            -5.0
        ],
        [
            0.996,
            -5.0
        ],
        [
            1.124,
            -5.0
        ],
        [
            1.2620000000000002,
            -5.0
        ],
        [
            1.4100000000000004,
            -5.0
        ],
        [
            1.5690000000000004,
            -5.0
        ],
        [
            1.7390000000000005,
            -5.0
        ],
        [
            1.9200000000000006,
            -5.0
        ],
        [
            2.1130000000000004,
            -5.0
        ],
        [
            2.3180000000000005,
            -5.0
        ],
        [
            2.5350000000000006,
            -5.0
        ],
        [
            2.7650000000000006,
            -5.0
        ],
        [
            3.0080000000000005,
            -5.0
        ],
        [
            3.2640000000000007,
            -5.0
        ],
        [
            3.533000000000001,
            -5.0
        ],
        [
            3.815000000000001,
            -5.0
        ],
        [
            4.110000000000001,
            -5.0
        ],
        [
            4.418000000000001,
            -5.0
        ],
        [
            4.738000000000001,
            -5.0
        ],
        [
            5.070000000000001,
            -5.0
        ],
        [
            5.4140000000000015,
            -5.0
        ],
        [
            5.769000000000002,
            -5.0
        ],
        [
            6.135000000000002,
            -5.0
        ],
        [
            6.511000000000002,
            -5.0
        ],
        [
            6.897000000000002,
            -5.0
        ],
        [
            7.292000000000002,
            -5.0
        ],
        [
            7.695000000000002,
            -5.0
        ],
        [
            8.106000000000002,
            -5.0
        ],
        [
            8.524000000000001,
            -5.0
        ],
        [
            8.948,
            -5.0
        ],
        [
            9.377,
            -5.0
        ],
        [
            9.811,
            -5.0
        ],
        [
            10.249,
            -5.0
        ],
        [
            10.690000000000001,
            -5.0
        ],
        [
            11.133000000000001,
            -5.0
        ],
        [
            11.578000000000001,
            -5.0
        ],
        [
            12.024000000000001,
            -5.0
        ],
        [
            12.47,
            -5.0
        ],
        [
            12.916,
            -5.0
        ],
        [
            13.361,
            -5.0
        ],
        [
            13.804,
            -5.0
        ],
        [
            14.244,
            -5.0
        ],
        [
            14.68,
            -5.0
        ],
        [
            15.110999999999999,
            -5.0
        ],
        [
            15.536,
            -5.0
        ],
        [
            15.953999999999999,
            -5.0
        ],
        [
            16.363999999999997,
            -5.0
        ],
        [
            16.766,
            -5.0
        ],
        [
            17.159,
            -5.0
        ],
        [
            17.541999999999998,
            -5.0
        ],
        [
            17.913999999999998,
            -5.0
        ],
        [
            18.273999999999997,
            -5.0
        ],
        [
            18.621,
            -5.0
        ],
        [
            18.955,
            -5.0
        ],
        [
            19.275,
            -5.0
        ],
        [
            19.581,
            -5.0
        ],
        [
            19.872,
            -5.0
        ],
        [
            20.148,
            -5.0
        ],
        [
            20.408,
            -5.0
        ],
        [
            20.651,
            -5.0
        ],
        [
            20.876,
            -5.0
        ],
        [
            21.081,
            -5.0
        ],
        [
            21.264,
            -5.0
        ],
        [
            21.427,
            -5.0
        ],
        [
            21.572,
            -5.0
        ],
        [
            21.701,
            -5.0
        ],
        [
            21.816,
            -5.0
        ],
        [
            21.919,
            -5.0
        ],
        [
            22.011,
            -5.0
        ],
        [
            22.093,
            -5.0
        ],
        [
            22.166,
            -5.0
        ],
        [
            22.231,
            -5.0
        ],
        [
            22.289,
            -5.0
        ],
        [
            22.341,
            -5.0
        ],
        [
            22.388,
            -5.0
        ],
        [
            22.430000000000003,
            -5.0
        ],
        [
            22.468000000000004,
            -5.0
        ],
        [
            22.502000000000002,
            -5.0
        ],
        [
            22.533,
            -5.0
        ],
        [
            22.561,
            -5.0
        ],
        [
            22.586,
            -5.0
        ],
        [
            22.608999999999998,
            -5.0
        ],
        [
            22.63,
            -5.0
        ],
        [
            22.648999999999997,
            -5.0
        ],
        [
            22.665999999999997,
            -5.0
        ],
        [
            22.681999999999995,
            -5.0
        ],
        [
            22.696999999999996,
            -5.0
        ],
        [
            22.710999999999995,
            -5.0
        ],
        [
            22.723999999999997,
            -5.0
        ],
        [
            22.735999999999997,
            -5.0
        ],
        [
            22.746999999999996,
            -5.0
        ],
        [
            22.756999999999998,
            -5.0
        ],
        [
            22.766,
            -5.0
        ],
        [
            22.775,
            -5.0
        ],
        [
            22.784,
            -5.0
        ],
        [
            22.793,
            -5.0
        ],
        [
            22.802,
            -5.0
        ],
        [
            22.811,
            -5.0
        ],
        [
            22.82,
            -5.0
        ],
        [
            22.831,
            -5.0
        ],
        [
            22.845,
            -5.0
        ],
        [
            22.863,
            -5.0
        ],
        [
            22.884999999999998,
            -5.0
        ],
        [
            22.912,
            -5.0
        ],
        [
            22.944,
            -5.0
        ],
        [
            22.980999999999998,
            -5.0
        ],
        [
            23.023,
            -5.0
        ],
        [
            23.070999999999998,
            -5.0
        ],
        [
            23.124999999999996,
            -5.0
        ],
        [
            23.184999999999995,
            -5.0
        ],
        [
            23.250999999999994,
            -5.0
        ],
        [
            23.323999999999995,
            -5.0
        ],
        [
            23.403999999999993,
            -5.0
        ],
        [
            23.491999999999994,
            -5.0
        ],
        [
            23.587999999999994,
            -5.0
        ],
        [
            23.691999999999993,
            -5.0
        ],
        [
            23.804999999999993,
            -5.0
        ],
        [
            23.926999999999992,
            -5.0
        ],
        [
            24.058999999999994,
            -5.0
        ],
        [
            24.200999999999993,
            -5.0
        ],
        [
            24.352999999999994,
            -5.0
        ],
        [
            24.515999999999995,
            -5.0
        ],
        [
            24.689999999999994,
            -5.0
        ],
        [
            24.874999894899616,
            -4.999802801802186
        ],
        [
            25.071999574786805,
            -4.999447661906191
        ],
        [
            25.28099887680354,
            -4.99890751700182
        ],
        [
            25.50199759114867,
            -4.998153688241344
        ],
        [
            25.735995441698915,
            -4.9971507237028865
        ],
        [
            25.98299208941284,
            -4.995863860041006
        ],
        [
            26.242987120509582,
            -4.994256438191234
        ],
        [
            26.51598003752651,
            -4.992289903526267
        ],
        [
            26.802970206811317,
            -4.989914459593455
        ],
        [
            27.103956901142435,
            -4.9870842942935
        ],
        [
            27.41893926858668,
            -4.983751397772526
        ],
        [
            27.747922131299795,
            -4.980393416074536
        ],
        [
            28.09090426476666,
            -4.976892541538334
        ],
        [
            28.447885668987276,
            -4.973248774163919
        ],
        [
            28.818866343961638,
            -4.969462113951291
        ],
        [
            29.204846237600734,
            -4.965522354269151
        ],
        [
            29.60582534990456,
            -4.961429495117497
        ],
        [
            30.02180368087312,
            -4.95718353649633
        ],
        [
            30.45278123050641,
            -4.95278447840565
        ],
        [
            30.89875799880443,
            -4.948232320845456
        ],
        [
            31.359733985767186,
            -4.94352706381575
        ],
        [
            31.83570919139467,
            -4.93866870731653
        ],
        [
            32.32667133886156,
            -4.932572007003823
        ],
        [
            32.83261953335722,
            -4.92533153142646
        ],
        [
            33.35355067600706,
            -4.916861311976402
        ],
        [
            33.88746169656472,
            -4.907113382602431
        ],
        [
            34.43234947300394,
            -4.8960539482984595
        ],
        [
            34.98521120967521,
            -4.883688669295128
        ],
        [
            35.544044091814214,
            -4.8700208296630905
        ],
        [
            36.106845544159924,
            -4.855070069228825
        ],
        [
            36.671613324388076,
            -4.8388727109205965
        ],
        [
            37.2363456158513,
            -4.8214819381171266
        ],
        [
            37.7993397777745,
            -4.824045849268737
        ],
        [
            38.35933693162945,
            -4.822260443332684
        ],
        [
            38.91425164107471,
            -4.812530836902661
        ],
        [
            39.46296517656495,
            -4.794797930491017
        ],
        [
            40.00437878462561,
            -4.7695926729692655
        ]
    ],
    "orientation": [
        0.0,
        0.0,
        0.0,
        0.0,
        0.0,
        0.0,
        0.0,
        0.0,
        0.0,
        0.0,
        0.0,
        0.0,
        0.0,
        0.0,
        0.0,
        0.0,
        0.0,
        0.0,
        0.0,
        0.0,
        0.0,
        0.0,
        0.0,
        0.0,
        0.0,
        0.0,
        0.0,
        0.0,
        0.0,
        0.0,
        0.0,
        0.0,
        0.0,
        0.0,
        0.0,
        0.0,
        0.0,
        0.0,
        0.0,
        0.0,
        0.0,
        0.0,
        0.0,
        0.0,
        0.0,
        0.0,
        0.0,
        0.0,
        0.0,
        0.0,
        0.0,
        0.0,
        0.0,
        0.0,
        0.0,
        0.0,
        0.0,
        0.0,
        0.0,
        0.0,
        0.0,
        0.0,
        0.0,
        0.0,
        0.0,
        0.0,
        0.0,
        0.0,
        0.0,
        0.0,
        0.0,
        0.0,
        0.0,
        0.0,
        0.0,
        0.0,
        0.0,
        0.0,
        0.0,
        0.0,
        0.0,
        0.0,
        0.0,
        0.0,
        0.0,
        0.0,
        0.0,
        0.0,
        0.0,
        0.0,
        0.0,
        0.0,
        0.0,
        0.0,
        0.0,
        0.0,
        0.0,
        0.0,
        0.0,
        0.0,
        0.0,
        0.0,
        0.0,
        0.0,
        0.0,
        0.0,
        0.0,
        0.0,
        0.0,
        0.0,
        0.0,
        0.0,
        0.0,
        0.0,
        0.0,
        0.0,
        0.0,
        0.0,
        0.0,
        0.0,
        0.0,
        0.0,
        0.0,
        0.0,
        0.0,
        0.0,
        0.0,
        0.0,
        0.0,
        0.0,
        0.0,
        0.0,
        0.0,
        0.0,
        0.0,
        0.0,
        0.0,
        0.0,
        0.0,
        0.0,
        0.0,
        0.0,
        0.0,
        0.0,
        0.0,
        0.0,
        0.0,
        0.0,
        0.0006919236264710001,
        0.0014287287854698487,
        0.0022104154769965467,
        0.0030369837010510922,
        0.003912173585344142,
        0.0048359851298756945,
        0.0058084183346457504,
        0.006829473199654308,
        0.007902889852612022,
        0.009028668293518893,
        0.01020680852237492,
        0.01020680852237492,
        0.01020680852237492,
        0.01020680852237492,
        0.01020680852237492,
        0.01020680852237492,
        0.01020680852237492,
        0.01020680852237492,
        0.01020680852237492,
        0.01020680852237492,
        0.01020680852237492,
        0.01020680852237492,
        0.012043211228306063,
        0.013935715849897015,
        0.01588432238714778,
        0.017881550584637047,
        0.019919920186943506,
        0.021988210810935195,
        0.024078942201190813,
        0.026184634102289057,
        0.028297806258808598,
        0.030410978415328145,
        0.0007197459893473374,
        0.0028142175073136116,
        0.015284771857350684,
        0.02968330800368293,
        0.043898256257439
    ],
    "velocity": [
        0.0,
        0.0,
        0.0,
        0.0,
        0.0,
        0.0,
        0.0,
        0.0,
        0.0,
        0.04000000000000001,
        0.09000000000000001,
        0.14,
        0.19,
        0.25,
        0.31,
        0.37,
        0.43,
        0.49,
        0.55,
        0.62,
        0.69,
        0.7599999999999999,
        0.8399999999999999,
        0.9199999999999999,
        1.0,
        1.09,
        1.1800000000000002,
        1.2800000000000002,
        1.3800000000000003,
        1.4800000000000004,
        1.5900000000000005,
        1.7000000000000006,
        1.8100000000000007,
        1.9300000000000006,
        2.0500000000000007,
        2.170000000000001,
        2.3000000000000007,
        2.4300000000000006,
        2.5600000000000005,
        2.6900000000000004,
        2.8200000000000003,
        2.95,
        3.08,
        3.2,
        3.3200000000000003,
        3.4400000000000004,
        3.5500000000000003,
        3.66,
        3.7600000000000002,
        3.8600000000000003,
        3.95,
        4.03,
        4.11,
        4.180000000000001,
        4.24,
        4.29,
        4.34,
        4.38,
        4.41,
        4.43,
        4.449999999999999,
        4.459999999999999,
        4.459999999999999,
        4.459999999999999,
        4.449999999999999,
        4.43,
        4.3999999999999995,
        4.359999999999999,
        4.31,
        4.25,
        4.18,
        4.1,
        4.02,
        3.9299999999999997,
        3.8299999999999996,
        3.7199999999999998,
        3.5999999999999996,
        3.4699999999999998,
        3.34,
        3.1999999999999997,
        3.0599999999999996,
        2.9099999999999997,
        2.76,
        2.5999999999999996,
        2.4299999999999997,
        2.2499999999999996,
        2.0499999999999994,
        1.8299999999999994,
        1.6299999999999994,
        1.4499999999999995,
        1.2899999999999996,
        1.1499999999999997,
        1.0299999999999998,
        0.9199999999999998,
        0.8199999999999998,
        0.7299999999999999,
        0.6499999999999999,
        0.58,
        0.52,
        0.47000000000000003,
        0.42000000000000004,
        0.38,
        0.33999999999999997,
        0.30999999999999994,
        0.2799999999999999,
        0.24999999999999992,
        0.22999999999999993,
        0.2099999999999999,
        0.1899999999999999,
        0.16999999999999987,
        0.15999999999999986,
        0.14999999999999986,
        0.13999999999999985,
        0.12999999999999984,
        0.11999999999999983,
        0.10999999999999982,
        0.09999999999999981,
        0.0899999999999998,
        0.0899999999999998,
        0.0899999999999998,
        0.0899999999999998,
        0.0899999999999998,
        0.0899999999999998,
        0.0899999999999998,
        0.1099999999999998,
        0.1399999999999998,
        0.1799999999999998,
        0.2199999999999998,
        0.2699999999999998,
        0.3199999999999998,
        0.3699999999999998,
        0.41999999999999976,
        0.47999999999999976,
        0.5399999999999998,
        0.5999999999999999,
        0.6599999999999999,
        0.7299999999999999,
        0.7999999999999998,
        0.8799999999999999,
        0.96,
        1.04,
        1.1300000000000001,
        1.2200000000000002,
        1.3200000000000003,
        1.4200000000000004,
        1.5200000000000005,
        1.6300000000000006,
        1.7400000000000007,
        1.8500000000000008,
        1.9700000000000006,
        2.0900000000000007,
        2.210000000000001,
        2.3400000000000007,
        2.4700000000000006,
        2.6000000000000005,
        2.7300000000000004,
        2.8700000000000006,
        3.0100000000000007,
        3.150000000000001,
        3.290000000000001,
        3.430000000000001,
        3.570000000000001,
        3.7100000000000013,
        3.860000000000001,
        4.010000000000002,
        4.160000000000002,
        4.310000000000002,
        4.460000000000003,
        4.610000000000003,
        4.760000000000003,
        4.910000000000004,
        5.060000000000004,
        5.210000000000004,
        5.340000000000004,
        5.450000000000005,
        5.530000000000005,
        5.590000000000004,
        5.630000000000004,
        5.650000000000004,
        5.650000000000004,
        5.630000000000004,
        5.600000000000004,
        5.550000000000004,
        5.490000000000005,
        5.420000000000004
    ],
    "acceleration": [
        0.0,
        0.0,
        0.0,
        0.0,
        0.0,
        0.0,
        0.0,
        0.0,
        0.4000000000000001,
        0.5,
        0.5,
        0.4999999999999999,
        0.6,
        0.6,
        0.6,
        0.6,
        0.6,
        0.6000000000000005,
        0.6999999999999995,
        0.6999999999999995,
        0.6999999999999995,
        0.7999999999999996,
        0.8000000000000007,
        0.8000000000000007,
        0.9000000000000008,
        0.9000000000000008,
        1.0000000000000009,
        1.0000000000000009,
        1.0000000000000009,
        1.100000000000001,
        1.100000000000001,
        1.100000000000001,
        1.1999999999999988,
        1.200000000000001,
        1.200000000000001,
        1.299999999999999,
        1.299999999999999,
        1.299999999999999,
        1.299999999999999,
        1.299999999999999,
        1.299999999999999,
        1.299999999999999,
        1.200000000000001,
        1.200000000000001,
        1.200000000000001,
        1.0999999999999988,
        1.0999999999999988,
        1.0000000000000009,
        1.0000000000000009,
        0.8999999999999986,
        0.8000000000000007,
        0.8000000000000007,
        0.7000000000000028,
        0.5999999999999961,
        0.4999999999999982,
        0.4999999999999982,
        0.40000000000000036,
        0.3000000000000025,
        0.19999999999999574,
        0.19999999999999574,
        0.09999999999999787,
        0.0,
        0.0,
        -0.09999999999999787,
        -0.19999999999999574,
        -0.3000000000000025,
        -0.40000000000000036,
        -0.4999999999999982,
        -0.5999999999999961,
        -0.7000000000000028,
        -0.8000000000000007,
        -0.8000000000000007,
        -0.8999999999999986,
        -1.0000000000000009,
        -1.0999999999999988,
        -1.200000000000001,
        -1.299999999999999,
        -1.299999999999999,
        -1.4000000000000012,
        -1.4000000000000012,
        -1.4999999999999991,
        -1.4999999999999991,
        -1.6000000000000014,
        -1.6999999999999993,
        -1.8000000000000016,
        -2.0000000000000018,
        -2.1999999999999997,
        -1.9999999999999996,
        -1.7999999999999994,
        -1.5999999999999992,
        -1.399999999999999,
        -1.1999999999999988,
        -1.0999999999999999,
        -0.9999999999999998,
        -0.8999999999999997,
        -0.7999999999999996,
        -0.6999999999999995,
        -0.5999999999999994,
        -0.4999999999999999,
        -0.4999999999999999,
        -0.40000000000000036,
        -0.40000000000000036,
        -0.30000000000000027,
        -0.30000000000000027,
        -0.3,
        -0.1999999999999999,
        -0.20000000000000018,
        -0.20000000000000018,
        -0.20000000000000018,
        -0.10000000000000009,
        -0.10000000000000009,
        -0.10000000000000009,
        -0.10000000000000009,
        -0.10000000000000009,
        -0.10000000000000009,
        -0.10000000000000009,
        -0.10000000000000009,
        0.0,
        0.0,
        0.0,
        0.0,
        0.0,
        0.0,
        0.20000000000000004,
        0.2999999999999998,
        0.4000000000000001,
        0.4000000000000001,
        0.4999999999999999,
        0.4999999999999999,
        0.4999999999999999,
        0.4999999999999999,
        0.6,
        0.6000000000000005,
        0.6000000000000005,
        0.6000000000000005,
        0.6999999999999995,
        0.6999999999999995,
        0.8000000000000007,
        0.8000000000000007,
        0.8000000000000007,
        0.9000000000000008,
        0.9000000000000008,
        1.0000000000000009,
        1.0000000000000009,
        1.0000000000000009,
        1.100000000000001,
        1.100000000000001,
        1.100000000000001,
        1.1999999999999988,
        1.200000000000001,
        1.200000000000001,
        1.299999999999999,
        1.299999999999999,
        1.299999999999999,
        1.299999999999999,
        1.4000000000000012,
        1.4000000000000012,
        1.4000000000000012,
        1.4000000000000012,
        1.4000000000000012,
        1.4000000000000012,
        1.4000000000000012,
        1.4999999999999991,
        1.5000000000000036,
        1.5000000000000036,
        1.5000000000000036,
        1.5000000000000036,
        1.5000000000000036,
        1.5000000000000036,
        1.5000000000000036,
        1.5000000000000036,
        1.5000000000000036,
        1.299999999999999,
        1.1000000000000032,
        0.8000000000000007,
        0.5999999999999961,
        0.40000000000000036,
        0.19999999999999574,
        0.0,
        -0.19999999999999574,
        -0.3000000000000025,
        -0.4999999999999982,
        -0.5999999999999961,
        -0.7000000000000028
    ],
    "accelerationCost": 165.56000000000012,
    "accelerationCostWeighted": 165.56000000000012,
    "jerk": [
        0.0,
        0.0,
        0.0,
        0.0,
        0.0,
        0.0,
        0.0,
        4.000000000000001,
        0.9999999999999992,
        0.0,
        -1.1102230246251565e-15,
        1.0000000000000009,
        0.0,
        0.0,
        0.0,
        0.0,
        5.551115123125783e-15,
        0.9999999999999898,
        0.0,
        0.0,
        1.0000000000000009,
        1.1102230246251565e-14,
        0.0,
        1.0000000000000009,
        0.0,
        1.0000000000000009,
        0.0,
        0.0,
        1.0000000000000009,
        0.0,
        0.0,
        0.9999999999999787,
        2.220446049250313e-14,
        0.0,
        0.9999999999999787,
        0.0,
        0.0,
        0.0,
        0.0,
        0.0,
        0.0,
        -0.9999999999999787,
        0.0,
        0.0,
        -1.000000000000023,
        0.0,
        -0.9999999999999787,
        0.0,
        -1.000000000000023,
        -0.9999999999999787,
        0.0,
        -0.9999999999999787,
        -1.0000000000000675,
        -0.9999999999999787,
        0.0,
        -0.9999999999999787,
        -0.9999999999999787,
        -1.0000000000000675,
        0.0,
        -0.9999999999999787,
        -0.9999999999999787,
        0.0,
        -0.9999999999999787,
        -0.9999999999999787,
        -1.0000000000000675,
        -0.9999999999999787,
        -0.9999999999999787,
        -0.9999999999999787,
        -1.0000000000000675,
        -0.9999999999999787,
        0.0,
        -0.9999999999999787,
        -1.000000000000023,
        -0.9999999999999787,
        -1.000000000000023,
        -0.9999999999999787,
        0.0,
        -1.000000000000023,
        0.0,
        -0.9999999999999787,
        0.0,
        -1.000000000000023,
        -0.9999999999999787,
        -1.000000000000023,
        -2.0000000000000018,
        -1.9999999999999796,
        2.0000000000000018,
        2.0000000000000018,
        2.0000000000000018,
        2.0000000000000018,
        2.0000000000000018,
        0.9999999999999898,
        1.0000000000000009,
        1.0000000000000009,
        1.0000000000000009,
        1.0000000000000009,
        1.0000000000000009,
        0.9999999999999953,
        0.0,
        0.9999999999999953,
        0.0,
        1.0000000000000009,
        0.0,
        2.7755575615628914e-15,
        1.0000000000000009,
        -2.7755575615628914e-15,
        0.0,
        0.0,
        1.0000000000000009,
        0.0,
        0.0,
        0.0,
        0.0,
        0.0,
        0.0,
        0.0,
        1.0000000000000009,
        0.0,
        0.0,
        0.0,
        0.0,
        0.0,
        2.0000000000000004,
        0.9999999999999978,
        1.0000000000000024,
        0.0,
        0.9999999999999981,
        0.0,
        0.0,
        0.0,
        1.0000000000000009,
        5.551115123125783e-15,
        0.0,
        0.0,
        0.9999999999999898,
        0.0,
        1.000000000000012,
        0.0,
        0.0,
        1.0000000000000009,
        0.0,
        1.0000000000000009,
        0.0,
        0.0,
        1.0000000000000009,
        0.0,
        0.0,
        0.9999999999999787,
        2.220446049250313e-14,
        0.0,
        0.9999999999999787,
        0.0,
        0.0,
        0.0,
        1.000000000000023,
        0.0,
        0.0,
        0.0,
        0.0,
        0.0,
        0.0,
        0.9999999999999787,
        4.440892098500626e-14,
        0.0,
        0.0,
        0.0,
        0.0,
        0.0,
        0.0,
        0.0,
        0.0,
        -2.000000000000046,
        -1.9999999999999574,
        -3.000000000000025,
        -2.000000000000046,
        -1.9999999999999574,
        -2.000000000000046,
        -1.9999999999999574,
        -1.9999999999999574,
        -1.0000000000000675,
        -1.9999999999999574,
        -0.9999999999999787,
        -1.0000000000000675
    ],
    "jerkCost": 156.9999999999998,
    "jerkCostWeighted": 15.699999999999982,
    "steeringAngle": [
        0.0,
        0.0,
        0.0,
        0.0,
        0.0,
        0.0,
        0.0,
        0.0,
        0.0,
        0.0,
        0.0,
        0.0,
        0.0,
        0.0,
        0.0,
        0.0,
        0.0,
        0.0,
        0.0,
        0.0,
        0.0,
        0.0,
        0.0,
        0.0,
        0.0,
        0.0,
        0.0,
        0.0,
        0.0,
        0.0,
        0.0,
        0.0,
        0.0,
        0.0,
        0.0,
        0.0,
        0.0,
        0.0,
        0.0,
        0.0,
        0.0,
        0.0,
        0.0,
        0.0,
        0.0,
        0.0,
        0.0,
        0.0,
        0.0,
        0.0,
        0.0,
        0.0,
        0.0,
        0.0,
        0.0,
        0.0,
        0.0,
        0.0,
        0.0,
        0.0,
        0.0,
        0.0,
        0.0,
        0.0,
        0.0,
        0.0,
        0.0,
        0.0,
        0.0,
        0.0,
        0.0,
        0.0,
        0.0,
        0.0,
        0.0,
        0.0,
        0.0,
        0.0,
        0.0,
        0.0,
        0.0,
        0.0,
        0.0,
        0.0,
        0.0,
        0.0,
        0.0,
        0.0,
        0.0,
        0.0,
        0.0,
        0.0,
        0.0,
        0.0,
        0.0,
        0.0,
        0.0,
        0.0,
        0.0,
        0.0,
        0.0,
        0.0,
        0.0,
        0.0,
        0.0,
        0.0,
        0.0,
        0.0,
        0.0,
        0.0,
        0.0,
        0.0,
        0.0,
        0.0,
        0.0,
        0.0,
        0.0,
        0.0,
        0.0,
        0.0,
        0.0,
        0.0,
        0.0,
        0.0,
        0.0,
        0.0,
        0.0,
        0.0,
        0.0,
        0.0,
        0.0,
        0.0,
        0.0,
        0.0,
        0.0,
        0.0,
        0.0,
        0.0,
        0.0,
        0.0,
        0.0,
        0.0,
        0.0,
        0.0,
        0.0,
        0.0,
        0.0,
        0.0,
        0.6000000238418579,
        0.6000000238418579,
        0.6000000238418579,
        0.6000000238418579,
        0.6000000238418579,
        0.6000000238418579,
        0.6000000238418579,
        0.6000000238418579,
        0.6000000238418579,
        0.6000000238418579,
        0.6000000238418579,
        0.0,
        0.0,
        0.0,
        0.0,
        0.0,
        0.0,
        0.0,
        0.0,
        0.0,
        0.0,
        0.0,
        0.6000000238418579,
        0.6000000238418579,
        0.6000000238418579,
        0.6000000238418579,
        0.6000000238418579,
        0.6000000238418579,
        0.6000000238418579,
        0.6000000238418579,
        0.6000000238418579,
        0.6000000238418579,
        -8.399999618530273,
        0.6000000238418579,
        3.6000001430511475,
        4.199999809265137,
        4.199999809265137
    ],
    "steeringAngleCost": 0.03860111701255334,
    "steeringAngleCostWeighted": 0.03860111701255334,
    "steeringRate": [
        0.0,
        0.0,
        0.0,
        0.0,
        0.0,
        0.0,
        0.0,
        0.0,
        0.0,
        0.0,
        0.0,
        0.0,
        0.0,
        0.0,
        0.0,
        0.0,
        0.0,
        0.0,
        0.0,
        0.0,
        0.0,
        0.0,
        0.0,
        0.0,
        0.0,
        0.0,
        0.0,
        0.0,
        0.0,
        0.0,
        0.0,
        0.0,
        0.0,
        0.0,
        0.0,
        0.0,
        0.0,
        0.0,
        0.0,
        0.0,
        0.0,
        0.0,
        0.0,
        0.0,
        0.0,
        0.0,
        0.0,
        0.0,
        0.0,
        0.0,
        0.0,
        0.0,
        0.0,
        0.0,
        0.0,
        0.0,
        0.0,
        0.0,
        0.0,
        0.0,
        0.0,
        0.0,
        0.0,
        0.0,
        0.0,
        0.0,
        0.0,
        0.0,
        0.0,
        0.0,
        0.0,
        0.0,
        0.0,
        0.0,
        0.0,
        0.0,
        0.0,
        0.0,
        0.0,
        0.0,
        0.0,
        0.0,
        0.0,
        0.0,
        0.0,
        0.0,
        0.0,
        0.0,
        0.0,
        0.0,
        0.0,
        0.0,
        0.0,
        0.0,
        0.0,
        0.0,
        0.0,
        0.0,
        0.0,
        0.0,
        0.0,
        0.0,
        0.0,
        0.0,
        0.0,
        0.0,
        0.0,
        0.0,
        0.0,
        0.0,
        0.0,
        0.0,
        0.0,
        0.0,
        0.0,
        0.0,
        0.0,
        0.0,
        0.0,
        0.0,
        0.0,
        0.0,
        0.0,
        0.0,
        0.0,
        0.0,
        0.0,
        0.0,
        0.0,
        0.0,
        0.0,
        0.0,
        0.0,
        0.0,
        0.0,
        0.0,
        0.0,
        0.0,
        0.0,
        0.0,
        0.0,
        0.0,
        0.0,
        0.0,
        0.0,
        0.0,
        0.0,
        6.000000238418579,
        0.0,
        0.0,
        0.0,
        0.0,
        0.0,
        0.0,
        0.0,
        0.0,
        0.0,
        0.0,
        -6.000000238418579,
        0.0,
        0.0,
        0.0,
        0.0,
        0.0,
        0.0,
        0.0,
        0.0,
        0.0,
        0.0,
        6.000000238418579,
        0.0,
        0.0,
        0.0,
        0.0,
        0.0,
        0.0,
        0.0,
        0.0,
        0.0,
        -89.99999642372131,
        89.99999642372131,
        30.000001192092896,
        5.999996662139893,
        0.0
    ],
    "steeringRateCost": 5.252822406820416,
    "steeringRateCostWeighted": 5.252822406820416,
    "yawRate": [
        0.0,
        0.0,
        0.0,
        0.0,
        0.0,
        0.0,
        0.0,
        0.0,
        0.0,
        0.0,
        0.0,
        0.0,
        0.0,
        0.0,
        0.0,
        0.0,
        0.0,
        0.0,
        0.0,
        0.0,
        0.0,
        0.0,
        0.0,
        0.0,
        0.0,
        0.0,
        0.0,
        0.0,
        0.0,
        0.0,
        0.0,
        0.0,
        0.0,
        0.0,
        0.0,
        0.0,
        0.0,
        0.0,
        0.0,
        0.0,
        0.0,
        0.0,
        0.0,
        0.0,
        0.0,
        0.0,
        0.0,
        0.0,
        0.0,
        0.0,
        0.0,
        0.0,
        0.0,
        0.0,
        0.0,
        0.0,
        0.0,
        0.0,
        0.0,
        0.0,
        0.0,
        0.0,
        0.0,
        0.0,
        0.0,
        0.0,
        0.0,
        0.0,
        0.0,
        0.0,
        0.0,
        0.0,
        0.0,
        0.0,
        0.0,
        0.0,
        0.0,
        0.0,
        0.0,
        0.0,
        0.0,
        0.0,
        0.0,
        0.0,
        0.0,
        0.0,
        0.0,
        0.0,
        0.0,
        0.0,
        0.0,
        0.0,
        0.0,
        0.0,
        0.0,
        0.0,
        0.0,
        0.0,
        0.0,
        0.0,
        0.0,
        0.0,
        0.0,
        0.0,
        0.0,
        0.0,
        0.0,
        0.0,
        0.0,
        0.0,
        0.0,
        0.0,
        0.0,
        0.0,
        0.0,
        0.0,
        0.0,
        0.0,
        0.0,
        0.0,
        0.0,
        0.0,
        0.0,
        0.0,
        0.0,
        0.0,
        0.0,
        0.0,
        0.0,
        0.0,
        0.0,
        0.0,
        0.0,
        0.0,
        0.0,
        0.0,
        0.0,
        0.0,
        0.0,
        0.0,
        0.0,
        0.0,
        0.0,
        0.0,
        0.0,
        0.0,
        0.0,
        0.00691923626471,
        0.007368051589988486,
        0.00781686691526698,
        0.008265682240545455,
        0.008751898842930496,
        0.009238115445315527,
        0.00972433204770056,
        0.010210548650085574,
        0.010734166529577146,
        0.01125778440906871,
        0.011781402288560273,
        0.0,
        0.0,
        0.0,
        0.0,
        0.0,
        0.0,
        0.0,
        0.0,
        0.0,
        0.0,
        0.0,
        0.018364027059311425,
        0.01892504621590952,
        0.019486065372507633,
        0.019972281974892682,
        0.0203836960230646,
        0.020682906239916886,
        0.02090731390255618,
        0.021056919010982444,
        0.021131721565195404,
        0.021131721565195473,
        -0.29691232425980807,
        0.02094471517966274,
        0.12470554350037072,
        0.14398536146332247,
        0.14214948253756066
    ],
    "yawRateCost": 0.1501493287817304,
    "yawRateCostWeighted": 0.1501493287817304,
    "distanceToObstaclesCost": 62.85645692354477,
    "distanceToObstaclesCostWeighted": 628.5645692354477,
    "distanceToCenterLinesCost": 70.62249034832195,
    "distanceToCenterLinesCostWeighted": 70.62249034832195,
    "obstacles": [
        [
            {
                "position": [
                    10.0,
                    -5.0
                ],
                "dimension": [
                    3.75,
                    2.1
                ],
                "orientation": 0.0
            }
        ],
        [
            {
                "position": [
                    10.0,
                    -5.0
                ],
                "dimension": [
                    3.75,
                    2.1
                ],
                "orientation": 0.0
            }
        ],
        [
            {
                "position": [
                    10.0,
                    -5.0
                ],
                "dimension": [
                    3.75,
                    2.1
                ],
                "orientation": 0.0
            }
        ],
        [
            {
                "position": [
                    10.0,
                    -5.0
                ],
                "dimension": [
                    3.75,
                    2.1
                ],
                "orientation": 0.0
            }
        ],
        [
            {
                "position": [
                    10.0,
                    -5.0
                ],
                "dimension": [
                    3.75,
                    2.1
                ],
                "orientation": 0.0
            }
        ],
        [
            {
                "position": [
                    10.0,
                    -5.0
                ],
                "dimension": [
                    3.75,
                    2.1
                ],
                "orientation": 0.0
            }
        ],
        [
            {
                "position": [
                    10.0,
                    -5.0
                ],
                "dimension": [
                    3.75,
                    2.1
                ],
                "orientation": 0.0
            }
        ],
        [
            {
                "position": [
                    10.0,
                    -5.0
                ],
                "dimension": [
                    3.75,
                    2.1
                ],
                "orientation": 0.0
            }
        ],
        [
            {
                "position": [
                    10.0,
                    -5.0
                ],
                "dimension": [
                    3.75,
                    2.1
                ],
                "orientation": 0.0
            }
        ],
        [
            {
                "position": [
                    10.0,
                    -5.0
                ],
                "dimension": [
                    3.75,
                    2.1
                ],
                "orientation": 0.0
            }
        ],
        [
            {
                "position": [
                    10.0,
                    -5.0
                ],
                "dimension": [
                    3.75,
                    2.1
                ],
                "orientation": 0.0
            }
        ],
        [
            {
                "position": [
                    10.0,
                    -5.0
                ],
                "dimension": [
                    3.75,
                    2.1
                ],
                "orientation": 0.0
            }
        ],
        [
            {
                "position": [
                    10.1875,
                    -5.0
                ],
                "dimension": [
                    3.75,
                    2.1
                ],
                "orientation": 0.0
            }
        ],
        [
            {
                "position": [
                    10.375,
                    -5.0
                ],
                "dimension": [
                    3.75,
                    2.1
                ],
                "orientation": 0.0
            }
        ],
        [
            {
                "position": [
                    10.5625,
                    -5.0
                ],
                "dimension": [
                    3.75,
                    2.1
                ],
                "orientation": 0.0
            }
        ],
        [
            {
                "position": [
                    10.75,
                    -5.0
                ],
                "dimension": [
                    3.75,
                    2.1
                ],
                "orientation": 0.0
            }
        ],
        [
            {
                "position": [
                    10.9375,
                    -5.0
                ],
                "dimension": [
                    3.75,
                    2.1
                ],
                "orientation": 0.0
            }
        ],
        [
            {
                "position": [
                    11.125,
                    -5.0
                ],
                "dimension": [
                    3.75,
                    2.1
                ],
                "orientation": 0.0
            }
        ],
        [
            {
                "position": [
                    11.3125,
                    -5.0
                ],
                "dimension": [
                    3.75,
                    2.1
                ],
                "orientation": 0.0
            }
        ],
        [
            {
                "position": [
                    11.5,
                    -5.0
                ],
                "dimension": [
                    3.75,
                    2.1
                ],
                "orientation": 0.0
            }
        ],
        [
            {
                "position": [
                    11.6875,
                    -5.0
                ],
                "dimension": [
                    3.75,
                    2.1
                ],
                "orientation": 0.0
            }
        ],
        [
            {
                "position": [
                    11.875,
                    -5.0
                ],
                "dimension": [
                    3.75,
                    2.1
                ],
                "orientation": 0.0
            }
        ],
        [
            {
                "position": [
                    12.0625,
                    -5.0
                ],
                "dimension": [
                    3.75,
                    2.1
                ],
                "orientation": 0.0
            }
        ],
        [
            {
                "position": [
                    12.25,
                    -5.0
                ],
                "dimension": [
                    3.75,
                    2.1
                ],
                "orientation": 0.0
            }
        ],
        [
            {
                "position": [
                    12.4375,
                    -5.0
                ],
                "dimension": [
                    3.75,
                    2.1
                ],
                "orientation": 0.0
            }
        ],
        [
            {
                "position": [
                    12.625,
                    -5.0
                ],
                "dimension": [
                    3.75,
                    2.1
                ],
                "orientation": 0.0
            }
        ],
        [
            {
                "position": [
                    12.8125,
                    -5.0
                ],
                "dimension": [
                    3.75,
                    2.1
                ],
                "orientation": 0.0
            }
        ],
        [
            {
                "position": [
                    13.0,
                    -5.0
                ],
                "dimension": [
                    3.75,
                    2.1
                ],
                "orientation": 0.0
            }
        ],
        [
            {
                "position": [
                    13.1875,
                    -5.0
                ],
                "dimension": [
                    3.75,
                    2.1
                ],
                "orientation": 0.0
            }
        ],
        [
            {
                "position": [
                    13.375,
                    -5.0
                ],
                "dimension": [
                    3.75,
                    2.1
                ],
                "orientation": 0.0
            }
        ],
        [
            {
                "position": [
                    13.5625,
                    -5.0
                ],
                "dimension": [
                    3.75,
                    2.1
                ],
                "orientation": 0.0
            }
        ],
        [
            {
                "position": [
                    13.75,
                    -5.0
                ],
                "dimension": [
                    3.75,
                    2.1
                ],
                "orientation": 0.0
            }
        ],
        [
            {
                "position": [
                    13.9375,
                    -5.0
                ],
                "dimension": [
                    3.75,
                    2.1
                ],
                "orientation": 0.0
            }
        ],
        [
            {
                "position": [
                    14.125,
                    -5.0
                ],
                "dimension": [
                    3.75,
                    2.1
                ],
                "orientation": 0.0
            }
        ],
        [
            {
                "position": [
                    14.3125,
                    -5.0
                ],
                "dimension": [
                    3.75,
                    2.1
                ],
                "orientation": 0.0
            }
        ],
        [
            {
                "position": [
                    14.5,
                    -5.0
                ],
                "dimension": [
                    3.75,
                    2.1
                ],
                "orientation": 0.0
            }
        ],
        [
            {
                "position": [
                    14.6875,
                    -5.0
                ],
                "dimension": [
                    3.75,
                    2.1
                ],
                "orientation": 0.0
            }
        ],
        [
            {
                "position": [
                    14.875,
                    -5.0
                ],
                "dimension": [
                    3.75,
                    2.1
                ],
                "orientation": 0.0
            }
        ],
        [
            {
                "position": [
                    15.0,
                    -5.0
                ],
                "dimension": [
                    3.75,
                    2.1
                ],
                "orientation": 0.0
            }
        ],
        [
            {
                "position": [
                    15.1875,
                    -5.0
                ],
                "dimension": [
                    3.75,
                    2.1
                ],
                "orientation": 0.0
            }
        ],
        [
            {
                "position": [
                    15.375,
                    -5.0
                ],
                "dimension": [
                    3.75,
                    2.1
                ],
                "orientation": 0.0
            }
        ],
        [
            {
                "position": [
                    15.5625,
                    -5.0
                ],
                "dimension": [
                    3.75,
                    2.1
                ],
                "orientation": 0.0
            }
        ],
        [
            {
                "position": [
                    15.75,
                    -5.0
                ],
                "dimension": [
                    3.75,
                    2.1
                ],
                "orientation": 0.0
            }
        ],
        [
            {
                "position": [
                    15.9375,
                    -5.0
                ],
                "dimension": [
                    3.75,
                    2.1
                ],
                "orientation": 0.0
            }
        ],
        [
            {
                "position": [
                    16.125,
                    -5.0
                ],
                "dimension": [
                    3.75,
                    2.1
                ],
                "orientation": 0.0
            }
        ],
        [
            {
                "position": [
                    16.3125,
                    -5.0
                ],
                "dimension": [
                    3.75,
                    2.1
                ],
                "orientation": 0.0
            }
        ],
        [
            {
                "position": [
                    16.5,
                    -5.0
                ],
                "dimension": [
                    3.75,
                    2.1
                ],
                "orientation": 0.0
            }
        ],
        [
            {
                "position": [
                    16.6875,
                    -5.0
                ],
                "dimension": [
                    3.75,
                    2.1
                ],
                "orientation": 0.0
            }
        ],
        [
            {
                "position": [
                    16.875,
                    -5.0
                ],
                "dimension": [
                    3.75,
                    2.1
                ],
                "orientation": 0.0
            }
        ],
        [
            {
                "position": [
                    17.0625,
                    -5.0
                ],
                "dimension": [
                    3.75,
                    2.1
                ],
                "orientation": 0.0
            }
        ],
        [
            {
                "position": [
                    17.25,
                    -5.0
                ],
                "dimension": [
                    3.75,
                    2.1
                ],
                "orientation": 0.0
            }
        ],
        [
            {
                "position": [
                    17.4375,
                    -5.0
                ],
                "dimension": [
                    3.75,
                    2.1
                ],
                "orientation": 0.0
            }
        ],
        [
            {
                "position": [
                    17.625,
                    -5.0
                ],
                "dimension": [
                    3.75,
                    2.1
                ],
                "orientation": 0.0
            }
        ],
        [
            {
                "position": [
                    17.8125,
                    -5.0
                ],
                "dimension": [
                    3.75,
                    2.1
                ],
                "orientation": 0.0
            }
        ],
        [
            {
                "position": [
                    18.0,
                    -5.0
                ],
                "dimension": [
                    3.75,
                    2.1
                ],
                "orientation": 0.0
            }
        ],
        [
            {
                "position": [
                    18.1875,
                    -5.0
                ],
                "dimension": [
                    3.75,
                    2.1
                ],
                "orientation": 0.0
            }
        ],
        [
            {
                "position": [
                    18.375,
                    -5.0
                ],
                "dimension": [
                    3.75,
                    2.1
                ],
                "orientation": 0.0
            }
        ],
        [
            {
                "position": [
                    18.5625,
                    -5.0
                ],
                "dimension": [
                    3.75,
                    2.1
                ],
                "orientation": 0.0
            }
        ],
        [
            {
                "position": [
                    18.75,
                    -5.0
                ],
                "dimension": [
                    3.75,
                    2.1
                ],
                "orientation": 0.0
            }
        ],
        [
            {
                "position": [
                    18.9375,
                    -5.0
                ],
                "dimension": [
                    3.75,
                    2.1
                ],
                "orientation": 0.0
            }
        ],
        [
            {
                "position": [
                    19.125,
                    -5.0
                ],
                "dimension": [
                    3.75,
                    2.1
                ],
                "orientation": 0.0
            }
        ],
        [
            {
                "position": [
                    19.3125,
                    -5.0
                ],
                "dimension": [
                    3.75,
                    2.1
                ],
                "orientation": 0.0
            }
        ],
        [
            {
                "position": [
                    19.5,
                    -5.0
                ],
                "dimension": [
                    3.75,
                    2.1
                ],
                "orientation": 0.0
            }
        ],
        [
            {
                "position": [
                    19.6875,
                    -5.0
                ],
                "dimension": [
                    3.75,
                    2.1
                ],
                "orientation": 0.0
            }
        ],
        [
            {
                "position": [
                    19.875,
                    -5.0
                ],
                "dimension": [
                    3.75,
                    2.1
                ],
                "orientation": 0.0
            }
        ],
        [
            {
                "position": [
                    20.0,
                    -5.0
                ],
                "dimension": [
                    3.75,
                    2.1
                ],
                "orientation": 0.0
            }
        ],
        [
            {
                "position": [
                    20.2625,
                    -5.0
                ],
                "dimension": [
                    3.75,
                    2.1
                ],
                "orientation": 0.0
            }
        ],
        [
            {
                "position": [
                    20.525,
                    -5.0
                ],
                "dimension": [
                    3.75,
                    2.1
                ],
                "orientation": 0.0
            }
        ],
        [
            {
                "position": [
                    20.7875,
                    -5.0
                ],
                "dimension": [
                    3.75,
                    2.1
                ],
                "orientation": 0.0
            }
        ],
        [
            {
                "position": [
                    21.05,
                    -5.0
                ],
                "dimension": [
                    3.75,
                    2.1
                ],
                "orientation": 0.0
            }
        ],
        [
            {
                "position": [
                    21.3125,
                    -5.0
                ],
                "dimension": [
                    3.75,
                    2.1
                ],
                "orientation": 0.0
            }
        ],
        [
            {
                "position": [
                    21.575,
                    -5.0
                ],
                "dimension": [
                    3.75,
                    2.1
                ],
                "orientation": 0.0
            }
        ],
        [
            {
                "position": [
                    21.8375,
                    -5.0
                ],
                "dimension": [
                    3.75,
                    2.1
                ],
                "orientation": 0.0
            }
        ],
        [
            {
                "position": [
                    22.1,
                    -5.0
                ],
                "dimension": [
                    3.75,
                    2.1
                ],
                "orientation": 0.0
            }
        ],
        [
            {
                "position": [
                    22.3625,
                    -5.0
                ],
                "dimension": [
                    3.75,
                    2.1
                ],
                "orientation": 0.0
            }
        ],
        [
            {
                "position": [
                    22.625,
                    -5.0
                ],
                "dimension": [
                    3.75,
                    2.1
                ],
                "orientation": 0.0
            }
        ],
        [
            {
                "position": [
                    22.8875,
                    -5.0
                ],
                "dimension": [
                    3.75,
                    2.1
                ],
                "orientation": 0.0
            }
        ],
        [
            {
                "position": [
                    23.15,
                    -5.0
                ],
                "dimension": [
                    3.75,
                    2.1
                ],
                "orientation": 0.0
            }
        ],
        [
            {
                "position": [
                    23.4125,
                    -5.0
                ],
                "dimension": [
                    3.75,
                    2.1
                ],
                "orientation": 0.0
            }
        ],
        [
            {
                "position": [
                    23.675,
                    -5.0
                ],
                "dimension": [
                    3.75,
                    2.1
                ],
                "orientation": 0.0
            }
        ],
        [
            {
                "position": [
                    23.9375,
                    -5.0
                ],
                "dimension": [
                    3.75,
                    2.1
                ],
                "orientation": 0.0
            }
        ],
        [
            {
                "position": [
                    24.2,
                    -5.0
                ],
                "dimension": [
                    3.75,
                    2.1
                ],
                "orientation": 0.0
            }
        ],
        [
            {
                "position": [
                    24.4625,
                    -5.0
                ],
                "dimension": [
                    3.75,
                    2.1
                ],
                "orientation": 0.0
            }
        ],
        [
            {
                "position": [
                    24.725,
                    -5.0
                ],
                "dimension": [
                    3.75,
                    2.1
                ],
                "orientation": 0.0
            }
        ],
        [
            {
                "position": [
                    24.9875,
                    -5.0
                ],
                "dimension": [
                    3.75,
                    2.1
                ],
                "orientation": 0.0
            }
        ],
        [
            {
                "position": [
                    25.25,
                    -5.0
                ],
                "dimension": [
                    3.75,
                    2.1
                ],
                "orientation": 0.0
            }
        ],
        [
            {
                "position": [
                    25.5125,
                    -5.0
                ],
                "dimension": [
                    3.75,
                    2.1
                ],
                "orientation": 0.0
            }
        ],
        [
            {
                "position": [
                    25.775,
                    -5.0
                ],
                "dimension": [
                    3.75,
                    2.1
                ],
                "orientation": 0.0
            }
        ],
        [
            {
                "position": [
                    26.0375,
                    -5.0
                ],
                "dimension": [
                    3.75,
                    2.1
                ],
                "orientation": 0.0
            }
        ],
        [
            {
                "position": [
                    26.3,
                    -5.0
                ],
                "dimension": [
                    3.75,
                    2.1
                ],
                "orientation": 0.0
            }
        ],
        [
            {
                "position": [
                    26.5625,
                    -5.0
                ],
                "dimension": [
                    3.75,
                    2.1
                ],
                "orientation": 0.0
            }
        ],
        [
            {
                "position": [
                    26.825,
                    -5.0
                ],
                "dimension": [
                    3.75,
                    2.1
                ],
                "orientation": 0.0
            }
        ],
        [
            {
                "position": [
                    27.0,
                    -5.0
                ],
                "dimension": [
                    3.75,
                    2.1
                ],
                "orientation": 0.0
            }
        ],
        [
            {
                "position": [
                    27.3,
                    -5.0
                ],
                "dimension": [
                    3.75,
                    2.1
                ],
                "orientation": 0.0
            }
        ],
        [
            {
                "position": [
                    27.6,
                    -5.0
                ],
                "dimension": [
                    3.75,
                    2.1
                ],
                "orientation": 0.0
            }
        ],
        [
            {
                "position": [
                    27.9,
                    -5.0
                ],
                "dimension": [
                    3.75,
                    2.1
                ],
                "orientation": 0.0
            }
        ],
        [
            {
                "position": [
                    28.2,
                    -5.0
                ],
                "dimension": [
                    3.75,
                    2.1
                ],
                "orientation": 0.0
            }
        ],
        [
            {
                "position": [
                    28.5,
                    -5.0
                ],
                "dimension": [
                    3.75,
                    2.1
                ],
                "orientation": 0.0
            }
        ],
        [
            {
                "position": [
                    28.8,
                    -5.0
                ],
                "dimension": [
                    3.75,
                    2.1
                ],
                "orientation": 0.0
            }
        ],
        [
            {
                "position": [
                    29.1,
                    -5.0
                ],
                "dimension": [
                    3.75,
                    2.1
                ],
                "orientation": 0.0
            }
        ],
        [
            {
                "position": [
                    29.4,
                    -5.0
                ],
                "dimension": [
                    3.75,
                    2.1
                ],
                "orientation": 0.0
            }
        ],
        [
            {
                "position": [
                    29.7,
                    -5.0
                ],
                "dimension": [
                    3.75,
                    2.1
                ],
                "orientation": 0.0
            }
        ],
        [
            {
                "position": [
                    30.0,
                    -5.0
                ],
                "dimension": [
                    3.75,
                    2.1
                ],
                "orientation": 0.0
            }
        ],
        [
            {
                "position": [
                    30.3,
                    -5.0
                ],
                "dimension": [
                    3.75,
                    2.1
                ],
                "orientation": 0.0
            }
        ],
        [
            {
                "position": [
                    30.6,
                    -5.0
                ],
                "dimension": [
                    3.75,
                    2.1
                ],
                "orientation": 0.0
            }
        ],
        [
            {
                "position": [
                    30.9,
                    -5.0
                ],
                "dimension": [
                    3.75,
                    2.1
                ],
                "orientation": 0.0
            }
        ],
        [
            {
                "position": [
                    31.2,
                    -5.0
                ],
                "dimension": [
                    3.75,
                    2.1
                ],
                "orientation": 0.0
            }
        ],
        [
            {
                "position": [
                    31.5,
                    -5.0
                ],
                "dimension": [
                    3.75,
                    2.1
                ],
                "orientation": 0.0
            }
        ],
        [
            {
                "position": [
                    31.8,
                    -5.0
                ],
                "dimension": [
                    3.75,
                    2.1
                ],
                "orientation": 0.0
            }
        ],
        [
            {
                "position": [
                    32.1,
                    -5.0
                ],
                "dimension": [
                    3.75,
                    2.1
                ],
                "orientation": 0.0
            }
        ],
        [
            {
                "position": [
                    32.4,
                    -5.0
                ],
                "dimension": [
                    3.75,
                    2.1
                ],
                "orientation": 0.0
            }
        ],
        [
            {
                "position": [
                    32.7,
                    -5.0
                ],
                "dimension": [
                    3.75,
                    2.1
                ],
                "orientation": 0.0
            }
        ],
        [
            {
                "position": [
                    33.0,
                    -5.0
                ],
                "dimension": [
                    3.75,
                    2.1
                ],
                "orientation": 0.0
            }
        ],
        [
            {
                "position": [
                    33.3,
                    -5.0
                ],
                "dimension": [
                    3.75,
                    2.1
                ],
                "orientation": 0.0
            }
        ],
        [
            {
                "position": [
                    33.6,
                    -5.0
                ],
                "dimension": [
                    3.75,
                    2.1
                ],
                "orientation": 0.0
            }
        ],
        [
            {
                "position": [
                    33.9,
                    -5.0
                ],
                "dimension": [
                    3.75,
                    2.1
                ],
                "orientation": 0.0
            }
        ],
        [
            {
                "position": [
                    34.2,
                    -5.0
                ],
                "dimension": [
                    3.75,
                    2.1
                ],
                "orientation": 0.0
            }
        ],
        [
            {
                "position": [
                    34.5,
                    -5.0
                ],
                "dimension": [
                    3.75,
                    2.1
                ],
                "orientation": 0.0
            }
        ],
        [
            {
                "position": [
                    34.8,
                    -5.0
                ],
                "dimension": [
                    3.75,
                    2.1
                ],
                "orientation": 0.0
            }
        ],
        [
            {
                "position": [
                    35.0,
                    -5.0
                ],
                "dimension": [
                    3.75,
                    2.1
                ],
                "orientation": 0.0
            }
        ],
        [
            {
                "position": [
                    35.5625,
                    -5.0
                ],
                "dimension": [
                    3.75,
                    2.1
                ],
                "orientation": 0.0
            }
        ],
        [
            {
                "position": [
                    36.125,
                    -5.0
                ],
                "dimension": [
                    3.75,
                    2.1
                ],
                "orientation": 0.0
            }
        ],
        [
            {
                "position": [
                    36.6875,
                    -5.0
                ],
                "dimension": [
                    3.75,
                    2.1
                ],
                "orientation": 0.0
            }
        ],
        [
            {
                "position": [
                    37.25,
                    -5.0
                ],
                "dimension": [
                    3.75,
                    2.1
                ],
                "orientation": 0.0
            }
        ],
        [
            {
                "position": [
                    37.8125,
                    -5.0
                ],
                "dimension": [
                    3.75,
                    2.1
                ],
                "orientation": 0.0
            }
        ],
        [
            {
                "position": [
                    38.375,
                    -5.0
                ],
                "dimension": [
                    3.75,
                    2.1
                ],
                "orientation": 0.0
            }
        ],
        [
            {
                "position": [
                    38.9375,
                    -5.0
                ],
                "dimension": [
                    3.75,
                    2.1
                ],
                "orientation": 0.0
            }
        ],
        [
            {
                "position": [
                    39.5,
                    -5.0
                ],
                "dimension": [
                    3.75,
                    2.1
                ],
                "orientation": 0.0
            }
        ],
        [
            {
                "position": [
                    40.0625,
                    -5.0
                ],
                "dimension": [
                    3.75,
                    2.1
                ],
                "orientation": 0.0
            }
        ],
        [
            {
                "position": [
                    40.625,
                    -5.0
                ],
                "dimension": [
                    3.75,
                    2.1
                ],
                "orientation": 0.0
            }
        ],
        [
            {
                "position": [
                    41.1875,
                    -5.0
                ],
                "dimension": [
                    3.75,
                    2.1
                ],
                "orientation": 0.0
            }
        ],
        [
            {
                "position": [
                    41.75,
                    -5.0
                ],
                "dimension": [
                    3.75,
                    2.1
                ],
                "orientation": 0.0
            }
        ],
        [
            {
                "position": [
                    42.3125,
                    -5.0
                ],
                "dimension": [
                    3.75,
                    2.1
                ],
                "orientation": 0.0
            }
        ],
        [
            {
                "position": [
                    42.875,
                    -5.0
                ],
                "dimension": [
                    3.75,
                    2.1
                ],
                "orientation": 0.0
            }
        ],
        [
            {
                "position": [
                    43.4375,
                    -5.0
                ],
                "dimension": [
                    3.75,
                    2.1
                ],
                "orientation": 0.0
            }
        ],
        [
            {
                "position": [
                    44.0,
                    -5.0
                ],
                "dimension": [
                    3.75,
                    2.1
                ],
                "orientation": 0.0
            }
        ],
        [
            {
                "position": [
                    44.5625,
                    -5.0
                ],
                "dimension": [
                    3.75,
                    2.1
                ],
                "orientation": 0.0
            }
        ],
        [
            {
                "position": [
                    45.125,
                    -5.0
                ],
                "dimension": [
                    3.75,
                    2.1
                ],
                "orientation": 0.0
            }
        ],
        [
            {
                "position": [
                    45.6875,
                    -5.0
                ],
                "dimension": [
                    3.75,
                    2.1
                ],
                "orientation": 0.0
            }
        ],
        [
            {
                "position": [
                    46.25,
                    -5.0
                ],
                "dimension": [
                    3.75,
                    2.1
                ],
                "orientation": 0.0
            }
        ],
        [
            {
                "position": [
                    46.8125,
                    -5.0
                ],
                "dimension": [
                    3.75,
                    2.1
                ],
                "orientation": 0.0
            }
        ],
        [
            {
                "position": [
                    47.375,
                    -5.0
                ],
                "dimension": [
                    3.75,
                    2.1
                ],
                "orientation": 0.0
            }
        ],
        [
            {
                "position": [
                    47.9375,
                    -5.0
                ],
                "dimension": [
                    3.75,
                    2.1
                ],
                "orientation": 0.0
            }
        ],
        [
            {
                "position": [
                    48.5,
                    -5.0
                ],
                "dimension": [
                    3.75,
                    2.1
                ],
                "orientation": 0.0
            }
        ],
        [
            {
                "position": [
                    49.0625,
                    -5.0
                ],
                "dimension": [
                    3.75,
                    2.1
                ],
                "orientation": 0.0
            }
        ],
        [
            {
                "position": [
                    49.625,
                    -5.0
                ],
                "dimension": [
                    3.75,
                    2.1
                ],
                "orientation": 0.0
            }
        ],
        [
            {
                "position": [
                    49.625,
                    -5.0
                ],
                "dimension": [
                    3.75,
                    2.1
                ],
                "orientation": 0.0
            }
        ],
        [
            {
                "position": [
                    49.625,
                    -5.0
                ],
                "dimension": [
                    3.75,
                    2.1
                ],
                "orientation": 0.0
            }
        ],
        [
            {
                "position": [
                    49.625,
                    -5.0
                ],
                "dimension": [
                    3.75,
                    2.1
                ],
                "orientation": 0.0
            }
        ],
        [
            {
                "position": [
                    49.625,
                    -5.0
                ],
                "dimension": [
                    3.75,
                    2.1
                ],
                "orientation": 0.0
            }
        ],
        [
            {
                "position": [
                    49.625,
                    -5.0
                ],
                "dimension": [
                    3.75,
                    2.1
                ],
                "orientation": 0.0
            }
        ],
        [
            {
                "position": [
                    49.625,
                    -5.0
                ],
                "dimension": [
                    3.75,
                    2.1
                ],
                "orientation": 0.0
            }
        ],
        [
            {
                "position": [
                    49.625,
                    -5.0
                ],
                "dimension": [
                    3.75,
                    2.1
                ],
                "orientation": 0.0
            }
        ],
        [
            {
                "position": [
                    49.625,
                    -5.0
                ],
                "dimension": [
                    3.75,
                    2.1
                ],
                "orientation": 0.0
            }
        ],
        [
            {
                "position": [
                    49.625,
                    -5.0
                ],
                "dimension": [
                    3.75,
                    2.1
                ],
                "orientation": 0.0
            }
        ],
        [
            {
                "position": [
                    49.625,
                    -5.0
                ],
                "dimension": [
                    3.75,
                    2.1
                ],
                "orientation": 0.0
            }
        ],
        [
            {
                "position": [
                    49.625,
                    -5.0
                ],
                "dimension": [
                    3.75,
                    2.1
                ],
                "orientation": 0.0
            }
        ],
        [
            {
                "position": [
                    49.625,
                    -5.0
                ],
                "dimension": [
                    3.75,
                    2.1
                ],
                "orientation": 0.0
            }
        ],
        [
            {
                "position": [
                    49.625,
                    -5.0
                ],
                "dimension": [
                    3.75,
                    2.1
                ],
                "orientation": 0.0
            }
        ],
        [
            {
                "position": [
                    49.625,
                    -5.0
                ],
                "dimension": [
                    3.75,
                    2.1
                ],
                "orientation": 0.0
            }
        ],
        [
            {
                "position": [
                    49.625,
                    -5.0
                ],
                "dimension": [
                    3.75,
                    2.1
                ],
                "orientation": 0.0
            }
        ],
        [
            {
                "position": [
                    49.625,
                    -5.0
                ],
                "dimension": [
                    3.75,
                    2.1
                ],
                "orientation": 0.0
            }
        ],
        [
            {
                "position": [
                    49.625,
                    -5.0
                ],
                "dimension": [
                    3.75,
                    2.1
                ],
                "orientation": 0.0
            }
        ],
        [
            {
                "position": [
                    49.625,
                    -5.0
                ],
                "dimension": [
                    3.75,
                    2.1
                ],
                "orientation": 0.0
            }
        ],
        [
            {
                "position": [
                    49.625,
                    -5.0
                ],
                "dimension": [
                    3.75,
                    2.1
                ],
                "orientation": 0.0
            }
        ],
        [
            {
                "position": [
                    49.625,
                    -5.0
                ],
                "dimension": [
                    3.75,
                    2.1
                ],
                "orientation": 0.0
            }
        ],
        [
            {
                "position": [
                    49.625,
                    -5.0
                ],
                "dimension": [
                    3.75,
                    2.1
                ],
                "orientation": 0.0
            }
        ],
        [
            {
                "position": [
                    49.625,
                    -5.0
                ],
                "dimension": [
                    3.75,
                    2.1
                ],
                "orientation": 0.0
            }
        ],
        [
            {
                "position": [
                    49.625,
                    -5.0
                ],
                "dimension": [
                    3.75,
                    2.1
                ],
                "orientation": 0.0
            }
        ],
        [
            {
                "position": [
                    49.625,
                    -5.0
                ],
                "dimension": [
                    3.75,
                    2.1
                ],
                "orientation": 0.0
            }
        ],
        [
            {
                "position": [
                    49.625,
                    -5.0
                ],
                "dimension": [
                    3.75,
                    2.1
                ],
                "orientation": 0.0
            }
        ],
        [
            {
                "position": [
                    49.625,
                    -5.0
                ],
                "dimension": [
                    3.75,
                    2.1
                ],
                "orientation": 0.0
            }
        ],
        [
            {
                "position": [
                    49.625,
                    -5.0
                ],
                "dimension": [
                    3.75,
                    2.1
                ],
                "orientation": 0.0
            }
        ],
        [
            {
                "position": [
                    49.625,
                    -5.0
                ],
                "dimension": [
                    3.75,
                    2.1
                ],
                "orientation": 0.0
            }
        ],
        [
            {
                "position": [
                    49.625,
                    -5.0
                ],
                "dimension": [
                    3.75,
                    2.1
                ],
                "orientation": 0.0
            }
        ],
        [
            {
                "position": [
                    49.625,
                    -5.0
                ],
                "dimension": [
                    3.75,
                    2.1
                ],
                "orientation": 0.0
            }
        ],
        [
            {
                "position": [
                    49.625,
                    -5.0
                ],
                "dimension": [
                    3.75,
                    2.1
                ],
                "orientation": 0.0
            }
        ],
        [
            {
                "position": [
                    49.625,
                    -5.0
                ],
                "dimension": [
                    3.75,
                    2.1
                ],
                "orientation": 0.0
            }
        ],
        [
            {
                "position": [
                    49.625,
                    -5.0
                ],
                "dimension": [
                    3.75,
                    2.1
                ],
                "orientation": 0.0
            }
        ],
        [
            {
                "position": [
                    49.625,
                    -5.0
                ],
                "dimension": [
                    3.75,
                    2.1
                ],
                "orientation": 0.0
            }
        ],
        [
            {
                "position": [
                    49.625,
                    -5.0
                ],
                "dimension": [
                    3.75,
                    2.1
                ],
                "orientation": 0.0
            }
        ],
        [
            {
                "position": [
                    49.625,
                    -5.0
                ],
                "dimension": [
                    3.75,
                    2.1
                ],
                "orientation": 0.0
            }
        ],
        [
            {
                "position": [
                    49.625,
                    -5.0
                ],
                "dimension": [
                    3.75,
                    2.1
                ],
                "orientation": 0.0
            }
        ],
        [
            {
                "position": [
                    49.625,
                    -5.0
                ],
                "dimension": [
                    3.75,
                    2.1
                ],
                "orientation": 0.0
            }
        ],
        [
            {
                "position": [
                    49.625,
                    -5.0
                ],
                "dimension": [
                    3.75,
                    2.1
                ],
                "orientation": 0.0
            }
        ]
    ],
    "costSum": 520.9875201244813,
    "costSumWeighted": 10944.395632436384
}