{
    "name": "",
    "pathLength": 39.723000000000056,
    "pathLengthWeighted": 39.723000000000056,
    "time": 16.599999999999966,
    "timeWeighted": 16.599999999999966,
    "collision": 0.0,
    "collisionWeighted": 0.0,
    "stopTrigger": 0.0,
    "stopTriggerWeighted": 0.0,
    "dimension": [
        5.0,
        2.0
    ],
    "timeSteps": [
        0.0,
        0.1,
        0.2,
        0.30000000000000004,
        0.4,
        0.5,
        0.6000000000000001,
        0.7000000000000001,
        0.8,
        0.9,
        1.0,
        1.1,
        1.2000000000000002,
        1.3,
        1.4000000000000001,
        1.5,
        1.6,
        1.7000000000000002,
        1.8,
        1.9000000000000001,
        2.0,
        2.1,
        2.2,
        2.3000000000000003,
        2.4000000000000004,
        2.5,
        2.6,
        2.7,
        2.8000000000000003,
        2.9000000000000004,
        3.0,
        3.1,
        3.2,
        3.3000000000000003,
        3.4000000000000004,
        3.5,
        3.6,
        3.7,
        3.8000000000000003,
        3.9000000000000004,
        4.0,
        4.1000000000000005,
        4.2,
        4.3,
        4.4,
        4.5,
        4.6000000000000005,
        4.7,
        4.800000000000001,
        4.9,
        5.0,
        5.1000000000000005,
        5.2,
        5.300000000000001,
        5.4,
        5.5,
        5.6000000000000005,
        5.7,
        5.800000000000001,
        5.9,
        6.0,
        6.1000000000000005,
        6.2,
        6.300000000000001,
        6.4,
        6.5,
        6.6000000000000005,
        6.7,
        6.800000000000001,
        6.9,
        7.0,
        7.1000000000000005,
        7.2,
        7.300000000000001,
        7.4,
        7.5,
        7.6000000000000005,
        7.7,
        7.800000000000001,
        7.9,
        8.0,
        8.1,
        8.200000000000001,
        8.3,
        8.4,
        8.5,
        8.6,
        8.700000000000001,
        8.8,
        8.9,
        9.0,
        9.1,
        9.200000000000001,
        9.3,
        9.4,
        9.5,
        9.600000000000001,
        9.700000000000001,
        9.8,
        9.9,
        10.0,
        10.100000000000001,
        10.200000000000001,
        10.3,
        10.4,
        10.5,
        10.600000000000001,
        10.700000000000001,
        10.8,
        10.9,
        11.0,
        11.100000000000001,
        11.200000000000001,
        11.3,
        11.4,
        11.5,
        11.600000000000001,
        11.700000000000001,
        11.8,
        11.9,
        12.0,
        12.100000000000001,
        12.200000000000001,
        12.3,
        12.4,
        12.5,
        12.600000000000001,
        12.700000000000001,
        12.8,
        12.9,
        13.0,
        13.100000000000001,
        13.200000000000001,
        13.3,
        13.4,
        13.5,
        13.600000000000001,
        13.700000000000001,
        13.8,
        13.9,
        14.0,
        14.100000000000001,
        14.200000000000001,
        14.3,
        14.4,
        14.5,
        14.600000000000001,
        14.700000000000001,
        14.8,
        14.9,
        15.0,
        15.100000000000001,
        15.200000000000001,
        15.3,
        15.4,
        15.5,
        15.600000000000001,
        15.700000000000001,
        15.8,
        15.9,
        16.0,
        16.1,
        16.2,
        16.3,
        16.400000000000002,
        16.5
    ],
    "position": [
        [
            0.0,
            -5.0
        ],
        [
            0.0,
            -5.0
        ],
        [
            0.0,
            -5.0
        ],
        [
            0.0,
            -5.0
        ],
        [
            0.0,
            -5.0
        ],
        [
            0.0,
            -5.0
        ],
        [
            0.0,
            -5.0
        ],
        [
            0.0,
            -5.0
        ],
        [
            0.012,
            -5.0
        ],
        [
            0.03900000000000001,
            -5.0
        ],
        [
            0.08100000000000002,
            -5.0
        ],
        [
            0.138,
            -5.0
        ],
        [
            0.20900000000000002,
            -5.0
        ],
        [
            0.29400000000000004,
            -5.0
        ],
        [
            0.39300000000000007,
            -5.0
        ],
        [
            0.5050000000000001,
            -5.0
        ],
        [
            0.6290000000000001,
            -5.0
        ],
        [
            0.7650000000000001,
            -5.0
        ],
        [
            0.9130000000000001,
            -5.0
        ],
        [
            1.0730000000000002,
            -5.0
        ],
        [
            1.2450000000000003,
            -5.0
        ],
        [
            1.4300000000000004,
            -5.0
        ],
        [
            1.6260000000000003,
            -5.0
        ],
        [
            1.8320000000000003,
            -5.0
        ],
        [
            2.047,
            -5.0
        ],
        [
            2.27,
            -5.0
        ],
        [
            2.5,
            -5.0
        ],
        [
            2.735,
            -5.0
        ],
        [
            2.9739999999999998,
            -5.0
        ],
        [
            3.215,
            -5.0
        ],
        [
            3.456,
            -5.0
        ],
        [
            3.697,
            -5.0
        ],
        [
            3.9370000000000003,
            -5.0
        ],
        [
            4.175000000000001,
            -5.0
        ],
        [
            4.4110000000000005,
            -5.0
        ],
        [
            4.644,
            -5.0
        ],
        [
            4.872,
            -5.0
        ],
        [
            5.094,
            -5.0
        ],
        [
            5.3100000000000005,
            -5.0
        ],
        [
            5.519,
            -5.0
        ],
        [
            5.721,
            -5.0
        ],
        [
            5.916,
            -5.0
        ],
        [
            6.104,
            -5.0
        ],
        [
            6.2860000000000005,
            -5.0
        ],
        [
            6.462000000000001,
            -5.0
        ],
        [
            6.633000000000001,
            -5.0
        ],
        [
            6.799000000000001,
            -5.0
        ],
        [
            6.961000000000001,
            -5.0
        ],
        [
            7.120000000000001,
            -5.0
        ],
        [
            7.277000000000001,
            -5.0
        ],
        [
            7.436000000000001,
            -5.0
        ],
        [
            7.6000000000000005,
            -5.0
        ],
        [
            7.7700000000000005,
            -5.0
        ],
        [
            7.946000000000001,
            -5.0
        ],
        [
            8.127,
            -5.0
        ],
        [
            8.312000000000001,
            -5.0
        ],
        [
            8.500000000000002,
            -5.0
        ],
        [
            8.690000000000001,
            -5.0
        ],
        [
            8.881000000000002,
            -5.0
        ],
        [
            9.072000000000003,
            -5.0
        ],
        [
            9.263000000000003,
            -5.0
        ],
        [
            9.453000000000003,
            -5.0
        ],
        [
            9.641000000000004,
            -5.0
        ],
        [
            9.826000000000004,
            -5.0
        ],
        [
            10.008000000000004,
            -5.0
        ],
        [
            10.187000000000005,
            -5.0
        ],
        [
            10.363000000000005,
            -5.0
        ],
        [
            10.536000000000005,
            -5.0
        ],
        [
            10.706000000000005,
            -5.0
        ],
        [
            10.874000000000004,
            -5.0
        ],
        [
            11.040000000000004,
            -5.0
        ],
        [
            11.205000000000005,
            -5.0
        ],
        [
            11.370000000000006,
            -5.0
        ],
        [
            11.537000000000006,
            -5.0
        ],
        [
            11.709000000000007,
            -5.0
        ],
        [
            11.888000000000007,
            -5.0
        ],
        [
            12.076000000000008,
            -5.0
        ],
        [
            12.275000000000007,
            -5.0
        ],
        [
            12.485000000000008,
            -5.0
        ],
        [
            12.705000000000009,
            -5.0
        ],
        [
            12.93500000000001,
            -5.0
        ],
        [
            13.17400000000001,
            -5.0
        ],
        [
            13.42000000000001,
            -5.0
        ],
        [
            13.672000000000011,
            -5.0
        ],
        [
            13.928000000000011,
            -5.0
        ],
        [
            14.186000000000012,
            -5.0
        ],
        [
            14.445000000000013,
            -5.0
        ],
        [
            14.704000000000013,
            -5.0
        ],
        [
            14.963000000000013,
            -5.0
        ],
        [
            15.221000000000014,
            -5.0
        ],
        [
            15.477000000000015,
            -5.0
        ],
        [
            15.730000000000015,
            -5.0
        ],
        [
            15.980000000000015,
            -5.0
        ],
        [
            16.226000000000013,
            -5.0
        ],
        [
            16.468000000000014,
            -5.0
        ],
        [
            16.706000000000014,
            -5.0
        ],
        [
            16.940000000000015,
            -5.0
        ],
        [
            17.170000000000016,
            -5.0
        ],
        [
            17.397000000000016,
            -5.0
        ],
        [
            17.621000000000016,
            -5.0
        ],
        [
            17.843000000000018,
            -5.0
        ],
        [
            18.063000000000017,
            -5.0
        ],
        [
            18.282000000000018,
            -5.0
        ],
        [
            18.502000000000017,
            -5.0
        ],
        [
            18.726000000000017,
            -5.0
        ],
        [
            18.95700000000002,
            -5.0
        ],
        [
            19.198000000000018,
            -5.0
        ],
        [
            19.45100000000002,
            -5.0
        ],
        [
            19.71600000000002,
            -5.0
        ],
        [
            19.99200000000002,
            -5.0
        ],
        [
            20.27800000000002,
            -5.0
        ],
        [
            20.57300000000002,
            -5.0
        ],
        [
            20.876000000000023,
            -5.0
        ],
        [
            21.18600000000002,
            -5.0
        ],
        [
            21.501000000000023,
            -5.0
        ],
        [
            21.819000000000024,
            -5.0
        ],
        [
            22.139000000000024,
            -5.0
        ],
        [
            22.459000000000024,
            -5.0
        ],
        [
            22.779000000000025,
            -5.0
        ],
        [
            23.098000000000024,
            -5.0
        ],
        [
            23.415000000000024,
            -5.0
        ],
        [
            23.730000000000025,
            -5.0
        ],
        [
            24.042000000000026,
            -5.0
        ],
        [
            24.350000000000026,
            -5.0
        ],
        [
            24.653000000000027,
            -5.0
        ],
        [
            24.95100000000003,
            -5.0
        ],
        [
            25.244000000000028,
            -5.0
        ],
        [
            25.53200000000003,
            -5.0
        ],
        [
            25.81500000000003,
            -5.0
        ],
        [
            26.09300000000003,
            -5.0
        ],
        [
            26.366000000000028,
            -5.0
        ],
        [
            26.63500000000003,
            -5.0
        ],
        [
            26.90000000000003,
            -5.0
        ],
        [
            27.16200000000003,
            -5.0
        ],
        [
            27.422000000000033,
            -5.0
        ],
        [
            27.68000000000003,
            -5.0
        ],
        [
            27.940000000000033,
            -5.0
        ],
        [
            28.206000000000035,
            -5.0
        ],
        [
            28.481000000000034,
            -5.0
        ],
        [
            28.767000000000035,
            -5.0
        ],
        [
            29.065000000000037,
            -5.0
        ],
        [
            29.376000000000037,
            -5.0
        ],
        [
            29.701000000000036,
            -5.0
        ],
        [
            30.041000000000036,
            -5.0
        ],
        [
            30.397000000000038,
            -5.0
        ],
        [
            30.769000000000037,
            -5.0
        ],
        [
            31.15699935372985,
            -5.000708170351443
        ],
        [
            31.560997105433575,
            -5.0020559901975465
        ],
        [
            31.98199202906035,
            -5.004123423506549
        ],
        [
            32.41998263641943,
            -5.006991849072471
        ],
        [
            32.874967149579184,
            -5.01074588487082
        ],
        [
            33.34094387948834,
            -5.01540283485631
        ],
        [
            33.81391115745358,
            -5.020966464440452
        ],
        [
            34.28486808357299,
            -5.027336216410601
        ],
        [
            34.75283963638917,
            -5.0324962314119865
        ],
        [
            35.21781958492281,
            -5.036814502090937
        ],
        [
            35.679806386701635,
            -5.040306633556309
        ],
        [
            36.13879855391356,
            -5.042988132782208
        ],
        [
            36.59479465254173,
            -5.044874408447861
        ],
        [
            37.0487933026663,
            -5.045981515070025
        ],
        [
            37.500689343235486,
            -5.0556752510830325
        ],
        [
            37.94938854552711,
            -5.072107714771128
        ],
        [
            38.39614177057366,
            -5.0869588396615
        ],
        [
            38.83955091833223,
            -5.109857042298805
        ],
        [
            39.2810371676881,
            -5.131161774864305
        ],
        [
            39.720607832287016,
            -5.15059450045972
        ]
    ],
    "orientation": [
        0.0,
        0.0,
        0.0,
        0.0,
        0.0,
        0.0,
        0.0,
        0.0,
        0.0,
        0.0,
        0.0,
        0.0,
        0.0,
        0.0,
        0.0,
        0.0,
        0.0,
        0.0,
        0.0,
        0.0,
        0.0,
        0.0,
        0.0,
        0.0,
        0.0,
        0.0,
        0.0,
        0.0,
        0.0,
        0.0,
        0.0,
        0.0,
        0.0,
        0.0,
        0.0,
        0.0,
        0.0,
        0.0,
        0.0,
        0.0,
        0.0,
        0.0,
        0.0,
        0.0,
        0.0,
        0.0,
        0.0,
        0.0,
        0.0,
        0.0,
        0.0,
        0.0,
        0.0,
        0.0,
        0.0,
        0.0,
        0.0,
        0.0,
        0.0,
        0.0,
        0.0,
        0.0,
        0.0,
        0.0,
        0.0,
        0.0,
        0.0,
        0.0,
        0.0,
        0.0,
        0.0,
        0.0,
        0.0,
        0.0,
        0.0,
        0.0,
        0.0,
        0.0,
        0.0,
        0.0,
        0.0,
        0.0,
        0.0,
        0.0,
        0.0,
        0.0,
        0.0,
        0.0,
        0.0,
        0.0,
        0.0,
        0.0,
        0.0,
        0.0,
        0.0,
        0.0,
        0.0,
        0.0,
        0.0,
        0.0,
        0.0,
        0.0,
        0.0,
        0.0,
        0.0,
        0.0,
        0.0,
        0.0,
        0.0,
        0.0,
        0.0,
        0.0,
        0.0,
        0.0,
        0.0,
        0.0,
        0.0,
        0.0,
        0.0,
        0.0,
        0.0,
        0.0,
        0.0,
        0.0,
        0.0,
        0.0,
        0.0,
        0.0,
        0.0,
        0.0,
        0.0,
        0.0,
        0.0,
        0.0,
        0.0,
        0.0,
        0.0,
        0.0,
        0.0,
        0.0,
        0.0,
        0.0,
        0.0,
        0.0,
        0.0,
        0.0,
        -0.0014511695517337737,
        -0.0029621811468380117,
        -0.00453677491302337,
        -0.006174950850289847,
        -0.007876708958637442,
        -0.009619608471802233,
        -0.011388688878941601,
        -0.013150289030659663,
        -0.01139990926207356,
        -0.009660749876619424,
        -0.00793281087429725,
        -0.006216092255107038,
        -0.004510594019048789,
        -0.0028125760384118486,
        -0.018071981827890254,
        -0.03323010837540309,
        -0.0332301083754031,
        -0.04821943618630666,
        -0.048219436186306655,
        -0.04492776349304844
    ],
    "velocity": [
        0.0,
        0.0,
        0.0,
        0.0,
        0.0,
        0.0,
        0.0,
        0.0,
        0.12,
        0.27,
        0.42000000000000004,
        0.5700000000000001,
        0.7100000000000001,
        0.8500000000000001,
        0.9900000000000001,
        1.12,
        1.2400000000000002,
        1.3600000000000003,
        1.4800000000000004,
        1.6000000000000005,
        1.7200000000000006,
        1.8500000000000005,
        1.9600000000000006,
        2.0600000000000005,
        2.1500000000000004,
        2.2300000000000004,
        2.3000000000000003,
        2.35,
        2.39,
        2.41,
        2.41,
        2.41,
        2.4000000000000004,
        2.3800000000000003,
        2.3600000000000003,
        2.3300000000000005,
        2.2800000000000007,
        2.2200000000000006,
        2.1600000000000006,
        2.0900000000000007,
        2.020000000000001,
        1.9500000000000008,
        1.8800000000000008,
        1.8200000000000007,
        1.7600000000000007,
        1.7100000000000006,
        1.6600000000000006,
        1.6200000000000006,
        1.5900000000000005,
        1.5700000000000005,
        1.5900000000000005,
        1.6400000000000006,
        1.7000000000000006,
        1.7600000000000007,
        1.8100000000000007,
        1.8500000000000008,
        1.8800000000000008,
        1.9000000000000008,
        1.9100000000000008,
        1.9100000000000008,
        1.9100000000000008,
        1.9000000000000008,
        1.8800000000000008,
        1.8500000000000008,
        1.8200000000000007,
        1.7900000000000007,
        1.7600000000000007,
        1.7300000000000006,
        1.7000000000000006,
        1.6800000000000006,
        1.6600000000000006,
        1.6500000000000006,
        1.6500000000000006,
        1.6700000000000006,
        1.7200000000000006,
        1.7900000000000007,
        1.8800000000000008,
        1.9900000000000009,
        2.100000000000001,
        2.200000000000001,
        2.300000000000001,
        2.390000000000001,
        2.460000000000001,
        2.520000000000001,
        2.560000000000001,
        2.580000000000001,
        2.5900000000000007,
        2.5900000000000007,
        2.5900000000000007,
        2.580000000000001,
        2.560000000000001,
        2.530000000000001,
        2.5000000000000013,
        2.4600000000000013,
        2.4200000000000013,
        2.3800000000000012,
        2.340000000000001,
        2.300000000000001,
        2.2700000000000014,
        2.2400000000000015,
        2.2200000000000015,
        2.2000000000000015,
        2.1900000000000017,
        2.2000000000000015,
        2.2400000000000015,
        2.3100000000000014,
        2.4100000000000015,
        2.5300000000000016,
        2.6500000000000017,
        2.7600000000000016,
        2.8600000000000017,
        2.9500000000000015,
        3.0300000000000016,
        3.1000000000000014,
        3.1500000000000012,
        3.180000000000001,
        3.200000000000001,
        3.200000000000001,
        3.200000000000001,
        3.1900000000000013,
        3.1700000000000013,
        3.1500000000000012,
        3.1200000000000014,
        3.0800000000000014,
        3.0300000000000016,
        2.9800000000000018,
        2.930000000000002,
        2.880000000000002,
        2.8300000000000023,
        2.7800000000000025,
        2.7300000000000026,
        2.6900000000000026,
        2.6500000000000026,
        2.6200000000000028,
        2.6000000000000028,
        2.5800000000000027,
        2.6000000000000028,
        2.660000000000003,
        2.7500000000000027,
        2.8600000000000025,
        2.9800000000000026,
        3.1100000000000025,
        3.2500000000000027,
        3.4000000000000026,
        3.5600000000000027,
        3.720000000000003,
        3.880000000000003,
        4.040000000000003,
        4.210000000000003,
        4.380000000000003,
        4.5500000000000025,
        4.660000000000003,
        4.730000000000003,
        4.7100000000000035,
        4.680000000000003,
        4.650000000000003,
        4.620000000000003,
        4.5900000000000025,
        4.560000000000002,
        4.540000000000003,
        4.520000000000003,
        4.490000000000003,
        4.470000000000003,
        4.440000000000003,
        4.4200000000000035,
        4.400000000000004
    ],
    "acceleration": [
        0.0,
        0.0,
        0.0,
        0.0,
        0.0,
        0.0,
        0.0,
        1.2,
        1.5000000000000002,
        1.5000000000000002,
        1.5000000000000002,
        1.4000000000000001,
        1.4000000000000001,
        1.4000000000000001,
        1.3,
        1.200000000000001,
        1.200000000000001,
        1.200000000000001,
        1.200000000000001,
        1.200000000000001,
        1.299999999999999,
        1.100000000000001,
        0.9999999999999987,
        0.8999999999999986,
        0.8000000000000007,
        0.6999999999999984,
        0.4999999999999982,
        0.40000000000000036,
        0.20000000000000018,
        0.0,
        0.0,
        -0.09999999999999787,
        -0.20000000000000018,
        -0.20000000000000018,
        -0.29999999999999805,
        -0.4999999999999982,
        -0.6000000000000005,
        -0.6000000000000005,
        -0.6999999999999984,
        -0.6999999999999984,
        -0.7000000000000006,
        -0.7000000000000006,
        -0.6000000000000005,
        -0.6000000000000005,
        -0.5000000000000004,
        -0.5000000000000004,
        -0.40000000000000036,
        -0.30000000000000027,
        -0.20000000000000018,
        0.20000000000000018,
        0.5000000000000004,
        0.6000000000000005,
        0.6000000000000005,
        0.5000000000000004,
        0.40000000000000036,
        0.30000000000000027,
        0.20000000000000018,
        0.10000000000000009,
        0.0,
        0.0,
        -0.10000000000000009,
        -0.20000000000000018,
        -0.30000000000000027,
        -0.30000000000000027,
        -0.30000000000000027,
        -0.30000000000000027,
        -0.30000000000000027,
        -0.30000000000000027,
        -0.20000000000000018,
        -0.20000000000000018,
        -0.10000000000000009,
        0.0,
        0.20000000000000018,
        0.5000000000000004,
        0.7000000000000006,
        0.9000000000000008,
        1.100000000000001,
        1.100000000000001,
        1.0000000000000009,
        1.0000000000000009,
        0.8999999999999986,
        0.6999999999999984,
        0.6000000000000005,
        0.40000000000000036,
        0.20000000000000018,
        0.09999999999999787,
        0.0,
        0.0,
        -0.09999999999999787,
        -0.20000000000000018,
        -0.29999999999999805,
        -0.29999999999999805,
        -0.40000000000000036,
        -0.40000000000000036,
        -0.40000000000000036,
        -0.40000000000000036,
        -0.40000000000000036,
        -0.29999999999999805,
        -0.29999999999999805,
        -0.20000000000000018,
        -0.20000000000000018,
        -0.09999999999999787,
        0.09999999999999787,
        0.40000000000000036,
        0.6999999999999984,
        1.0000000000000009,
        1.200000000000001,
        1.200000000000001,
        1.0999999999999988,
        1.0000000000000009,
        0.8999999999999986,
        0.8000000000000007,
        0.6999999999999984,
        0.4999999999999982,
        0.29999999999999805,
        0.20000000000000018,
        0.0,
        0.0,
        -0.09999999999999787,
        -0.20000000000000018,
        -0.20000000000000018,
        -0.29999999999999805,
        -0.40000000000000036,
        -0.4999999999999982,
        -0.4999999999999982,
        -0.4999999999999982,
        -0.4999999999999982,
        -0.4999999999999982,
        -0.4999999999999982,
        -0.4999999999999982,
        -0.40000000000000036,
        -0.40000000000000036,
        -0.29999999999999805,
        -0.20000000000000018,
        -0.20000000000000018,
        0.20000000000000018,
        0.6000000000000005,
        0.8999999999999986,
        1.0999999999999988,
        1.200000000000001,
        1.299999999999999,
        1.4000000000000012,
        1.4999999999999991,
        1.6000000000000014,
        1.6000000000000014,
        1.6000000000000014,
        1.599999999999997,
        1.6999999999999993,
        1.6999999999999993,
        1.6999999999999993,
        1.1000000000000032,
        0.7000000000000028,
        -0.19999999999999574,
        -0.3000000000000025,
        -0.3000000000000025,
        -0.3000000000000025,
        -0.3000000000000025,
        -0.3000000000000025,
        -0.19999999999999574,
        -0.19999999999999574,
        -0.3000000000000025,
        -0.19999999999999574,
        -0.3000000000000025,
        -0.19999999999999574,
        -0.19999999999999574
    ],
    "accelerationCost": 88.17999999999999,
    "accelerationCostWeighted": 88.17999999999999,
    "jerk": [
        0.0,
        0.0,
        0.0,
        0.0,
        0.0,
        0.0,
        11.999999999999998,
        3.0000000000000027,
        0.0,
        0.0,
        -1.0000000000000009,
        0.0,
        0.0,
        -1.0000000000000009,
        -0.9999999999999898,
        0.0,
        0.0,
        0.0,
        0.0,
        0.9999999999999787,
        -1.9999999999999796,
        -1.000000000000023,
        -1.0000000000000009,
        -0.9999999999999787,
        -1.000000000000023,
        -2.0000000000000018,
        -0.9999999999999787,
        -2.0000000000000018,
        -2.0000000000000018,
        0.0,
        -0.9999999999999787,
        -1.000000000000023,
        0.0,
        -0.9999999999999787,
        -2.0000000000000018,
        -1.000000000000023,
        0.0,
        -0.9999999999999787,
        0.0,
        -2.220446049250313e-14,
        0.0,
        1.0000000000000009,
        0.0,
        1.0000000000000009,
        0.0,
        1.0000000000000009,
        1.0000000000000009,
        1.0000000000000009,
        4.0000000000000036,
        3.0000000000000027,
        1.0000000000000009,
        0.0,
        -1.0000000000000009,
        -1.0000000000000009,
        -1.0000000000000009,
        -1.0000000000000009,
        -1.0000000000000009,
        -1.0000000000000009,
        0.0,
        -1.0000000000000009,
        -1.0000000000000009,
        -1.0000000000000009,
        0.0,
        0.0,
        0.0,
        0.0,
        0.0,
        1.0000000000000009,
        0.0,
        1.0000000000000009,
        1.0000000000000009,
        2.0000000000000018,
        3.0000000000000027,
        2.0000000000000018,
        2.0000000000000018,
        2.0000000000000018,
        0.0,
        -1.0000000000000009,
        0.0,
        -1.000000000000023,
        -2.0000000000000018,
        -0.9999999999999787,
        -2.0000000000000018,
        -2.0000000000000018,
        -1.000000000000023,
        -0.9999999999999787,
        0.0,
        -0.9999999999999787,
        -1.000000000000023,
        -0.9999999999999787,
        0.0,
        -1.000000000000023,
        0.0,
        0.0,
        0.0,
        0.0,
        1.000000000000023,
        0.0,
        0.9999999999999787,
        0.0,
        1.000000000000023,
        1.9999999999999574,
        3.000000000000025,
        2.9999999999999805,
        3.000000000000025,
        2.0000000000000018,
        0.0,
        -1.000000000000023,
        -0.9999999999999787,
        -1.000000000000023,
        -0.9999999999999787,
        -1.000000000000023,
        -2.0000000000000018,
        -2.0000000000000018,
        -0.9999999999999787,
        -2.0000000000000018,
        0.0,
        -0.9999999999999787,
        -1.000000000000023,
        0.0,
        -0.9999999999999787,
        -1.000000000000023,
        -0.9999999999999787,
        0.0,
        0.0,
        0.0,
        0.0,
        0.0,
        0.0,
        0.9999999999999787,
        0.0,
        1.000000000000023,
        0.9999999999999787,
        0.0,
        4.0000000000000036,
        4.0000000000000036,
        2.9999999999999805,
        2.0000000000000018,
        1.000000000000023,
        0.9999999999999787,
        1.000000000000023,
        0.9999999999999787,
        1.000000000000023,
        0.0,
        0.0,
        -4.440892098500626e-14,
        1.000000000000023,
        0.0,
        0.0,
        -5.999999999999961,
        -4.0000000000000036,
        -8.999999999999986,
        -1.0000000000000675,
        0.0,
        0.0,
        0.0,
        0.0,
        1.0000000000000675,
        0.0,
        -1.0000000000000675,
        1.0000000000000675,
        -1.0000000000000675,
        1.0000000000000675,
        0.0
    ],
    "jerkCost": 529.9999999999999,
    "jerkCostWeighted": 52.99999999999999,
    "steeringAngle": [
        0.0,
        0.0,
        0.0,
        0.0,
        0.0,
        0.0,
        0.0,
        0.0,
        0.0,
        0.0,
        0.0,
        0.0,
        0.0,
        0.0,
        0.0,
        0.0,
        0.0,
        0.0,
        0.0,
        0.0,
        0.0,
        0.0,
        0.0,
        0.0,
        0.0,
        0.0,
        0.0,
        0.0,
        0.0,
        0.0,
        0.0,
        0.0,
        0.0,
        0.0,
        0.0,
        0.0,
        0.0,
        0.0,
        0.0,
        0.0,
        0.0,
        0.0,
        0.0,
        0.0,
        0.0,
        0.0,
        0.0,
        0.0,
        0.0,
        0.0,
        0.0,
        0.0,
        0.0,
        0.0,
        0.0,
        0.0,
        0.0,
        0.0,
        0.0,
        0.0,
        0.0,
        0.0,
        0.0,
        0.0,
        0.0,
        0.0,
        0.0,
        0.0,
        0.0,
        0.0,
        0.0,
        0.0,
        0.0,
        0.0,
        0.0,
        0.0,
        0.0,
        0.0,
        0.0,
        0.0,
        0.0,
        0.0,
        0.0,
        0.0,
        0.0,
        0.0,
        0.0,
        0.0,
        0.0,
        0.0,
        0.0,
        0.0,
        0.0,
        0.0,
        0.0,
        0.0,
        0.0,
        0.0,
        0.0,
        0.0,
        0.0,
        0.0,
        0.0,
        0.0,
        0.0,
        0.0,
        0.0,
        0.0,
        0.0,
        0.0,
        0.0,
        0.0,
        0.0,
        0.0,
        0.0,
        0.0,
        0.0,
        0.0,
        0.0,
        0.0,
        0.0,
        0.0,
        0.0,
        0.0,
        0.0,
        0.0,
        0.0,
        0.0,
        0.0,
        0.0,
        0.0,
        0.0,
        0.0,
        0.0,
        0.0,
        0.0,
        0.0,
        0.0,
        0.0,
        0.0,
        0.0,
        0.0,
        0.0,
        0.0,
        0.0,
        0.0,
        -0.6000000238418579,
        -0.6000000238418579,
        -0.6000000238418579,
        -0.6000000238418579,
        -0.6000000238418579,
        -0.6000000238418579,
        -0.6000000238418579,
        -0.6000000238418579,
        0.6000000238418579,
        0.6000000238418579,
        0.6000000238418579,
        0.6000000238418579,
        0.6000000238418579,
        0.6000000238418579,
        -5.400000095367432,
        -5.400000095367432,
        0.0,
        -5.400000095367432,
        0.0,
        1.2000000476837158
    ],
    "steeringAngleCost": 0.028621853861271116,
    "steeringAngleCostWeighted": 0.028621853861271116,
    "steeringRate": [
        0.0,
        0.0,
        0.0,
        0.0,
        0.0,
        0.0,
        0.0,
        0.0,
        0.0,
        0.0,
        0.0,
        0.0,
        0.0,
        0.0,
        0.0,
        0.0,
        0.0,
        0.0,
        0.0,
        0.0,
        0.0,
        0.0,
        0.0,
        0.0,
        0.0,
        0.0,
        0.0,
        0.0,
        0.0,
        0.0,
        0.0,
        0.0,
        0.0,
        0.0,
        0.0,
        0.0,
        0.0,
        0.0,
        0.0,
        0.0,
        0.0,
        0.0,
        0.0,
        0.0,
        0.0,
        0.0,
        0.0,
        0.0,
        0.0,
        0.0,
        0.0,
        0.0,
        0.0,
        0.0,
        0.0,
        0.0,
        0.0,
        0.0,
        0.0,
        0.0,
        0.0,
        0.0,
        0.0,
        0.0,
        0.0,
        0.0,
        0.0,
        0.0,
        0.0,
        0.0,
        0.0,
        0.0,
        0.0,
        0.0,
        0.0,
        0.0,
        0.0,
        0.0,
        0.0,
        0.0,
        0.0,
        0.0,
        0.0,
        0.0,
        0.0,
        0.0,
        0.0,
        0.0,
        0.0,
        0.0,
        0.0,
        0.0,
        0.0,
        0.0,
        0.0,
        0.0,
        0.0,
        0.0,
        0.0,
        0.0,
        0.0,
        0.0,
        0.0,
        0.0,
        0.0,
        0.0,
        0.0,
        0.0,
        0.0,
        0.0,
        0.0,
        0.0,
        0.0,
        0.0,
        0.0,
        0.0,
        0.0,
        0.0,
        0.0,
        0.0,
        0.0,
        0.0,
        0.0,
        0.0,
        0.0,
        0.0,
        0.0,
        0.0,
        0.0,
        0.0,
        0.0,
        0.0,
        0.0,
        0.0,
        0.0,
        0.0,
        0.0,
        0.0,
        0.0,
        0.0,
        0.0,
        0.0,
        0.0,
        0.0,
        0.0,
        -6.000000238418579,
        0.0,
        0.0,
        0.0,
        0.0,
        0.0,
        0.0,
        0.0,
        12.000000476837158,
        0.0,
        0.0,
        0.0,
        0.0,
        0.0,
        -60.000001192092896,
        0.0,
        54.000000953674316,
        -54.000000953674316,
        54.000000953674316,
        12.000000476837158
    ],
    "steeringRateCost": 3.860112089080584,
    "steeringRateCostWeighted": 3.860112089080584,
    "yawRate": [
        0.0,
        0.0,
        0.0,
        0.0,
        0.0,
        0.0,
        0.0,
        0.0,
        0.0,
        0.0,
        0.0,
        0.0,
        0.0,
        0.0,
        0.0,
        0.0,
        0.0,
        0.0,
        0.0,
        0.0,
        0.0,
        0.0,
        0.0,
        0.0,
        0.0,
        0.0,
        0.0,
        0.0,
        0.0,
        0.0,
        0.0,
        0.0,
        0.0,
        0.0,
        0.0,
        0.0,
        0.0,
        0.0,
        0.0,
        0.0,
        0.0,
        0.0,
        0.0,
        0.0,
        0.0,
        0.0,
        0.0,
        0.0,
        0.0,
        0.0,
        0.0,
        0.0,
        0.0,
        0.0,
        0.0,
        0.0,
        0.0,
        0.0,
        0.0,
        0.0,
        0.0,
        0.0,
        0.0,
        0.0,
        0.0,
        0.0,
        0.0,
        0.0,
        0.0,
        0.0,
        0.0,
        0.0,
        0.0,
        0.0,
        0.0,
        0.0,
        0.0,
        0.0,
        0.0,
        0.0,
        0.0,
        0.0,
        0.0,
        0.0,
        0.0,
        0.0,
        0.0,
        0.0,
        0.0,
        0.0,
        0.0,
        0.0,
        0.0,
        0.0,
        0.0,
        0.0,
        0.0,
        0.0,
        0.0,
        0.0,
        0.0,
        0.0,
        0.0,
        0.0,
        0.0,
        0.0,
        0.0,
        0.0,
        0.0,
        0.0,
        0.0,
        0.0,
        0.0,
        0.0,
        0.0,
        0.0,
        0.0,
        0.0,
        0.0,
        0.0,
        0.0,
        0.0,
        0.0,
        0.0,
        0.0,
        0.0,
        0.0,
        0.0,
        0.0,
        0.0,
        0.0,
        0.0,
        0.0,
        0.0,
        0.0,
        0.0,
        0.0,
        0.0,
        0.0,
        0.0,
        0.0,
        0.0,
        0.0,
        0.0,
        0.0,
        -0.014511695517337737,
        -0.01511011595104238,
        -0.01574593766185358,
        -0.016381759372664766,
        -0.01701758108347595,
        -0.01742899513164791,
        -0.017690804071393684,
        -0.01761600151718062,
        0.017503797685861026,
        0.01739159385454136,
        0.01727939002322175,
        0.01716718619190211,
        0.01705498236058249,
        0.016980179806369403,
        -0.15259405789478403,
        -0.15158126547512837,
        -6.938893903907228e-17,
        -0.14989327810903563,
        6.938893903907228e-17,
        0.03291672693258217
    ],
    "yawRateCost": 0.07376652878240643,
    "yawRateCostWeighted": 0.07376652878240643,
    "distanceToObstaclesCost": 51.307709434800664,
    "distanceToObstaclesCostWeighted": 513.0770943480067,
    "distanceToCenterLinesCost": 59.296792321514246,
    "distanceToCenterLinesCostWeighted": 59.296792321514246,
    "obstacles": [
        [
            {
                "position": [
                    10.0,
                    -5.0
                ],
                "dimension": [
                    3.75,
                    2.1
                ],
                "orientation": 0.0
            }
        ],
        [
            {
                "position": [
                    10.0,
                    -5.0
                ],
                "dimension": [
                    3.75,
                    2.1
                ],
                "orientation": 0.0
            }
        ],
        [
            {
                "position": [
                    10.0,
                    -5.0
                ],
                "dimension": [
                    3.75,
                    2.1
                ],
                "orientation": 0.0
            }
        ],
        [
            {
                "position": [
                    10.0,
                    -5.0
                ],
                "dimension": [
                    3.75,
                    2.1
                ],
                "orientation": 0.0
            }
        ],
        [
            {
                "position": [
                    10.0,
                    -5.0
                ],
                "dimension": [
                    3.75,
                    2.1
                ],
                "orientation": 0.0
            }
        ],
        [
            {
                "position": [
                    10.0,
                    -5.0
                ],
                "dimension": [
                    3.75,
                    2.1
                ],
                "orientation": 0.0
            }
        ],
        [
            {
                "position": [
                    10.0,
                    -5.0
                ],
                "dimension": [
                    3.75,
                    2.1
                ],
                "orientation": 0.0
            }
        ],
        [
            {
                "position": [
                    10.0,
                    -5.0
                ],
                "dimension": [
                    3.75,
                    2.1
                ],
                "orientation": 0.0
            }
        ],
        [
            {
                "position": [
                    10.0,
                    -5.0
                ],
                "dimension": [
                    3.75,
                    2.1
                ],
                "orientation": 0.0
            }
        ],
        [
            {
                "position": [
                    10.0,
                    -5.0
                ],
                "dimension": [
                    3.75,
                    2.1
                ],
                "orientation": 0.0
            }
        ],
        [
            {
                "position": [
                    10.0,
                    -5.0
                ],
                "dimension": [
                    3.75,
                    2.1
                ],
                "orientation": 0.0
            }
        ],
        [
            {
                "position": [
                    10.1875,
                    -5.0
                ],
                "dimension": [
                    3.75,
                    2.1
                ],
                "orientation": 0.0
            }
        ],
        [
            {
                "position": [
                    10.375,
                    -5.0
                ],
                "dimension": [
                    3.75,
                    2.1
                ],
                "orientation": 0.0
            }
        ],
        [
            {
                "position": [
                    10.5625,
                    -5.0
                ],
                "dimension": [
                    3.75,
                    2.1
                ],
                "orientation": 0.0
            }
        ],
        [
            {
                "position": [
                    10.75,
                    -5.0
                ],
                "dimension": [
                    3.75,
                    2.1
                ],
                "orientation": 0.0
            }
        ],
        [
            {
                "position": [
                    10.9375,
                    -5.0
                ],
                "dimension": [
                    3.75,
                    2.1
                ],
                "orientation": 0.0
            }
        ],
        [
            {
                "position": [
                    11.125,
                    -5.0
                ],
                "dimension": [
                    3.75,
                    2.1
                ],
                "orientation": 0.0
            }
        ],
        [
            {
                "position": [
                    11.3125,
                    -5.0
                ],
                "dimension": [
                    3.75,
                    2.1
                ],
                "orientation": 0.0
            }
        ],
        [
            {
                "position": [
                    11.5,
                    -5.0
                ],
                "dimension": [
                    3.75,
                    2.1
                ],
                "orientation": 0.0
            }
        ],
        [
            {
                "position": [
                    11.6875,
                    -5.0
                ],
                "dimension": [
                    3.75,
                    2.1
                ],
                "orientation": 0.0
            }
        ],
        [
            {
                "position": [
                    11.875,
                    -5.0
                ],
                "dimension": [
                    3.75,
                    2.1
                ],
                "orientation": 0.0
            }
        ],
        [
            {
                "position": [
                    12.0625,
                    -5.0
                ],
                "dimension": [
                    3.75,
                    2.1
                ],
                "orientation": 0.0
            }
        ],
        [
            {
                "position": [
                    12.25,
                    -5.0
                ],
                "dimension": [
                    3.75,
                    2.1
                ],
                "orientation": 0.0
            }
        ],
        [
            {
                "position": [
                    12.4375,
                    -5.0
                ],
                "dimension": [
                    3.75,
                    2.1
                ],
                "orientation": 0.0
            }
        ],
        [
            {
                "position": [
                    12.625,
                    -5.0
                ],
                "dimension": [
                    3.75,
                    2.1
                ],
                "orientation": 0.0
            }
        ],
        [
            {
                "position": [
                    12.8125,
                    -5.0
                ],
                "dimension": [
                    3.75,
                    2.1
                ],
                "orientation": 0.0
            }
        ],
        [
            {
                "position": [
                    13.0,
                    -5.0
                ],
                "dimension": [
                    3.75,
                    2.1
                ],
                "orientation": 0.0
            }
        ],
        [
            {
                "position": [
                    13.1875,
                    -5.0
                ],
                "dimension": [
                    3.75,
                    2.1
                ],
                "orientation": 0.0
            }
        ],
        [
            {
                "position": [
                    13.375,
                    -5.0
                ],
                "dimension": [
                    3.75,
                    2.1
                ],
                "orientation": 0.0
            }
        ],
        [
            {
                "position": [
                    13.5625,
                    -5.0
                ],
                "dimension": [
                    3.75,
                    2.1
                ],
                "orientation": 0.0
            }
        ],
        [
            {
                "position": [
                    13.75,
                    -5.0
                ],
                "dimension": [
                    3.75,
                    2.1
                ],
                "orientation": 0.0
            }
        ],
        [
            {
                "position": [
                    13.9375,
                    -5.0
                ],
                "dimension": [
                    3.75,
                    2.1
                ],
                "orientation": 0.0
            }
        ],
        [
            {
                "position": [
                    14.125,
                    -5.0
                ],
                "dimension": [
                    3.75,
                    2.1
                ],
                "orientation": 0.0
            }
        ],
        [
            {
                "position": [
                    14.3125,
                    -5.0
                ],
                "dimension": [
                    3.75,
                    2.1
                ],
                "orientation": 0.0
            }
        ],
        [
            {
                "position": [
                    14.5,
                    -5.0
                ],
                "dimension": [
                    3.75,
                    2.1
                ],
                "orientation": 0.0
            }
        ],
        [
            {
                "position": [
                    14.6875,
                    -5.0
                ],
                "dimension": [
                    3.75,
                    2.1
                ],
                "orientation": 0.0
            }
        ],
        [
            {
                "position": [
                    14.875,
                    -5.0
                ],
                "dimension": [
                    3.75,
                    2.1
                ],
                "orientation": 0.0
            }
        ],
        [
            {
                "position": [
                    15.0,
                    -5.0
                ],
                "dimension": [
                    3.75,
                    2.1
                ],
                "orientation": 0.0
            }
        ],
        [
            {
                "position": [
                    15.1875,
                    -5.0
                ],
                "dimension": [
                    3.75,
                    2.1
                ],
                "orientation": 0.0
            }
        ],
        [
            {
                "position": [
                    15.375,
                    -5.0
                ],
                "dimension": [
                    3.75,
                    2.1
                ],
                "orientation": 0.0
            }
        ],
        [
            {
                "position": [
                    15.5625,
                    -5.0
                ],
                "dimension": [
                    3.75,
                    2.1
                ],
                "orientation": 0.0
            }
        ],
        [
            {
                "position": [
                    15.75,
                    -5.0
                ],
                "dimension": [
                    3.75,
                    2.1
                ],
                "orientation": 0.0
            }
        ],
        [
            {
                "position": [
                    15.9375,
                    -5.0
                ],
                "dimension": [
                    3.75,
                    2.1
                ],
                "orientation": 0.0
            }
        ],
        [
            {
                "position": [
                    16.125,
                    -5.0
                ],
                "dimension": [
                    3.75,
                    2.1
                ],
                "orientation": 0.0
            }
        ],
        [
            {
                "position": [
                    16.3125,
                    -5.0
                ],
                "dimension": [
                    3.75,
                    2.1
                ],
                "orientation": 0.0
            }
        ],
        [
            {
                "position": [
                    16.5,
                    -5.0
                ],
                "dimension": [
                    3.75,
                    2.1
                ],
                "orientation": 0.0
            }
        ],
        [
            {
                "position": [
                    16.6875,
                    -5.0
                ],
                "dimension": [
                    3.75,
                    2.1
                ],
                "orientation": 0.0
            }
        ],
        [
            {
                "position": [
                    16.875,
                    -5.0
                ],
                "dimension": [
                    3.75,
                    2.1
                ],
                "orientation": 0.0
            }
        ],
        [
            {
                "position": [
                    17.0625,
                    -5.0
                ],
                "dimension": [
                    3.75,
                    2.1
                ],
                "orientation": 0.0
            }
        ],
        [
            {
                "position": [
                    17.25,
                    -5.0
                ],
                "dimension": [
                    3.75,
                    2.1
                ],
                "orientation": 0.0
            }
        ],
        [
            {
                "position": [
                    17.4375,
                    -5.0
                ],
                "dimension": [
                    3.75,
                    2.1
                ],
                "orientation": 0.0
            }
        ],
        [
            {
                "position": [
                    17.625,
                    -5.0
                ],
                "dimension": [
                    3.75,
                    2.1
                ],
                "orientation": 0.0
            }
        ],
        [
            {
                "position": [
                    17.8125,
                    -5.0
                ],
                "dimension": [
                    3.75,
                    2.1
                ],
                "orientation": 0.0
            }
        ],
        [
            {
                "position": [
                    18.0,
                    -5.0
                ],
                "dimension": [
                    3.75,
                    2.1
                ],
                "orientation": 0.0
            }
        ],
        [
            {
                "position": [
                    18.1875,
                    -5.0
                ],
                "dimension": [
                    3.75,
                    2.1
                ],
                "orientation": 0.0
            }
        ],
        [
            {
                "position": [
                    18.375,
                    -5.0
                ],
                "dimension": [
                    3.75,
                    2.1
                ],
                "orientation": 0.0
            }
        ],
        [
            {
                "position": [
                    18.5625,
                    -5.0
                ],
                "dimension": [
                    3.75,
                    2.1
                ],
                "orientation": 0.0
            }
        ],
        [
            {
                "position": [
                    18.75,
                    -5.0
                ],
                "dimension": [
                    3.75,
                    2.1
                ],
                "orientation": 0.0
            }
        ],
        [
            {
                "position": [
                    18.9375,
                    -5.0
                ],
                "dimension": [
                    3.75,
                    2.1
                ],
                "orientation": 0.0
            }
        ],
        [
            {
                "position": [
                    19.125,
                    -5.0
                ],
                "dimension": [
                    3.75,
                    2.1
                ],
                "orientation": 0.0
            }
        ],
        [
            {
                "position": [
                    19.3125,
                    -5.0
                ],
                "dimension": [
                    3.75,
                    2.1
                ],
                "orientation": 0.0
            }
        ],
        [
            {
                "position": [
                    19.5,
                    -5.0
                ],
                "dimension": [
                    3.75,
                    2.1
                ],
                "orientation": 0.0
            }
        ],
        [
            {
                "position": [
                    19.6875,
                    -5.0
                ],
                "dimension": [
                    3.75,
                    2.1
                ],
                "orientation": 0.0
            }
        ],
        [
            {
                "position": [
                    19.875,
                    -5.0
                ],
                "dimension": [
                    3.75,
                    2.1
                ],
                "orientation": 0.0
            }
        ],
        [
            {
                "position": [
                    20.0,
                    -5.0
                ],
                "dimension": [
                    3.75,
                    2.1
                ],
                "orientation": 0.0
            }
        ],
        [
            {
                "position": [
                    20.2625,
                    -5.0
                ],
                "dimension": [
                    3.75,
                    2.1
                ],
                "orientation": 0.0
            }
        ],
        [
            {
                "position": [
                    20.525,
                    -5.0
                ],
                "dimension": [
                    3.75,
                    2.1
                ],
                "orientation": 0.0
            }
        ],
        [
            {
                "position": [
                    20.7875,
                    -5.0
                ],
                "dimension": [
                    3.75,
                    2.1
                ],
                "orientation": 0.0
            }
        ],
        [
            {
                "position": [
                    21.05,
                    -5.0
                ],
                "dimension": [
                    3.75,
                    2.1
                ],
                "orientation": 0.0
            }
        ],
        [
            {
                "position": [
                    21.3125,
                    -5.0
                ],
                "dimension": [
                    3.75,
                    2.1
                ],
                "orientation": 0.0
            }
        ],
        [
            {
                "position": [
                    21.575,
                    -5.0
                ],
                "dimension": [
                    3.75,
                    2.1
                ],
                "orientation": 0.0
            }
        ],
        [
            {
                "position": [
                    21.8375,
                    -5.0
                ],
                "dimension": [
                    3.75,
                    2.1
                ],
                "orientation": 0.0
            }
        ],
        [
            {
                "position": [
                    22.1,
                    -5.0
                ],
                "dimension": [
                    3.75,
                    2.1
                ],
                "orientation": 0.0
            }
        ],
        [
            {
                "position": [
                    22.3625,
                    -5.0
                ],
                "dimension": [
                    3.75,
                    2.1
                ],
                "orientation": 0.0
            }
        ],
        [
            {
                "position": [
                    22.625,
                    -5.0
                ],
                "dimension": [
                    3.75,
                    2.1
                ],
                "orientation": 0.0
            }
        ],
        [
            {
                "position": [
                    22.8875,
                    -5.0
                ],
                "dimension": [
                    3.75,
                    2.1
                ],
                "orientation": 0.0
            }
        ],
        [
            {
                "position": [
                    23.15,
                    -5.0
                ],
                "dimension": [
                    3.75,
                    2.1
                ],
                "orientation": 0.0
            }
        ],
        [
            {
                "position": [
                    23.4125,
                    -5.0
                ],
                "dimension": [
                    3.75,
                    2.1
                ],
                "orientation": 0.0
            }
        ],
        [
            {
                "position": [
                    23.675,
                    -5.0
                ],
                "dimension": [
                    3.75,
                    2.1
                ],
                "orientation": 0.0
            }
        ],
        [
            {
                "position": [
                    23.9375,
                    -5.0
                ],
                "dimension": [
                    3.75,
                    2.1
                ],
                "orientation": 0.0
            }
        ],
        [
            {
                "position": [
                    24.2,
                    -5.0
                ],
                "dimension": [
                    3.75,
                    2.1
                ],
                "orientation": 0.0
            }
        ],
        [
            {
                "position": [
                    24.4625,
                    -5.0
                ],
                "dimension": [
                    3.75,
                    2.1
                ],
                "orientation": 0.0
            }
        ],
        [
            {
                "position": [
                    24.725,
                    -5.0
                ],
                "dimension": [
                    3.75,
                    2.1
                ],
                "orientation": 0.0
            }
        ],
        [
            {
                "position": [
                    24.9875,
                    -5.0
                ],
                "dimension": [
                    3.75,
                    2.1
                ],
                "orientation": 0.0
            }
        ],
        [
            {
                "position": [
                    25.25,
                    -5.0
                ],
                "dimension": [
                    3.75,
                    2.1
                ],
                "orientation": 0.0
            }
        ],
        [
            {
                "position": [
                    25.5125,
                    -5.0
                ],
                "dimension": [
                    3.75,
                    2.1
                ],
                "orientation": 0.0
            }
        ],
        [
            {
                "position": [
                    25.775,
                    -5.0
                ],
                "dimension": [
                    3.75,
                    2.1
                ],
                "orientation": 0.0
            }
        ],
        [
            {
                "position": [
                    26.0375,
                    -5.0
                ],
                "dimension": [
                    3.75,
                    2.1
                ],
                "orientation": 0.0
            }
        ],
        [
            {
                "position": [
                    26.3,
                    -5.0
                ],
                "dimension": [
                    3.75,
                    2.1
                ],
                "orientation": 0.0
            }
        ],
        [
            {
                "position": [
                    26.5625,
                    -5.0
                ],
                "dimension": [
                    3.75,
                    2.1
                ],
                "orientation": 0.0
            }
        ],
        [
            {
                "position": [
                    26.825,
                    -5.0
                ],
                "dimension": [
                    3.75,
                    2.1
                ],
                "orientation": 0.0
            }
        ],
        [
            {
                "position": [
                    27.0,
                    -5.0
                ],
                "dimension": [
                    3.75,
                    2.1
                ],
                "orientation": 0.0
            }
        ],
        [
            {
                "position": [
                    27.3,
                    -5.0
                ],
                "dimension": [
                    3.75,
                    2.1
                ],
                "orientation": 0.0
            }
        ],
        [
            {
                "position": [
                    27.6,
                    -5.0
                ],
                "dimension": [
                    3.75,
                    2.1
                ],
                "orientation": 0.0
            }
        ],
        [
            {
                "position": [
                    27.9,
                    -5.0
                ],
                "dimension": [
                    3.75,
                    2.1
                ],
                "orientation": 0.0
            }
        ],
        [
            {
                "position": [
                    28.2,
                    -5.0
                ],
                "dimension": [
                    3.75,
                    2.1
                ],
                "orientation": 0.0
            }
        ],
        [
            {
                "position": [
                    28.5,
                    -5.0
                ],
                "dimension": [
                    3.75,
                    2.1
                ],
                "orientation": 0.0
            }
        ],
        [
            {
                "position": [
                    28.8,
                    -5.0
                ],
                "dimension": [
                    3.75,
                    2.1
                ],
                "orientation": 0.0
            }
        ],
        [
            {
                "position": [
                    29.1,
                    -5.0
                ],
                "dimension": [
                    3.75,
                    2.1
                ],
                "orientation": 0.0
            }
        ],
        [
            {
                "position": [
                    29.4,
                    -5.0
                ],
                "dimension": [
                    3.75,
                    2.1
                ],
                "orientation": 0.0
            }
        ],
        [
            {
                "position": [
                    29.7,
                    -5.0
                ],
                "dimension": [
                    3.75,
                    2.1
                ],
                "orientation": 0.0
            }
        ],
        [
            {
                "position": [
                    30.0,
                    -5.0
                ],
                "dimension": [
                    3.75,
                    2.1
                ],
                "orientation": 0.0
            }
        ],
        [
            {
                "position": [
                    30.3,
                    -5.0
                ],
                "dimension": [
                    3.75,
                    2.1
                ],
                "orientation": 0.0
            }
        ],
        [
            {
                "position": [
                    30.6,
                    -5.0
                ],
                "dimension": [
                    3.75,
                    2.1
                ],
                "orientation": 0.0
            }
        ],
        [
            {
                "position": [
                    30.9,
                    -5.0
                ],
                "dimension": [
                    3.75,
                    2.1
                ],
                "orientation": 0.0
            }
        ],
        [
            {
                "position": [
                    31.2,
                    -5.0
                ],
                "dimension": [
                    3.75,
                    2.1
                ],
                "orientation": 0.0
            }
        ],
        [
            {
                "position": [
                    31.5,
                    -5.0
                ],
                "dimension": [
                    3.75,
                    2.1
                ],
                "orientation": 0.0
            }
        ],
        [
            {
                "position": [
                    31.8,
                    -5.0
                ],
                "dimension": [
                    3.75,
                    2.1
                ],
                "orientation": 0.0
            }
        ],
        [
            {
                "position": [
                    32.1,
                    -5.0
                ],
                "dimension": [
                    3.75,
                    2.1
                ],
                "orientation": 0.0
            }
        ],
        [
            {
                "position": [
                    32.4,
                    -5.0
                ],
                "dimension": [
                    3.75,
                    2.1
                ],
                "orientation": 0.0
            }
        ],
        [
            {
                "position": [
                    32.7,
                    -5.0
                ],
                "dimension": [
                    3.75,
                    2.1
                ],
                "orientation": 0.0
            }
        ],
        [
            {
                "position": [
                    33.0,
                    -5.0
                ],
                "dimension": [
                    3.75,
                    2.1
                ],
                "orientation": 0.0
            }
        ],
        [
            {
                "position": [
                    33.3,
                    -5.0
                ],
                "dimension": [
                    3.75,
                    2.1
                ],
                "orientation": 0.0
            }
        ],
        [
            {
                "position": [
                    33.6,
                    -5.0
                ],
                "dimension": [
                    3.75,
                    2.1
                ],
                "orientation": 0.0
            }
        ],
        [
            {
                "position": [
                    33.9,
                    -5.0
                ],
                "dimension": [
                    3.75,
                    2.1
                ],
                "orientation": 0.0
            }
        ],
        [
            {
                "position": [
                    34.2,
                    -5.0
                ],
                "dimension": [
                    3.75,
                    2.1
                ],
                "orientation": 0.0
            }
        ],
        [
            {
                "position": [
                    34.5,
                    -5.0
                ],
                "dimension": [
                    3.75,
                    2.1
                ],
                "orientation": 0.0
            }
        ],
        [
            {
                "position": [
                    34.8,
                    -5.0
                ],
                "dimension": [
                    3.75,
                    2.1
                ],
                "orientation": 0.0
            }
        ],
        [
            {
                "position": [
                    35.0,
                    -5.0
                ],
                "dimension": [
                    3.75,
                    2.1
                ],
                "orientation": 0.0
            }
        ],
        [
            {
                "position": [
                    35.5625,
                    -5.0
                ],
                "dimension": [
                    3.75,
                    2.1
                ],
                "orientation": 0.0
            }
        ],
        [
            {
                "position": [
                    36.125,
                    -5.0
                ],
                "dimension": [
                    3.75,
                    2.1
                ],
                "orientation": 0.0
            }
        ],
        [
            {
                "position": [
                    36.6875,
                    -5.0
                ],
                "dimension": [
                    3.75,
                    2.1
                ],
                "orientation": 0.0
            }
        ],
        [
            {
                "position": [
                    37.25,
                    -5.0
                ],
                "dimension": [
                    3.75,
                    2.1
                ],
                "orientation": 0.0
            }
        ],
        [
            {
                "position": [
                    37.8125,
                    -5.0
                ],
                "dimension": [
                    3.75,
                    2.1
                ],
                "orientation": 0.0
            }
        ],
        [
            {
                "position": [
                    38.375,
                    -5.0
                ],
                "dimension": [
                    3.75,
                    2.1
                ],
                "orientation": 0.0
            }
        ],
        [
            {
                "position": [
                    38.9375,
                    -5.0
                ],
                "dimension": [
                    3.75,
                    2.1
                ],
                "orientation": 0.0
            }
        ],
        [
            {
                "position": [
                    39.5,
                    -5.0
                ],
                "dimension": [
                    3.75,
                    2.1
                ],
                "orientation": 0.0
            }
        ],
        [
            {
                "position": [
                    40.0625,
                    -5.0
                ],
                "dimension": [
                    3.75,
                    2.1
                ],
                "orientation": 0.0
            }
        ],
        [
            {
                "position": [
                    40.625,
                    -5.0
                ],
                "dimension": [
                    3.75,
                    2.1
                ],
                "orientation": 0.0
            }
        ],
        [
            {
                "position": [
                    41.1875,
                    -5.0
                ],
                "dimension": [
                    3.75,
                    2.1
                ],
                "orientation": 0.0
            }
        ],
        [
            {
                "position": [
                    41.75,
                    -5.0
                ],
                "dimension": [
                    3.75,
                    2.1
                ],
                "orientation": 0.0
            }
        ],
        [
            {
                "position": [
                    42.3125,
                    -5.0
                ],
                "dimension": [
                    3.75,
                    2.1
                ],
                "orientation": 0.0
            }
        ],
        [
            {
                "position": [
                    42.875,
                    -5.0
                ],
                "dimension": [
                    3.75,
                    2.1
                ],
                "orientation": 0.0
            }
        ],
        [
            {
                "position": [
                    43.4375,
                    -5.0
                ],
                "dimension": [
                    3.75,
                    2.1
                ],
                "orientation": 0.0
            }
        ],
        [
            {
                "position": [
                    44.0,
                    -5.0
                ],
                "dimension": [
                    3.75,
                    2.1
                ],
                "orientation": 0.0
            }
        ],
        [
            {
                "position": [
                    44.5625,
                    -5.0
                ],
                "dimension": [
                    3.75,
                    2.1
                ],
                "orientation": 0.0
            }
        ],
        [
            {
                "position": [
                    45.125,
                    -5.0
                ],
                "dimension": [
                    3.75,
                    2.1
                ],
                "orientation": 0.0
            }
        ],
        [
            {
                "position": [
                    45.6875,
                    -5.0
                ],
                "dimension": [
                    3.75,
                    2.1
                ],
                "orientation": 0.0
            }
        ],
        [
            {
                "position": [
                    46.25,
                    -5.0
                ],
                "dimension": [
                    3.75,
                    2.1
                ],
                "orientation": 0.0
            }
        ],
        [
            {
                "position": [
                    46.8125,
                    -5.0
                ],
                "dimension": [
                    3.75,
                    2.1
                ],
                "orientation": 0.0
            }
        ],
        [
            {
                "position": [
                    47.375,
                    -5.0
                ],
                "dimension": [
                    3.75,
                    2.1
                ],
                "orientation": 0.0
            }
        ],
        [
            {
                "position": [
                    47.9375,
                    -5.0
                ],
                "dimension": [
                    3.75,
                    2.1
                ],
                "orientation": 0.0
            }
        ],
        [
            {
                "position": [
                    48.5,
                    -5.0
                ],
                "dimension": [
                    3.75,
                    2.1
                ],
                "orientation": 0.0
            }
        ],
        [
            {
                "position": [
                    49.0625,
                    -5.0
                ],
                "dimension": [
                    3.75,
                    2.1
                ],
                "orientation": 0.0
            }
        ],
        [
            {
                "position": [
                    49.625,
                    -5.0
                ],
                "dimension": [
                    3.75,
                    2.1
                ],
                "orientation": 0.0
            }
        ],
        [
            {
                "position": [
                    49.625,
                    -5.0
                ],
                "dimension": [
                    3.75,
                    2.1
                ],
                "orientation": 0.0
            }
        ],
        [
            {
                "position": [
                    49.625,
                    -5.0
                ],
                "dimension": [
                    3.75,
                    2.1
                ],
                "orientation": 0.0
            }
        ],
        [
            {
                "position": [
                    49.625,
                    -5.0
                ],
                "dimension": [
                    3.75,
                    2.1
                ],
                "orientation": 0.0
            }
        ],
        [
            {
                "position": [
                    49.625,
                    -5.0
                ],
                "dimension": [
                    3.75,
                    2.1
                ],
                "orientation": 0.0
            }
        ],
        [
            {
                "position": [
                    49.625,
                    -5.0
                ],
                "dimension": [
                    3.75,
                    2.1
                ],
                "orientation": 0.0
            }
        ],
        [
            {
                "position": [
                    49.625,
                    -5.0
                ],
                "dimension": [
                    3.75,
                    2.1
                ],
                "orientation": 0.0
            }
        ],
        [
            {
                "position": [
                    49.625,
                    -5.0
                ],
                "dimension": [
                    3.75,
                    2.1
                ],
                "orientation": 0.0
            }
        ],
        [
            {
                "position": [
                    49.625,
                    -5.0
                ],
                "dimension": [
                    3.75,
                    2.1
                ],
                "orientation": 0.0
            }
        ],
        [
            {
                "position": [
                    49.625,
                    -5.0
                ],
                "dimension": [
                    3.75,
                    2.1
                ],
                "orientation": 0.0
            }
        ],
        [
            {
                "position": [
                    49.625,
                    -5.0
                ],
                "dimension": [
                    3.75,
                    2.1
                ],
                "orientation": 0.0
            }
        ],
        [
            {
                "position": [
                    49.625,
                    -5.0
                ],
                "dimension": [
                    3.75,
                    2.1
                ],
                "orientation": 0.0
            }
        ],
        [
            {
                "position": [
                    49.625,
                    -5.0
                ],
                "dimension": [
                    3.75,
                    2.1
                ],
                "orientation": 0.0
            }
        ],
        [
            {
                "position": [
                    49.625,
                    -5.0
                ],
                "dimension": [
                    3.75,
                    2.1
                ],
                "orientation": 0.0
            }
        ],
        [
            {
                "position": [
                    49.625,
                    -5.0
                ],
                "dimension": [
                    3.75,
                    2.1
                ],
                "orientation": 0.0
            }
        ],
        [
            {
                "position": [
                    49.625,
                    -5.0
                ],
                "dimension": [
                    3.75,
                    2.1
                ],
                "orientation": 0.0
            }
        ],
        [
            {
                "position": [
                    49.625,
                    -5.0
                ],
                "dimension": [
                    3.75,
                    2.1
                ],
                "orientation": 0.0
            }
        ],
        [
            {
                "position": [
                    49.625,
                    -5.0
                ],
                "dimension": [
                    3.75,
                    2.1
                ],
                "orientation": 0.0
            }
        ],
        [
            {
                "position": [
                    49.625,
                    -5.0
                ],
                "dimension": [
                    3.75,
                    2.1
                ],
                "orientation": 0.0
            }
        ],
        [
            {
                "position": [
                    49.625,
                    -5.0
                ],
                "dimension": [
                    3.75,
                    2.1
                ],
                "orientation": 0.0
            }
        ],
        [
            {
                "position": [
                    49.625,
                    -5.0
                ],
                "dimension": [
                    3.75,
                    2.1
                ],
                "orientation": 0.0
            }
        ],
        [
            {
                "position": [
                    49.625,
                    -5.0
                ],
                "dimension": [
                    3.75,
                    2.1
                ],
                "orientation": 0.0
            }
        ]
    ],
    "costSum": 789.070002228039,
    "costSumWeighted": 773.8393871412452
}